Ts_L4,T_return,mf_return,P_l1,P_l2,P_l3,P_l4,u_tb
79.99,64.99,2.26190703717215,-34576.0789961249,-33060.9479618137,-32360.2405314816,-33257.7579101869,74.7693860953908
74.2314042027999,64.8135901924242,3.44959174749689,-34517.2876563445,-33123.6800939562,-32284.0191480699,-33264.8917889236,74.7390476512258
74.4376366733691,64.8098177957813,3.36632198589312,-34428.7288876587,-33047.2390647468,-32379.5896940423,-33310.8372838498,74.7162069063482
74.4608376920936,64.8092526804159,3.36041718295217,-34471.2844336973,-33057.381656581,-32357.5694352768,-33306.0515160472,74.7594378414704
74.5106318706875,64.808289667982,3.34371462354772,-34508.9884777629,-33082.6320117261,-32330.1846703162,-33299.8177768276,74.7139453620244
74.466729745606,64.8091875960769,3.35684475982312,-34470.7861500432,-33058.6879743682,-32340.6515075945,-33248.2602889151,74.731330117645
74.4837647622246,64.8087123606681,3.34947405160678,-34482.7154962204,-33076.9888918232,-32285.0668335196,-33229.8868443261,74.7025712039221
74.4563812479224,64.8091925636705,3.36119946908763,-34494.1694259224,-33046.180068013,-32317.3949254536,-33287.5365307354,74.6957019335139
74.4495699670702,64.8094322353628,3.36607601022059,-34546.1148878737,-33050.86210912,-32351.5574939811,-33296.9834304809,74.7427973879556
74.4958325053937,64.8086638509564,3.34734730025567,-34508.9210771125,-33107.936865471,-32271.6460229182,-33266.8231807086,74.7663367570834
74.5190190851326,64.8080719027716,3.33797023664421,-34468.715422594,-33068.809443848,-32328.9635474717,-33237.4221405541,74.7551226826356
74.5075265219406,64.8082089191755,3.34343981431012,-34438.2230221911,-33116.594204319,-32347.6984772256,-33258.1852494869,74.7220467407395
74.4746631108742,64.8089389334256,3.35447017573716,-34486.5599675996,-33026.1833139619,-32385.4734899531,-33239.8626295488,74.7011930288499
74.4542984327509,64.8093160366556,3.35864401289163,-34420.2810136278,-33094.4475902313,-32210.8457857696,-33292.4850352097,74.7239097014753
74.4766739803279,64.8087167394144,3.3502047121041,-34407.3352151091,-33070.1566461555,-32179.5239218491,-33348.3712489451,74.7195186575835
74.4727366225207,64.8087694631209,3.35074585121082,-34398.677990761,-33018.9589363349,-32233.3272770186,-33311.1447376902,74.7035163590978
74.4572077999074,64.8090167338835,3.36141091344856,-34430.2505119542,-33070.7827197451,-32270.2267561821,-33395.9829410524,74.7064682782664
74.4597987327859,64.8092667134731,3.35442876971841,-34374.1720077856,-33057.1296741422,-32200.833818421,-33291.9928042252,74.7189529150023
74.4725809614548,64.8086688491279,3.35199781184565,-34379.0105976249,-33040.078241384,-32215.499113843,-33377.4396816148,74.7486817714581
74.5009305895693,64.8082241047853,3.33860744136107,-34334.3506102382,-33009.8651456161,-32203.1212467135,-33331.4812576698,74.7768517539892
74.5285233568441,64.8074746442117,3.33122019146917,-34338.3987935962,-33099.1948234807,-32215.8266685137,-33318.5628351451,74.6787096797347
74.4322088722078,64.8095213828507,3.36510915262723,-34372.8655912617,-33076.7277551349,-32169.9628266085,-33331.4860995695,74.6919525140424
74.4453473771733,64.8092503316525,3.36087330647734,-34407.016805428,-33073.5077383784,-32185.5543799196,-33316.9143510319,74.7535669423333
74.5060440850775,64.8080791006251,3.34121413208306,-34425.0661920106,-33068.5920520887,-32243.5473501245,-33322.1616635588,74.6720303318087
74.4260101860718,64.8097763635819,3.36783604508406,-34433.5352679984,-33004.7010941943,-32211.8426379678,-33322.8092449996,74.7149745294161
74.4681425984555,64.8088274368659,3.42374136446073,-34795.3262787894,-34457.5276334478,-33365.6134488474,-33227.505995077,74.7337897640493
74.4861007090782,64.8124885895717,3.41911692276723,-34801.0153178268,-34475.841643634,-33327.5314450482,-33282.3063089913,74.7506635313481
74.5063430144961,64.8121394065979,3.41267623768749,-34788.454710909,-34563.2145594375,-33308.7160827516,-33255.2628171096,74.7116883821125
74.4687866987149,64.812908015955,3.42753547812774,-34797.1702692337,-34517.9618774261,-33396.9481989381,-33247.1833874095,74.6979891541028
74.4556361744858,64.813230404414,3.4305207319287,-34838.0350150183,-34453.4588102843,-33285.6145125289,-33313.5023351124,74.6590470901988
74.4179120952829,64.8138764661321,3.44382405068714,-34767.0768279101,-34475.5791190449,-33302.8560373978,-33323.0147862669,74.7197350165944
74.4774039908025,64.8126950683663,3.42250837058368,-34768.1584912028,-34492.5179672228,-33373.6801110868,-33261.3736198735,74.731243568552
74.4883896911709,64.8124860154126,3.42297128223996,-34825.5368345628,-34532.0706303313,-33367.3293737718,-33344.624122672,74.7598662715998
74.5161352182324,64.8122002575892,3.41038226172756,-34770.993459195,-34522.1439572511,-33338.3688235516,-33332.2570400289,74.7499956860681
74.5068051867922,64.8122364731929,3.41361365986908,-34784.3263136731,-34505.9010254492,-33364.7245303283,-33297.7961462863,74.7116961429805
74.4690576604193,64.8129616842364,3.42796305721402,-34768.4337840649,-34531.2638432879,-33428.7213179577,-33251.6855118588,74.7022393601648
74.4598706736084,64.8131993493918,3.43013703479418,-34764.3423049872,-34530.230347883,-33367.5422263023,-33274.7195681821,74.7796769575617
74.5360525743732,64.8116348748342,3.73813974668394,-34791.2025023797,-46814.9097339775,-33347.9815244092,-34672.6742347981,74.7202917945889
74.4731632549015,64.8299691400671,3.76588472085899,-34777.0012518951,-46762.698515898,-33315.0117949093,-34664.0667566435,74.7476048027543
74.5211207545391,64.8289461306601,3.74544563274154,-34721.1142392765,-46793.6739863592,-33335.3003614764,-34566.3415748993,74.7450774672855
74.5205315396539,64.8288071237861,3.74810364677313,-34793.3540271429,-46799.0759680226,-33283.9917055074,-34641.4856241234,74.7202551323264
74.496544494132,64.8293746815731,3.7552940534125,-34683.2338376131,-46817.676690538,-33257.7912782629,-34655.3854182697,74.7078172478597
74.4846083243553,64.8294565540132,3.76179834677837,-34732.5923732083,-46756.1624086063,-33361.8944648183,-34641.0109900378,74.7065281201866
74.483200552607,64.829563681709,3.76278544564865,-34867.1663843194,-46858.6087534967,-33221.0960871794,-34566.3434183808,74.6975432397262
74.4746048256669,64.8297651787099,3.7670145347981,-34770.7287972528,-46829.0090918512,-33279.8402413026,-34657.6377232244,74.7387188366607
74.515157807399,64.8290464888368,3.74976898295918,-34819.2587796099,-46814.3835053764,-33270.6918913428,-34597.5175423129,74.7129545792867
74.489615569485,64.8294614487971,3.76272946863668,-34788.7215494665,-46834.8367271715,-33321.602529,-34663.9226080097,74.7113983551087
74.4879932971452,64.8296127183463,3.75844245194376,-34749.3435141224,-46748.4322211751,-33291.3164543089,-34622.0195684027,74.7327896887572
74.5093302767444,64.8290041155233,3.75368569363624,-34810.3053095243,-46846.8836801599,-33299.8706773666,-34611.7421713222,74.7226739149601
74.499078517536,64.8293695999016,3.94029870040022,-35368.1304086532,-42162.0772214051,-33564.0393404883,-45877.3882244114,74.7559357264021
74.5411551911203,64.8368424142463,3.92900670645527,-35322.1172413109,-42146.0193733541,-33506.2805002973,-45954.1303705314,74.744864797992
74.537537480388,64.8368308052274,3.93082492899782,-35348.5215508567,-42181.8504556689,-33478.2628290928,-45931.6317765943,74.7097343269648
74.5031370118414,64.8374229885316,3.94467335485713,-35375.2562880442,-42166.4474845247,-33458.8912069518,-45933.9006353563,74.7429828033256
74.5377056615395,64.8368430749238,3.93002143664017,-35381.8333717078,-42158.1875579388,-33471.9599583454,-45901.9119436215,74.7314041562565
74.5258027778804,64.8370129023407,3.93370754792772,-35301.8031798955,-42185.3103952001,-33450.9866201265,-45925.7025823415,74.6931263353177
74.4877626998936,64.8376097532205,3.95366026078151,-35378.8036352273,-42199.629877779,-33489.0892420207,-45965.7272939948,74.7327435635113
74.5277957730267,64.8371132740712,3.93295237314594,-35358.4695652037,-42155.260372079,-33452.4294258604,-45898.6383859535,74.7265001432301
74.521341741341,64.8370403215018,3.94035293188792,-35363.3802587304,-42235.0299232224,-33438.3822953297,-46023.3640874104,74.7431524154513
74.5376672814542,64.8369719267948,3.92975917108388,-35393.0117228162,-42193.4936123252,-33436.3218146483,-45876.1056140619,74.7257036381739
74.5202090092073,64.8370926546288,3.93646642069852,-35384.1843227277,-42093.4878007506,-33486.2721601184,-45918.1692678408,74.7004064068456
74.4950793533424,64.8375036206947,3.95028077114877,-35367.379461128,-42230.4554646322,-33501.6158462391,-45920.2698431079,74.7196523614596
74.5146552894041,64.8373215040383,4.24821366991367,-43214.2564399389,-40827.1771717838,-43815.0399397105,-41617.5618013211,74.7358842568884
74.5220372953776,64.8490276704928,4.25122455145967,-43295.7541902657,-40762.4005126793,-43855.3421789917,-41668.2392539482,74.7205134321433
74.5216509808983,64.8491438528172,4.24956707765401,-43128.1325242383,-40911.6260037446,-43792.1803084335,-41645.8521183697,74.6752161633879
74.4794417658129,64.849726820519,4.27291890428039,-43233.8700336752,-40905.0400340696,-43792.0548897672,-41721.0275159662,74.7072713249602
74.5124296830919,64.8493389457821,4.2552799910847,-43225.0526379574,-40855.2524723166,-43826.538217217,-41632.3329789726,74.7374586053403
74.5423717523311,64.8487799667251,4.24383685382638,-43235.7415690931,-40909.8097830879,-43799.6992511675,-41674.2962022038,74.7351741120144
74.5394360093852,64.848894820675,4.24730949513387,-43296.2316101904,-40891.8250711031,-43839.2310846723,-41676.0704421843,74.7123334147026
74.5166346015026,64.8493281593699,4.26077249823321,-43275.676092009,-40997.2983158342,-43802.3752369715,-41759.6890624158,74.7643198459174
74.568842643922,64.8486259318074,4.23041591450785,-43181.4265929149,-40785.5005996475,-43890.9676933153,-41685.2718993748,74.7551088109879
74.5593962477843,64.8485103529546,4.23249137808446,-43193.4438264039,-40817.0773083407,-43780.4584052359,-41668.3246109131,74.7346394078474
74.5385955623275,64.8487643422702,4.24828712586133,-43283.2015434754,-40934.8591105714,-43824.1311070662,-41687.4256476837,74.6971570822167
74.5011072681791,64.849595242918,4.26127294511079,-43240.0631268094,-40896.0092346718,-43759.4185344549,-41674.9958727885,74.7811560699819
74.5859227940223,64.8481094456931,3.66669079478496,-36040.4086181894,-38300.5020653574,-31914.2753585672,-40584.7334550096,74.7072175550678
74.5183370081883,64.8260040042722,3.6824844499357,-36078.6221008298,-38315.408597958,-31867.3025831893,-40478.0685824243,74.7074580888189
74.4915475963236,64.8263304194342,3.69389423704932,-36056.4743109189,-38301.2552475855,-31937.7179229349,-40507.9203024772,74.6952696417974
74.4754010071113,64.826710782289,3.69988807297364,-36037.162597736,-38298.3541782164,-31933.6651931484,-40523.3084452836,74.7530662517395
74.5322927503819,64.825669536748,3.6780342789549,-36077.2941362997,-38268.0249978571,-31950.3400684982,-40509.4558799325,74.7350188718706
74.5135799378381,64.8260119585799,3.68566096544068,-36024.8558021979,-38302.7320953271,-31979.2092291327,-40510.981481443,74.7385194272122
74.5170237873766,64.8259710413686,3.68413695677707,-36081.9587736757,-38257.8368270505,-31948.8107342642,-40523.3913302369,74.7204536699047
74.4992105614091,64.8262827009753,3.69278320452263,-36116.1896640356,-38305.3478740029,-31918.5096205266,-40540.4915478289,74.744612997785
74.5232762121477,64.8259348743597,3.68248840545259,-36119.1302751632,-38300.7908593634,-31881.4128149989,-40541.665257708,74.7279059599099
74.5066897842178,64.8261808214862,3.68653950860879,-36070.2671747244,-38263.2590390602,-31890.8094224299,-40519.4490042613,74.733767685706
74.5125974652501,64.8259643334843,3.68837472480169,-36097.3806513953,-38323.2265796668,-31969.4766388536,-40524.8372069695,74.7392118635171
74.5176863895147,64.8260748492397,3.68619214115754,-36099.6865911493,-38374.3935692246,-31955.2590453686,-40474.8882067743,74.7166857032163
74.4954972663167,64.8264569248865,4.24508762553844,-44230.9313212304,-37897.0019828082,-49047.0571747211,-38116.5412297371,74.7693878507172
74.5375340302678,64.8485545216055,4.23808000317822,-44255.0743750045,-37956.6683538395,-49060.2607711672,-38153.9403952281,74.7054426465314
74.5008969548607,64.8492873089956,4.24765708337453,-44103.9336464467,-37910.0170973914,-48992.5307054119,-38074.805107287,74.7383043445593
74.5390702885738,64.8483786167231,4.23580957946635,-44231.1792843794,-37949.6158356185,-49047.5505642929,-38067.1767887486,74.7140462497212
74.5147976666935,64.848952761903,4.24285309016949,-44114.5887848903,-37957.0394635658,-48993.5638171958,-38066.0064873471,74.7440141572836
74.5452640865352,64.8483215145615,4.235331361523,-44265.9529049643,-37974.7782946313,-48997.9140560685,-38148.2081657369,74.717615106345
74.5184232605141,64.848977433783,4.24392746495254,-44154.9624829433,-37933.6391414671,-48962.6204215543,-38186.5992976901,74.6989686546689
74.5006880250823,64.8491268090736,4.24938262141687,-44168.0880604757,-37900.6128780246,-48965.7982739521,-38106.0138573451,74.742078547706
74.5436640300694,64.8483580632372,4.23284031507969,-44220.1467978999,-37958.025889003,-49009.7000360416,-38066.812514827,74.7357985415178
74.5366311392935,64.848568595992,4.23890551475453,-44255.3125369365,-37947.1999012912,-49022.2616195504,-38144.6795982761,74.702498180496
74.5036041648798,64.8491931697411,4.24980168111436,-44182.3302474931,-37944.3624291272,-48981.7087523715,-38099.2977949192,74.7241550436875
74.5257232925925,64.8487009091555,4.24192129416769,-44197.1311247874,-37909.5680363039,-49083.4754641417,-38110.3134011826,74.7107645322524
74.5121519530056,64.8489970891943,3.8961256386381,-37741.6531867245,-42743.5607062698,-36727.0925878569,-37799.1735573207,74.7378781330738
74.5463215720761,64.8345632466905,3.87323956510951,-37755.0214609026,-42629.7134492347,-36625.8210205451,-37832.374384593,74.7467752224221
74.5362858431925,64.834555477452,3.8812332121887,-37775.3666367342,-42718.6377403804,-36722.0413892788,-37823.3043000692,74.7514642212723
74.5373755040088,64.8347490033483,3.87558704650437,-37727.3240239763,-42695.8866908883,-36630.9598266061,-37776.5923395621,85.1886804210215
84.7216507198598,64.6609096177484,1.86402839674645,-37766.3250934321,-42648.3220503813,-36633.5466458802,-37811.7310788611,85.1946026862201
84.7188511847964,64.65887918511,1.87704100501152,-37728.4490978546,-42779.6945837195,-36625.4901300634,-37861.1600040256,85.1826331799816
84.6583717875011,64.6603742303154,1.88217442329583,-37805.3821241446,-42769.9808537789,-36657.607640539,-37763.3013260968,85.177761646101
84.6445641416104,64.6606990049257,1.88228592086783,-37699.574660584,-42781.6759353014,-36663.234200402,-37775.5636765355,85.2433138882916
84.6969752075955,64.6596486402208,1.87779305418057,-37785.4998252862,-42770.3986770834,-36585.2880225636,-37863.5160044443,85.1777221552187
84.656871706643,64.6604261448925,1.88119085965374,-37729.598070796,-42751.755995301,-36621.9919640127,-37785.1800814341,85.2128786003198
84.6739135470238,64.6599459487257,1.87925414037388,-37774.8409094498,-42711.1811965851,-36649.2640469619,-37785.3433752516,85.2044431738928
84.6723171718674,64.6600183607915,1.8785309620067,-37757.1822704375,-42678.3652069896,-36658.4845667565,-37731.8583974106,85.1886583773329
84.6581875541432,64.6600481341474,1.90264436892551,-37555.3295822502,-40583.0322422008,-36381.5368575619,-42179.4579779657,85.2362633772495
84.7052208296233,64.6634114561629,1.89839635233059,-37472.6530759542,-40511.7535221115,-36412.4387789625,-42280.9792736108,85.2123968796038
84.6944168371463,64.663563353535,1.90209900480136,-37594.3390777284,-40580.2265359636,-36420.0790204051,-42278.222926582,85.235767865077
84.7122969286287,64.6637266722135,1.89716309270762,-37606.4420897993,-40529.7067229231,-36367.8677772549,-42116.6887262049,85.185692697358
84.6747094468205,64.663737551907,1.90279681641447,-37580.1020350517,-40615.4954131023,-36400.3129866675,-42166.7580424218,85.2080350270892
84.6842413388587,64.6639561838239,1.90141767782459,-37610.8029578727,-40566.9309131445,-36379.8857010356,-42193.1172589945,85.1784170015513
84.6646627359937,64.6642101459153,1.90228461342309,-37563.5213087405,-40600.5052439481,-36308.7696342557,-42174.2908293641,85.1792614918909
84.6602754494507,64.6640963076141,1.90337630676614,-37597.8937758002,-40546.6646306772,-36336.4616275072,-42232.0777846864,85.1923152987815
84.6708518490854,64.6640741689222,1.9007483541015,-37465.4556801888,-40566.323353278,-36372.8265498839,-42179.6831207777,85.2473450969282
84.7186755350244,64.6630427236434,1.89602190283855,-37532.6120920819,-40603.8918350168,-36297.7345119641,-42156.5335745248,85.2263790713028
84.708961942946,64.6631837318713,1.89626757557987,-37533.9674194955,-40508.9574440327,-36306.7662416134,-42157.4568713098,85.2140566251254
84.6959581809665,64.6631742832511,1.90007012922937,-37592.4920293963,-40513.6077800678,-36344.0471559044,-42270.1666217111,85.2628246657617
84.7357507771635,64.6629451667754,1.96423671808838,-40677.3422435968,-41173.6346705351,-40335.3655953143,-40198.6354666651,85.2275979529246
84.7059124143011,64.6750870923427,1.96776842148893,-40623.8904741921,-41260.5415959178,-40392.8543899634,-40153.6556912355,85.2109960285717
84.7017154085286,64.6751731554996,1.96815131028162,-40587.6364011753,-41339.9550013271,-40298.4271198972,-40210.4319320168,85.1932430065965
84.6876718780496,64.6754029475724,1.96985530345503,-40653.9270403213,-41250.2134700755,-40387.5859441479,-40163.5753545578,85.2474133022511
84.7299462475972,64.6747587051566,1.96416158365243,-40595.4395592536,-41236.9163157018,-40360.8758227131,-40180.2305749105,85.2092576534869
84.7068701604713,64.6750739110609,1.96590661777065,-40599.9347099122,-41189.2732068878,-40318.8718603218,-40164.0460985358,85.2028117015833
84.6954105202883,64.6749763398374,1.96689395879058,-40610.7053653114,-41177.4593432504,-40372.0866706426,-40119.3404000516,85.1908193298903
84.6843602041307,64.6751592300942,1.97059200334258,-40617.7884225541,-41328.1698522778,-40332.3235708729,-40214.3778980011,85.1927028202035
84.6838295856438,64.6756068218786,1.96827752445199,-40576.6068549085,-41167.1443403148,-40344.5935712949,-40214.8516522944,85.1975526949889
84.6885403521829,64.6751558193109,1.96878510078548,-40595.1954712514,-41216.6045783916,-40414.7810048431,-40159.4516091807,85.2044645035893
84.6942858131864,64.6752444296445,1.96912201142267,-40636.1459957494,-41182.4850869178,-40417.2948989327,-40227.4834097402,85.1834146740991
84.6792912769224,64.6755978336943,1.96845985464697,-40600.6649093346,-41180.353867169,-40320.892165798,-40165.91894796,85.1992772666076
84.6885077847066,64.6750668163363,1.91831994800326,-39219.8384496577,-39675.9970146557,-38491.1088585949,-40825.5763293196,85.1959794336463
84.6891014378637,64.6668702320075,1.91873365305823,-39265.3340666202,-39633.8968687473,-38541.1640282893,-40789.6190475642,85.1821805275368
84.669003119348,64.6672135421283,1.91929101998824,-39224.4882352683,-39628.7154742854,-38476.5616540994,-40780.9013684537,85.2331112038615
84.708080708417,64.6662913458486,1.91862467670576,-39245.757949253,-39750.6825131517,-38547.1544015007,-40858.4595596987,85.1906922954369
84.6787728341299,64.6674382373723,1.91966950973301,-39197.4647347366,-39639.4605445183,-38581.6481116255,-40791.6241529184,85.1841910645112
84.6676350264752,64.6672256961918,1.92237934898217,-39277.2487249845,-39741.9228887214,-38511.4784894563,-40830.4632911887,85.187490861772
84.6693257995523,64.6675037035501,1.92108336675797,-39169.6318608772,-39703.6105829088,-38590.2667384301,-40807.9968989029,85.2135538701189
84.6906666888397,64.6669864966414,1.91775563531538,-39183.4670925346,-39691.3608299698,-38501.7173491678,-40803.1703770395,85.1834488255483
84.6700957685828,64.6671266032638,1.92109018776965,-39241.1241365593,-39753.2508287322,-38515.7403175555,-40753.9955878741,85.2443306377035
84.7165598803077,64.6665569620557,1.91683198236965,-39182.2251448219,-39719.1139199745,-38595.4530987702,-40829.6856625197,85.2118073796308
84.6986022130763,64.6669053658186,1.91858839934706,-39207.3049087788,-39770.3318207628,-38498.3569609891,-40809.8887768227,85.2161337266776
84.6970233492323,64.666874882153,1.91774471328274,-39207.2531812043,-39703.9934917272,-38533.2540330745,-40774.8428604131,85.2018859654634
84.6865423218856,64.666901665492,1.92000826719409,-39702.9266915109,-40124.4043898606,-39052.3343451481,-39436.2394918786,66.516890576493
66.119715809955,62.5802352447749,10.4641176404936,-39636.4274252554,-40074.8619478068,-39114.763890005,-39399.3670967365,66.4929821030173
66.341511374399,62.6601541630068,10.4641176404936,-39640.3915774559,-40086.3385361625,-39083.4123927131,-39459.6373248338,66.4615677494818
66.3832237263583,62.712799500326,10.4641176404936,-39604.3261518073,-40087.8075121204,-39048.3246018131,-39368.6536893539,66.4457906808514
66.3766391923874,62.7114005965007,10.4641176404936,-39621.4855030079,-40028.0213882773,-39107.2064412672,-39351.1637795417,66.4859616648671
66.4197724978216,62.7548408050991,10.4641176404936,-39658.9573581753,-40090.7772290257,-39094.9949819489,-39390.1005469713,66.4753825123362
66.4078229625656,62.7399306244558,10.4641176404936,-39574.4360446245,-40054.8599060105,-39105.4895606402,-39323.3001879404,66.5317924683392
66.4665743070977,62.8028316450649,10.4641176404936,-39553.0414940334,-39962.2435612383,-39095.1637480067,-39323.6928933703,66.5087426539285
66.4413255109983,62.780278308821,10.4641176404936,-39587.4561986384,-40097.2751223771,-39112.8933124274,-39412.2894394328,66.5207036078338
66.4533278052008,62.7859271440336,10.4641176404936,-39690.943632363,-39996.7590935871,-39126.1586859248,-39377.2379461812,66.4847619847131
66.4164677750056,62.7494918741526,10.4641176404936,-39635.4524433744,-40031.6940974435,-39113.1444764066,-39410.2083446322,66.4715816987657
66.4037219980272,62.736788199098,10.4641176404936,-39642.4819983192,-40107.5254261028,-39114.4929098057,-39401.2631005361,66.477875970676
66.4107022155436,62.7421076795601,10.4641176404936,-38680.2858727289,-41614.1953101004,-37903.078369404,-39729.2679448732,66.4958051828879
66.4297571250682,62.7690257404127,10.4641176404936,-38664.4286193454,-41582.8283419583,-37775.5615677161,-39743.1468651203,66.4932731546918
66.4264892529686,62.7693659037785,10.4641176404936,-38688.3886258255,-41683.4194719826,-37886.7063829383,-39777.3604690215,66.4657424443778
66.3973193997612,62.7338810202492,10.4641176404936,-38750.9544730127,-41729.6086588458,-37810.3060356787,-39707.1214142648,66.4716956754205
66.4046198466477,62.7421558923708,10.4641176404936,-38721.4194320841,-41598.6227459616,-37832.5901218888,-39764.1943054731,66.4935708791986
66.4272836564683,62.7667443228796,10.4641176404936,-38687.0856346066,-41580.6752654058,-37762.546092161,-39754.6852148718,66.4889772668868
66.4220332672127,62.7644524004911,10.4641176404936,-38718.786318776,-41664.4615076508,-37792.8396263508,-39769.1501782313,66.4322022289905
66.3630480595721,62.7016923220311,10.4641176404936,-38628.7368613651,-41593.7219641726,-37799.5731543547,-39754.1884629077,66.5149197812932
66.4501781492451,62.7929730545034,10.4641176404936,-38659.0969769328,-41620.1876674969,-37819.2867171837,-39734.8390042839,66.4635287077356
66.3950236714791,62.7362607346857,10.4641176404936,-38659.6732221282,-41561.231692088,-37791.2426950841,-39809.3992919987,66.4686632301455
66.4014837155818,62.7430098355073,10.4641176404936,-38668.6272031197,-41650.2634669395,-37802.7547023646,-39818.1020170174,66.4981182800101
66.431687370073,62.7705882158897,10.4641176404936,-38605.8322106459,-41643.8351713641,-37795.5260648906,-39719.8469103796,66.5022775694974
66.4356746202995,62.77856495694,10.4641176404936,-38993.7728922882,-40306.8159260346,-38154.6734573712,-41159.6968760745,66.4845397260228
66.4152835838279,62.7384965297297,10.4641176404936,-38924.62331968,-40254.9708751658,-38170.6169850412,-41183.8010702358,66.5421835117929
66.4765647195412,62.8018981607966,10.4641176404936,-38867.0491844683,-40367.5648917818,-38133.7613902806,-41215.1831840454,66.4792093933005
66.4102179228426,62.7342932742255,10.4641176404936,-38943.3395227951,-40363.4956829773,-38046.6633417276,-41253.1814839347,66.4928146425761
66.4257406655855,62.7493741821473,10.4641176404936,-38945.001074679,-40343.2796633521,-38134.4879561042,-41122.7784707191,66.4397325974559
66.3710683544714,62.6960711607885,10.4641176404936,-38938.847549792,-40309.3279426,-38152.3595939272,-41153.1859728392,66.49716386339
66.4315128377478,62.7564500434328,10.4641176404936,-38932.3648358679,-40300.9727767141,-38108.0234436045,-41220.9724373549,66.4499510232049
66.3815802153978,62.7062211081497,10.4641176404936,-38872.2821412887,-40304.1148938986,-38204.8224867953,-41176.3908300262,66.54774107138
66.4832576842134,62.8081213326898,10.4641176404936,-38932.0314369839,-40324.0043429537,-38074.2440014473,-41166.4091241078,66.470684949887
66.4016009812026,62.727674406358,10.4641176404936,-38910.7895674607,-40347.5625729854,-38177.5429022318,-41185.3206322656,66.4335090089725
66.3646848301718,62.6879021795941,10.4641176404936,-38930.5720810722,-40344.8478322556,-38163.8658832791,-41204.0601297514,66.5448373635453
66.4805463628858,62.8032602360321,10.4641176404936,-38894.7819819856,-40310.8089370634,-38194.1148671252,-41205.6771727867,66.4586333719407
66.3893044394317,62.7128906140035,10.4641176404936,-39989.6599287064,-40772.4192694212,-39488.5303257674,-39961.8403074197,66.4818726845582
66.4124753359238,62.6991493443739,10.4641176404936,-39929.8228403505,-40829.6480168567,-39514.8176593417,-39970.4614280992,66.5181317883946
66.4516923365821,62.7379812909043,10.4641176404936,-39936.5140271277,-40746.9232363452,-39468.4239562349,-39944.4011645142,66.524460665906
66.4578743372273,62.7475791599107,10.4641176404936,-39908.7405774216,-40807.3972306097,-39474.2335214017,-40036.0315984162,66.5062839704126
66.4383033498645,62.724907765162,10.4641176404936,-39886.4813289951,-40743.680174425,-39440.4960183435,-39896.9287985204,66.5278768946515
66.4616793420497,62.754345878728,10.4641176404936,-39903.5114445286,-40789.1853376097,-39496.9382735036,-39907.8203129664,66.5150461382526
66.4473180672909,62.7368972404975,10.4641176404936,-39845.8216557445,-40804.0797976891,-39468.8482529271,-40004.9702879906,66.5106082333524
66.4430473286293,62.7320380450029,10.4641176404936,-39879.6399534089,-40802.8587626432,-39449.4993618057,-39975.0614906343,66.4740441851854
66.4057116947068,62.6950641789514,10.4641176404936,-39934.5990629162,-40798.9153741477,-39394.5920252574,-39974.5379757448,84.2879451724872
84.1609578270975,64.6750649442012,1.98763818247893,-39907.2703560113,-40738.2396916776,-39395.2837897759,-39942.4662008776,84.2495250881039
83.8659421088105,64.6839557692034,2.02789972470144,-39883.6053724823,-40815.2997106804,-39456.9463094635,-39968.2714113027,84.2764187416189
83.805064649755,64.6854367574535,2.03402082348591,-39972.2562916857,-40756.3419270413,-39462.9977766332,-40026.4397196329,84.2031394960164
83.7348097924094,64.6867528929474,2.01364337559996,-39037.0724522331,-40122.4599258624,-38366.3726773288,-40453.3058202947,84.2429484709432
83.7559442478213,64.68210764829,2.0092665677316,-39015.4646557188,-40078.6916545692,-38326.8890131946,-40445.3410823766,84.2411345505067
83.7558861604059,64.6818464510709,2.01066211621875,-39049.8854470516,-40106.5649409605,-38382.7784860502,-40419.2701945502,84.2575768312633
83.7671355095382,64.6818577302663,2.00729583920162,-39042.0548944027,-40056.3710076028,-38336.783020245,-40362.9946458826,84.2631997230996
83.7737285401805,64.6814151051262,2.009261406742,-39104.7041545309,-40104.3832799083,-38373.0560263584,-40423.748861527,84.2209649765286
83.7392525845198,64.6823712509812,2.01278024178279,-39065.8540942689,-40098.5945674307,-38355.2748250241,-40449.0863783051,84.24941116152
83.7569335418227,64.6820606306129,2.01067190967631,-39040.1994035245,-40089.5322550028,-38365.3088508541,-40489.2036250214,84.2596470822563
83.7695404633614,64.681864681488,2.0070949701035,-39026.3137368514,-40064.3721521532,-38286.7210041031,-40422.6335372519,70.3450364581806
69.9523830115766,64.9147811083029,7.6229660927078,-39071.1195453318,-40153.2890910507,-38351.3264882853,-40393.2156299967,70.3324884312109
70.1822828348737,64.9118797132848,7.2762143091558,-39034.6735292613,-40097.211829791,-38352.7256909647,-40479.4196738176,70.335623442156
70.2252903985811,64.9110592424234,7.21493204770609,-39028.294899225,-40080.5435255356,-38340.8443590409,-40425.7027617657,70.342023458591
70.2366814516819,64.9107836779537,7.2030144859365,-39156.5809052093,-40088.5872376891,-38294.3244813122,-40432.5080154504,70.3365971908143
70.2316392709045,64.9109223689422,7.22652351349864,-39375.8420702085,-40420.3202691541,-38747.4320903155,-39823.4283188844,70.3144352494331
70.2094202239683,64.9115198120044,7.25689870076189,-39420.3104946316,-40353.8656153968,-38818.1372523755,-39728.0473780495,70.3347307140781
70.230380915742,64.9111285458759,7.2254809117805,-39359.1479581068,-40377.6626099902,-38745.7243982008,-39789.4531203326,70.3154842083132
70.2111145248725,64.9114369514533,7.25688630956028,-39410.444271722,-40354.725404959,-38803.88117263,-39819.4668167099,70.3072938131729
70.2031470687308,64.9116429724617,7.26925853082242,-39433.9020409842,-40365.5705433538,-38734.4773187324,-39869.3770007856,70.3277159675942
70.2236431105162,64.9112918058834,7.23075145485984,-39353.281972739,-40370.6227799181,-38702.9640865781,-39734.109618737,70.3453849575337
70.2411170820391,64.9108574302436,7.20994425946332,-39366.1277705408,-40388.7281367496,-38698.1327509315,-39818.0357574605,70.3006228399508
70.1958708486865,64.9116930225298,7.27337890241673,-39362.4689796026,-40410.928014005,-38732.0803981235,-39769.5640831221,70.3327321059386
70.2285854848474,64.9111353820228,7.23154925437691,-39362.7402776847,-40442.2165446575,-38753.6484074185,-39804.5131177634,70.3348902838817
70.2303770924065,64.9111583564077,7.22663328485699,-39357.9693932801,-40380.685380931,-38774.5536135994,-39778.6683670742,70.3453088642992
70.2408782044101,64.9109397087863,7.21455591925198,-39354.9273023214,-40371.3204562817,-38740.465599291,-39891.4883492486,70.2935385773614
70.1890465740282,64.9118616210528,7.28224202721283,-39317.5823213511,-40360.0352670776,-38771.662670675,-39794.617909853,70.3093918895933
70.2057031069806,64.9115097360358,7.22958434070641,-38909.9698943753,-40419.7720376691,-38207.1357697045,-40009.0066918682,70.3818745388188
70.2782010350595,64.9098807930647,7.1247861877902,-38905.7799999817,-40407.353071709,-38133.7530369689,-40035.4762791086,70.3180442599923
70.2127795455939,64.9109658620329,7.22242131884814,-38976.489563125,-40429.2540166905,-38264.1757277517,-40022.429657675,70.3465334524525
70.2414529060372,64.9106123665103,7.17680936055584,-38919.0196364012,-40363.9122860036,-38202.8408730296,-40034.6413970127,70.3818845985065
70.2769097949721,64.90988863996,7.12591535076966,-38929.5612930672,-40402.7115687279,-38119.3877328195,-40019.5331810223,70.3386807251293
70.2330581882476,64.9106158379128,7.19000783804013,-38949.7681455439,-40374.3793900791,-38211.3886594187,-40050.3144149375,70.3425454921738
70.2373551925197,64.9106050479712,7.18143472976085,-38994.9863703774,-40381.7828450406,-38174.1584599879,-39955.3743122334,70.3808834685992
70.2757723298859,64.9098992566808,7.13317748820423,-38985.7310723353,-40442.5987838724,-38190.1848819407,-39996.0206227448,70.3135257464087
70.2079029520465,64.9111236654655,7.22379971931813,-38987.1606199302,-40425.2045528735,-38189.5661004212,-39946.2035661815,70.2756185356708
70.1712169799957,64.9117120111043,7.2711680212746,-38899.3350414043,-40352.3567682831,-38142.2191102365,-40068.590108983,70.3453932477492
70.2414602458514,64.9104632280597,7.17914082363004,-38961.3244380228,-40455.1707586386,-38167.7784687705,-40014.9400128955,70.3408195253186
70.2357293317978,64.9106389374467,7.18692458712767,-38936.5431679929,-40368.0122967049,-38189.3741141787,-40091.7250956407,70.3480915618189
70.2431728677689,64.9105095330283,6.94068281855303,-39088.3807938497,-34317.7513521476,-38425.0510670268,-40060.5279064453,70.3354806770032
70.2349574923415,64.9072993584955,6.92968928314771,-39151.3032228995,-34335.5472935242,-38418.2257328016,-39995.0993008584,70.2922133373792
70.1854986611258,64.9081897400378,6.99471911562087,-39101.8878567777,-34347.0113534604,-38350.0991259297,-40084.1685694991,70.3531161301167
70.245883561065,64.9071115294805,6.91549325659819,-39114.0132550273,-34317.6068319626,-38397.6617655248,-40085.0132837365,70.3138143086896
70.2057282573072,64.9078428340412,6.97450014026577,-39161.8097096751,-34410.3790821072,-38312.2703969193,-40164.2920923211,70.3515474880717
70.2437162211417,64.9072524501587,6.92084100926384,-39188.586152219,-34358.3730186701,-38390.9767289168,-40019.5664324418,88.3020486209893
87.7723558549961,64.6063032205536,1.58403566979122,-39158.9813053576,-34349.876132017,-38363.9358933055,-40081.9502212991,88.2890501955089
87.7612316522615,64.5992964660726,1.59318341580378,-39015.3508366027,-34365.1739988675,-38365.7605683472,-40021.0331448945,88.3361913980502
87.696214831473,64.6001911754768,1.5965982014501,-39028.5964848953,-34293.5543512689,-38433.9085932326,-40013.6112068592,88.2894351051017
87.653670115109,64.6008911045076,1.60248110898768,-39151.2814250363,-34308.6685487068,-38422.0555547518,-40143.5829974062,88.3571792694884
87.6927111221731,64.6010361420798,1.59933307232423,-39090.7997752942,-34351.1155439674,-38478.506986842,-40116.3599293031,88.3206867128461
87.6804498293335,64.6011566117223,1.59834765238425,-39038.7949340139,-34349.8616671992,-38351.3287560179,-40080.3796909293,88.3094105674245
87.6629517453168,64.6009240038119,1.53032401194083,-39062.1834134858,-33308.020887866,-38404.1305644688,-34469.2220659212,88.365070670646
87.6786412899464,64.5829768754768,1.53037219074076,-39108.6193889263,-33405.8008836149,-38501.6206800084,-34476.4183365876,88.3303002535381
87.6558531361845,64.5836004946924,1.53105828325635,-39084.8817729714,-33375.5808510439,-38389.8960692582,-34479.4319262434,88.3554449949383
87.6565321335367,64.5831669145779,1.53140352329078,-39066.2332958937,-33391.8767266648,-38436.8703931388,-34528.6337333587,88.3397729330874
87.6549884609936,64.5834346091779,1.53199781449196,-39108.2834496386,-33424.9779252405,-38442.153206819,-34466.351848971,88.3552942267564
87.6584733254006,64.5834509523393,1.53317389575917,-39123.5179230725,-33434.4322840204,-38520.8874589001,-34517.6011487821,88.3352714238788
87.6514986228076,64.5839809270044,1.53114345120329,-39121.5509117364,-33346.7007286648,-38428.0032273438,-34439.0149615444,88.3559367241318
87.6574466658593,64.5831754764408,1.53199963781219,-39150.6229965834,-33369.1661381956,-38431.9745595454,-34530.168762836,88.2875403919442
87.6188422731212,64.5842416225499,1.5346129722584,-39080.6223466069,-33422.4522869374,-38428.9963167936,-34477.1932342631,88.3345204536484
87.6285158269724,64.5839179367065,1.53246715962741,-39066.7130050036,-33410.590002224,-38444.7981435267,-34434.4975104495,88.3072066931887
87.6277018578218,64.58374013395,1.53255559914766,-39103.0504524606,-33387.1087688324,-38397.6926784412,-34426.5448219108,88.3290383626591
87.6308290189276,64.5835946964822,1.53287031244721,-39116.6670364779,-33410.5653889151,-38423.1842625578,-34443.3471497091,88.3155012670506
87.6292904698302,64.5838187185783,1.42824153895623,-35221.3035297703,-33244.1411117335,-33306.7414323565,-33638.8341252824,88.326086360935
87.6173439023846,64.5539965176944,1.42956125079851,-35296.7624257744,-33253.7913799261,-33355.7160716435,-33571.2375972939,88.3411189896295
87.6094588995118,64.5540881797685,1.4297786181098,-35253.5471856372,-33264.5070849479,-33358.2809430136,-33578.2809713846,88.3324136137634
87.6029832508967,64.5541270823297,1.42980163746029,-35263.1902189028,-33334.4172254671,-33248.7007983711,-33567.5705842963,88.3796033617493
87.6289501431888,64.5536051330744,1.42672970555569,-35209.5550183831,-33285.3699783856,-33297.3425184107,-33518.9781276038,88.322398406678
87.6045776941579,64.5535780872699,1.42818652632872,-35185.4936979473,-33241.8493793026,-33260.763768721,-33557.4581086876,88.3499608519579
87.6054604604232,64.5534490790973,1.42925307372123,-35188.1492677484,-33298.5830828244,-33331.3508371718,-33576.9080755021,88.3653673462521
87.6242663736398,64.5535185386626,1.42876761877869,-35245.9253323611,-33275.8561841936,-33362.168014411,-33576.1940639377,88.3562643303496
87.6237208289614,64.5537175033203,1.42985045016047,-35234.7080632346,-33320.5638649739,-33346.1168654771,-33643.5234988533,88.2928853144456
87.5814000703888,64.5547960955839,1.43199255791372,-35284.3770100366,-33237.2639595722,-33323.9459682547,-33613.8589197348,88.343147046316
87.5962307186457,64.5543566853416,1.43068346035047,-35275.7492745593,-33239.7875864103,-33378.7739711717,-33593.7480737293,88.3184407082339
87.5938528204955,64.5544088017062,1.43103993218487,-35263.9328601063,-33290.3349596735,-33311.3024138644,-33606.321640688,88.3482986664659
87.6036717907024,64.5541954185239,1.42625772070533,-34625.9705026616,-34471.7963037933,-32539.4926593405,-33462.7654999788,88.3467704783698
87.6109098721107,64.5528124845014,1.42592185207032,-34644.9205867294,-34490.3965527007,-32477.0026824914,-33489.8057332592,88.3332206347205
87.6013941356801,64.5529809392078,1.42703042251839,-34630.9405005144,-34424.441396072,-32532.7360661967,-33552.4627448144,88.3480280904434
87.6070229032742,64.5530617832654,1.42620213934645,-34584.4335823731,-34484.8223148109,-32493.0854095347,-33548.0988784606,88.3415383770137
87.6070607426371,64.552909870119,1.4261280296189,-34641.4843976795,-34438.1535609026,-32460.2733076302,-33553.3175908199,88.3420520334658
87.6055042130899,64.5528963782221,1.4260133164775,-34586.4525244575,-34463.1137234484,-32540.8472398345,-33485.0826159384,88.3095122072141
87.5854309581541,64.5532295367234,1.42915621587873,-34618.0345284166,-34492.8674312495,-32552.0114364706,-33573.5433435645,88.3640561249841
87.6097114899858,64.5533528582296,1.42545066656794,-34573.6827013299,-34493.8022244124,-32512.2206752617,-33498.4618521041,88.3904192951364
87.6410172637661,64.5522320119095,1.42464709473015,-34716.6233831357,-34462.8636006531,-32520.2716788791,-33479.4616671202,88.3487126316918
87.6237568372087,64.5527929995171,1.42584432726379,-34644.4753711794,-34450.8350931014,-32559.7797841202,-33492.5841349065,88.3531499193074
87.6151196091098,64.5529643125489,1.42635733591053,-34631.7186860998,-34522.0078168633,-32476.6285677404,-33536.8658377752,88.3421296155474
87.6100734990886,64.5530243462654,1.42475877503745,-34588.7441692937,-34374.402002924,-32522.881238923,-33493.1623333309,88.2955150747846
87.5742451119329,64.55311737394,1.40829378562098,-34548.9567674181,-34420.1054471456,-32486.4685495813,-31727.9537855338,88.3175110476153
87.5651771540279,64.5474737326185,1.40798755755086,-34678.8114796776,-34423.6191828069,-32402.3766636839,-31666.4514329172,81.7289729131998
82.4917768037176,64.6473250540356,1.9033133840922,-34614.1290325891,-34436.8474328386,-32433.9432835354,-31722.3404788168,81.7294597692827
81.1939260907517,64.6742630206847,1.96140561064598,-34580.3169760951,-34413.7985783807,-32449.4312985805,-31679.5158163005,81.7315660424484
81.2335657069703,64.6733366677797,1.95776596882037,-34611.7690062514,-34443.74925829,-32464.3143194234,-31687.9926696218,81.7329785754208
81.2449319151551,64.6732983642227,1.95538856800328,-34582.2985822072,-34474.4026829777,-32432.7669347627,-31632.8989219848,81.7203178014456
81.2370765828045,64.6733200822717,1.95727355272866,-34612.3523379787,-34451.290480752,-32453.274493891,-31657.3371537066,81.7413212776452
81.2520193867435,64.673120093253,1.9554139159431,-34562.0134564902,-34454.2404448339,-32477.2659213133,-31697.347267443,81.7216542776208
81.239726550979,64.6733836031776,1.95742239084526,-34585.2292589402,-34481.8568934297,-32501.5922864436,-31632.6944754024,81.7174677747542
81.2326412518685,64.673554165703,1.95773764773625,-34538.9508801993,-34484.3766178082,-32457.570930181,-31694.6718325282,81.729068450299
81.2418933876076,64.6733147652897,1.95667420811018,-34602.7505397582,-34500.2651981259,-32417.1312411049,-31667.5145037316,81.7510427930414
81.2607026974081,64.6729795544188,1.95308828548113,-34564.3184888593,-34461.4046346827,-32379.7334348449,-31699.8301187712,81.7202452474088
