"Time","Pel_CHP","Power100","Power200","Power300","Power400","Power500","Power600","Power701","Power711","Power721","Power731","Power900","PowerChiller"
2026-05-13 17:30:30,0,99.4,1.43,0,29.5,0.104,-0.0143,-32.3,-32.8,-32.1,-32.8,135,-116
2026-05-13 17:31:00,0,99.8,1.46,0,29.7,0.103,-0.0151,-31.8,-31.7,-31.9,-32.4,135,-116
2026-05-13 17:31:30,0,101,1.48,0,30.1,0.103,-0.0144,-31.4,-31.5,-31.6,-31.3,134,-117
2026-05-13 17:32:00,0,104,1.47,0,30.5,0.103,-0.0142,-31.2,-31.7,-31.5,-31.5,135,-121
2026-05-13 17:32:30,0,105,1.51,0,30.5,0.102,-0.0140,-31.3,-31.5,-31.4,-31.4,135,-124
2026-05-13 17:33:00,0,105,1.52,0,30.5,0.102,-0.0142,-31.6,-31.4,-31.5,-31.4,136,-129
2026-05-13 17:33:30,0,103,1.53,0,30.2,0.102,-0.0152,-31.8,-31.5,-31.4,-31.7,135,-135
2026-05-13 17:34:00,0,102,1.55,0,29.8,0.101,-0.0140,-32.1,-31.7,-31.8,-31.8,135,-142
2026-05-13 17:34:30,0,100,1.56,0,29.4,0.101,-0.0156,-32.1,-31.8,-31.9,-32.1,133,-145
2026-05-13 17:35:00,0,99.9,1.56,0,29.3,0.101,-0.0152,-32.0,-31.9,-32.0,-32.1,132,-148
2026-05-13 17:35:30,0,100,1.56,0,29.3,0.100,-0.0151,-31.8,-31.7,-32.1,-32.2,132,-148
2026-05-13 17:36:00,0,101,1.55,0,29.4,0.101,-0.0151,-31.9,-31.9,-31.8,-31.9,133,-146
2026-05-13 17:36:30,0,103,1.54,0,29.7,0.100,-0.0150,-31.5,-31.8,-31.8,-31.6,134,-145
2026-05-13 17:37:00,0,104,1.53,0,30.2,0.100,-0.0145,-31.7,-32.1,-31.7,-31.4,135,-143
2026-05-13 17:37:30,0,104,1.53,0,30.4,0.0997,-0.0145,-31.8,-31.6,-31.7,-31.5,135,-145
2026-05-13 17:38:00,0,104,1.50,0,30.3,0.100,-0.0159,-32.2,-31.9,-31.7,-32.1,136,-149
2026-05-13 17:38:30,0,103,1.50,0,30.0,0.100,-0.0155,-32.1,-31.8,-32.0,-32.1,135,-151
2026-05-13 17:39:00,0,102,1.49,0,29.8,0.1000,-0.0152,-32.2,-32.0,-32.1,-32.3,134,-153
2026-05-13 17:39:30,0,101,1.48,0,29.5,0.100,-0.0158,-32.2,-32.2,-32.1,-32.3,133,-153
2026-05-13 17:40:00,0,99.7,1.48,0,29.3,0.0992,-0.0160,-31.9,-32.2,-32.2,-32.2,132,-143
2026-05-13 17:40:30,0,99.8,1.47,0,29.5,0.0989,-0.0156,-32.0,-32.4,-32.3,-32.3,132,-129
2026-05-13 17:41:00,0,100,1.48,0,29.7,0.0988,-0.0145,-32.1,-32.1,-32.1,-31.9,133,-123
2026-05-13 17:41:30,0,102,1.50,0,30.1,0.0979,-0.0146,-31.7,-31.7,-31.6,-31.5,134,-135
2026-05-13 17:42:00,0,104,1.52,0,30.8,0.0978,-0.0145,-31.1,-31.3,-31.2,-31.2,135,-159
2026-05-13 17:42:30,0,105,1.52,0,31.0,0.0974,-0.0143,-31.1,-31.2,-30.6,-31.1,135,-177
2026-05-13 17:43:00,0,105,1.54,0,30.5,0.0982,-0.0150,-31.2,-31.3,-31.2,-31.7,133,-182
2026-05-13 17:43:30,0,103,1.54,0,29.5,0.0977,-0.0145,-31.7,-31.4,-32.0,-32.1,131,-180
2026-05-13 17:44:00,0,100,1.56,0,28.9,0.0978,-0.0143,-32.0,-31.8,-32.1,-32.9,131,-174
2026-05-13 17:44:30,0,98.1,1.58,0,28.9,0.0977,-0.0143,-32.3,-32.2,-32.3,-32.3,130,-169
2026-05-13 17:45:00,0,98.8,1.60,0,29.3,0.0978,-0.0142,-32.4,-32.5,-32.3,-32.1,130,-163
2026-05-13 17:45:30,0,101,1.63,0,29.6,0.0971,-0.0134,-32.2,-32.5,-32.2,-31.6,132,-155
2026-05-13 17:46:00,0,103,1.64,0,29.9,0.0969,-0.0141,-32.0,-31.9,-32.0,-31.8,134,-149
2026-05-13 17:46:30,0,105,1.64,0,30.5,0.0967,-0.0159,-32.1,-32.0,-31.9,-31.5,136,-145
2026-05-13 17:47:00,0,106,1.66,0,30.7,0.0968,-0.0138,-32.0,-32.0,-31.8,-31.5,137,-143
2026-05-13 17:47:30,0,107,1.66,0,30.8,0.0972,-0.0155,-32.2,-32.1,-32.2,-31.9,138,-137
2026-05-13 17:48:00,0,105,1.68,0,30.3,0.0964,-0.0162,-32.4,-32.3,-32.2,-32.3,136,-133
2026-05-13 17:48:30,0,102,1.68,0,29.8,0.0965,-0.0164,-32.6,-32.7,-32.8,-32.6,135,-125
2026-05-13 17:49:00,0,100,1.70,0,29.4,0.0962,-0.0156,-32.5,-32.6,-32.7,-32.5,134,-119
2026-05-13 17:49:30,0,100,1.69,0,29.6,0.0957,-0.0160,-32.1,-32.1,-31.9,-32.2,134,-119
2026-05-13 17:50:00,0,103,1.71,0,29.9,0.0952,-0.0157,-31.9,-31.9,-31.8,-32.0,135,-122
2026-05-13 17:50:30,0,105,1.74,0,29.8,0.0949,-0.0146,-31.3,-31.6,-31.5,-31.8,135,-125
2026-05-13 17:51:00,0,108,1.75,0,29.8,0.0952,-0.0145,-31.6,-31.7,-31.7,-31.4,137,-127
2026-05-13 17:51:30,0,109,1.76,0,29.7,0.0949,-0.0136,-31.6,-31.5,-31.5,-31.2,137,-133
2026-05-13 17:52:00,0,109,1.76,0,29.9,0.0949,-0.0148,-32.1,-32.0,-31.5,-31.7,138,-140
2026-05-13 17:52:30,0,108,1.77,0,29.6,0.0944,-0.0163,-32.1,-31.9,-32.0,-32.4,138,-146
2026-05-13 17:53:00,0,106,1.76,0,29.0,0.0943,-0.0153,-32.2,-31.9,-32.1,-32.2,137,-151
2026-05-13 17:53:30,0,105,1.77,0,28.9,0.0941,-0.0153,-32.5,-32.4,-32.4,-32.3,136,-155
2026-05-13 17:54:00,0,104,1.77,0,28.7,0.0940,-0.0157,-32.2,-32.3,-32.3,-32.8,135,-158
2026-05-13 17:54:30,0,104,1.77,0,28.6,0.0935,-0.0167,-32.0,-32.2,-32.4,-32.5,134,-160
2026-05-13 17:55:00,0,104,1.75,0,28.7,0.0936,-0.0162,-32.3,-32.3,-32.4,-32.3,135,-156
2026-05-13 17:55:30,0,105,1.74,0,29.1,0.0936,-0.0166,-32.2,-32.3,-32.8,-32.3,136,-142
2026-05-13 17:56:00,0,106,1.73,0,29.4,0.0930,-0.0175,-32.4,-32.6,-32.4,-32.3,137,-130
2026-05-13 17:56:30,0,107,1.71,0,29.6,0.0930,-0.0159,-32.6,-32.2,-32.3,-31.9,137,-130
2026-05-13 17:57:00,0,107,1.71,0,29.8,0.0926,-0.0161,-31.8,-31.8,-31.9,-31.6,137,-146
2026-05-13 17:57:30,0,107,1.70,0,29.9,0.0922,-0.0165,-31.5,-31.7,-31.2,-31.6,137,-176
2026-05-13 17:58:00,0,107,1.69,0,29.7,0.0918,-0.0157,-31.4,-31.6,-31.2,-31.7,136,-192
2026-05-13 17:58:30,0,106,1.70,0,28.9,0.0919,-0.0168,-31.9,-31.9,-32.2,-32.4,134,-194
2026-05-13 17:59:00,0,103,1.68,0,27.7,0.0920,-0.0168,-32.1,-32.0,-32.0,-32.8,132,-187
2026-05-13 17:59:30,0,101,1.67,0,27.5,0.0919,-0.0162,-32.2,-32.4,-32.7,-32.9,132,-179
2026-05-13 18:00:00,0,99.1,1.65,0,27.8,0.0913,-0.0158,-32.1,-32.2,-32.5,-32.6,131,-172
2026-05-13 18:00:30,0,100,1.64,0,28.6,0.0906,-0.0169,-32.2,-32.4,-32.6,-32.2,131,-163
2026-05-13 18:01:00,0,102,1.62,0,29.1,0.0906,-0.0173,-32.1,-32.3,-32.3,-31.6,132,-155
2026-05-13 18:01:30,0,104,1.63,0,29.4,0.0905,-0.0164,-31.8,-32.3,-31.5,-31.5,134,-148
2026-05-13 18:02:00,0,106,1.62,0,29.8,0.0904,-0.0158,-32.0,-31.7,-31.9,-31.4,136,-144
2026-05-13 18:02:30,0,108,1.61,0,30.2,0.0900,-0.0174,-33.3,-31.2,-32.8,-30.3,138,-141
2026-05-13 18:03:00,0,106,1.60,0,29.8,0.0893,-0.0174,-34.6,-30.0,-33.4,-28.7,136,-135
2026-05-13 18:03:30,0,104,1.60,0,29.0,0.0892,-0.0189,-34.9,-30.4,-33.6,-29.5,134,-128
2026-05-13 18:04:00,0,102,1.59,0,27.9,0.0888,-0.0166,-35.6,-29.9,-33.6,-28.7,132,-119
2026-05-13 18:04:30,0,101,1.58,0,27.5,0.0892,-0.0163,-35.4,-30.0,-33.7,-28.4,132,-116
2026-05-13 18:05:00,0,101,1.58,0,27.0,0.0891,-0.0159,-34.9,-29.8,-33.5,-28.1,132,-118
2026-05-13 18:05:30,0,103,1.57,0,26.4,0.0884,-0.0149,-34.3,-29.5,-33.2,-28.0,132,-120
2026-05-13 18:06:00,0,105,1.55,0,25.8,0.0885,-0.0162,-34.1,-28.7,-33.0,-28.2,132,-123
2026-05-13 18:06:30,0,108,1.53,0,25.4,0.0887,-0.0146,-34.2,-29.1,-32.7,-27.7,132,-125
2026-05-13 18:07:00,0,110,1.51,0,24.8,0.0882,-0.0146,-34.3,-28.9,-32.7,-27.9,133,-128
2026-05-13 18:07:30,0,111,1.50,0,24.4,0.0877,-0.0150,-34.4,-29.1,-32.9,-28.2,134,-132
2026-05-13 18:08:00,0,110,1.49,0,23.8,0.0873,-0.0164,-34.8,-29.2,-32.9,-28.1,133,-138
2026-05-13 18:08:30,0,109,1.49,0,23.2,0.0876,-0.0149,-34.9,-29.2,-33.4,-28.3,133,-142
2026-05-13 18:09:00,0,107,1.50,0,22.5,0.0875,-0.0165,-34.9,-29.4,-33.2,-28.4,131,-145
2026-05-13 18:09:30,0,106,1.48,0,21.9,0.0875,-0.0154,-34.8,-29.5,-33.6,-28.6,130,-147
2026-05-13 18:10:00,0,106,1.49,0,21.5,0.0869,-0.0153,-34.6,-29.5,-33.4,-28.5,129,-148
2026-05-13 18:10:30,0,106,1.47,0,21.5,0.0870,-0.0156,-34.5,-29.4,-33.3,-28.0,129,-145
2026-05-13 18:11:00,0,108,1.46,0,21.7,0.0862,-0.0162,-34.3,-29.4,-33.1,-28.1,130,-142
2026-05-13 18:11:30,0,110,1.46,0,21.9,0.0863,-0.0172,-33.9,-29.2,-32.8,-28.2,131,-140
2026-05-13 18:12:00,0,111,1.46,0,21.8,0.0860,-0.0186,-33.9,-29.2,-32.7,-27.8,131,-140
2026-05-13 18:12:30,0,113,1.47,0,21.8,0.0858,-0.0192,-35.0,-29.4,-32.9,-27.9,133,-142
2026-05-13 18:13:00,0,112,1.46,0,21.3,0.0852,-0.0198,-34.8,-29.4,-33.0,-28.0,133,-143
2026-05-13 18:13:30,0,111,1.45,0,20.7,0.0851,-0.0196,-34.9,-29.6,-33.3,-28.4,133,-146
2026-05-13 18:14:00,0,110,1.43,0,20.1,0.0851,-0.0197,-34.9,-29.3,-33.6,-28.5,131,-147
2026-05-13 18:14:30,0,109,1.43,0,19.7,0.0847,-0.0219,-34.7,-29.6,-33.7,-28.6,131,-148
2026-05-13 18:15:00,0,108,1.42,0,19.6,0.0853,-0.0220,-34.8,-29.6,-33.3,-28.5,130,-150
2026-05-13 18:15:30,0,109,1.42,0,19.8,0.0850,-0.0208,-34.7,-29.5,-33.6,-28.4,130,-141
2026-05-13 18:16:00,0,109,1.42,0,19.8,0.0850,-0.0218,-34.6,-29.6,-33.2,-28.0,130,-127
2026-05-13 18:16:30,0,111,1.43,0,19.9,0.0848,-0.0209,-34.7,-29.6,-33.4,-28.4,131,-119
2026-05-13 18:17:00,0,111,1.42,0,20.0,0.0849,-0.0212,-34.6,-29.3,-33.1,-27.9,132,-123
2026-05-13 18:17:30,0,112,1.41,0,20.2,0.0847,-0.0203,-34.2,-29.2,-32.5,-27.9,133,-140
2026-05-13 18:18:00,0,114,1.40,0,20.4,0.0847,-0.0206,-33.9,-28.9,-32.1,-27.4,133,-165
2026-05-13 18:18:30,0,115,1.39,0,19.9,0.0841,-0.0211,-33.8,-28.8,-32.2,-27.5,132,-176
2026-05-13 18:19:00,0,114,1.38,0,19.0,0.0844,-0.0202,-34.1,-28.9,-32.9,-28.0,130,-177
2026-05-13 18:19:30,0,112,1.38,0,17.9,0.0840,-0.0207,-34.5,-29.1,-33.8,-28.8,130,-173
2026-05-13 18:20:00,0,109,1.37,0,17.5,0.0838,-0.0214,-35.1,-29.5,-33.6,-29.1,129,-166
2026-05-13 18:20:30,0,108,1.38,0,17.8,0.0837,-0.0216,-35.2,-29.8,-33.4,-28.3,129,-161
2026-05-13 18:21:00,0,108,1.38,0,18.4,0.0837,-0.0215,-34.8,-30.0,-33.4,-28.0,129,-154
2026-05-13 18:21:30,0,109,1.37,0,18.9,0.0832,-0.0204,-34.7,-29.7,-33.6,-28.3,130,-148
2026-05-13 18:22:00,0,111,1.35,0,19.1,0.0838,-0.0213,-34.6,-29.3,-33.4,-28.1,131,-142
2026-05-13 18:22:30,0,113,1.35,0,19.5,0.0834,-0.0205,-34.7,-29.3,-33.2,-28.3,132,-138
2026-05-13 18:23:00,0,114,1.35,0,19.7,0.0832,-0.0210,-34.5,-29.3,-33.1,-27.8,133,-132
2026-05-13 18:23:30,0,114,1.36,0,19.9,0.0831,-0.0209,-34.8,-29.5,-33.3,-27.9,133,-123
2026-05-13 18:24:00,0,113,1.35,0,19.9,0.0826,-0.0201,-35.1,-29.6,-33.6,-28.2,133,-117
2026-05-13 18:24:30,0,112,1.34,0,19.5,0.0825,-0.0194,-35.3,-29.9,-33.4,-28.5,133,-111
2026-05-13 18:25:00,0,111,1.35,0,19.1,0.0826,-0.0203,-34.7,-29.7,-33.5,-27.9,132,-121
2026-05-13 18:25:30,0,110,1.33,0,19.0,0.0827,-0.0209,-34.2,-29.2,-32.5,-28.1,132,-142
2026-05-13 18:26:00,0,112,1.33,0,18.9,0.0826,-0.0198,-33.4,-28.7,-32.3,-27.7,131,-165
2026-05-13 18:26:30,0,113,1.33,0,18.6,0.0828,-0.0195,-33.8,-28.4,-32.7,-27.7,129,-171
2026-05-13 18:27:00,0,112,1.34,0,17.9,0.0820,-0.0197,-33.9,-28.8,-33.0,-28.0,128,-168
2026-05-13 18:27:30,0,111,1.34,0,17.4,0.0824,-0.0198,-34.4,-29.3,-33.0,-28.4,128,-160
2026-05-13 18:28:00,0,110,1.35,0,17.6,0.0824,-0.0195,-34.7,-29.3,-33.1,-28.6,129,-153
2026-05-13 18:28:30,0,110,1.35,0,18.2,0.0821,-0.0192,-34.8,-29.5,-33.4,-27.8,130,-148
2026-05-13 18:29:00,0,111,1.36,0,18.8,0.0816,-0.0196,-35.0,-29.7,-33.5,-27.8,130,-146
2026-05-13 18:29:30,0,112,1.34,0,18.9,0.0815,-0.0206,-35.0,-29.8,-33.7,-27.9,131,-143
2026-05-13 18:30:00,0,112,1.32,0,19.0,0.0813,-0.0196,-34.9,-29.6,-33.4,-28.3,132,-141
2026-05-13 18:30:30,0,113,1.33,0,19.0,0.0812,-0.0195,-34.9,-29.5,-33.1,-28.5,133,-136
2026-05-13 18:31:00,0,113,1.32,0,19.0,0.0810,-0.0206,-34.7,-29.5,-33.5,-28.1,133,-127
2026-05-13 18:31:30,0,113,1.33,0,19.1,0.0814,-0.0194,-35.1,-29.9,-33.7,-28.3,133,-119
2026-05-13 18:32:00,0,112,1.34,0,18.8,0.0806,-0.0196,-35.1,-29.7,-33.5,-28.3,133,-109
2026-05-13 18:32:30,0,112,1.35,0,18.9,0.0807,-0.0183,-33.3,-33.3,-31.8,-28.5,134,-114
2026-05-13 18:33:00,0,114,1.36,0,19.2,0.0812,-0.0169,-30.1,-39.0,-28.7,-29.2,136,-130
2026-05-13 18:33:30,0,115,1.34,0,19.4,0.0803,-0.0155,-29.1,-39.4,-27.9,-28.6,136,-158
2026-05-13 18:34:00,0,116,1.34,0,19.2,0.0800,-0.0168,-29.1,-39.4,-27.9,-29.0,133,-175
2026-05-13 18:34:30,0,114,1.34,0,18.7,0.0800,-0.0169,-28.8,-40.4,-27.9,-29.8,129,-180
2026-05-13 18:35:00,0,108,1.35,0,18.1,0.0799,-0.0154,-29.3,-40.9,-28.3,-30.0,125,-176
2026-05-13 18:35:30,0,103,1.35,0,17.9,0.0799,-0.0145,-29.4,-41.8,-28.3,-29.9,123,-169
2026-05-13 18:36:00,0,99.0,1.35,0,18.2,0.0797,-0.0155,-29.2,-42.1,-28.1,-29.8,122,-159
2026-05-13 18:36:30,0,98.9,1.36,0,18.9,0.0799,-0.0146,-29.0,-41.8,-27.9,-29.2,122,-149
2026-05-13 18:37:00,0,102,1.34,0,19.6,0.0794,-0.0152,-28.8,-41.7,-27.7,-28.9,123,-139
2026-05-13 18:37:30,0,105,1.34,0,20.0,0.0790,-0.0145,-28.5,-41.5,-27.5,-28.5,126,-130
2026-05-13 18:38:00,0,107,1.33,0,20.2,0.0792,-0.0157,-28.4,-41.2,-27.3,-28.1,130,-124
2026-05-13 18:38:30,0,109,1.33,0,20.2,0.0790,-0.0145,-28.9,-41.4,-27.0,-27.8,131,-115
2026-05-13 18:39:00,0,110,1.34,0,20.3,0.0784,-0.0139,-29.2,-41.5,-27.4,-28.3,132,-110
2026-05-13 18:39:30,0,109,1.35,0,19.8,0.0783,-0.0145,-29.4,-41.4,-27.7,-28.7,131,-103
2026-05-13 18:40:00,0,108,1.34,0,19.3,0.0784,-0.0145,-30.1,-41.4,-28.0,-29.1,131,-112
2026-05-13 18:40:30,0,106,1.35,0,18.9,0.0780,-0.0143,-29.2,-40.7,-27.4,-29.0,129,-129
2026-05-13 18:41:00,0,106,1.36,0,18.7,0.0779,-0.0143,-28.6,-39.7,-26.7,-28.6,127,-151
2026-05-13 18:41:30,0,108,1.35,0,18.2,0.0780,-0.0143,-27.6,-39.3,-26.7,-28.7,125,-177
2026-05-13 18:42:00,0,110,1.34,0,17.8,0.0779,-0.0147,-27.9,-39.4,-26.8,-28.5,124,-186
2026-05-13 18:42:30,0,111,1.34,0,17.5,0.0776,-0.0136,-28.5,-39.6,-27.5,-29.2,125,-180
2026-05-13 18:43:00,0,109,1.34,0,17.4,0.0779,-0.0133,-29.6,-39.7,-27.9,-29.6,125,-170
2026-05-13 18:43:30,0,109,1.34,0,17.7,0.0775,-0.0133,-29.9,-40.2,-28.4,-29.5,126,-161
2026-05-13 18:44:00,0,109,1.34,0,18.6,0.0774,-0.0139,-30.0,-40.5,-28.6,-29.1,127,-155
2026-05-13 18:44:30,0,110,1.34,0,18.9,0.0768,-0.0137,-30.1,-41.1,-28.4,-29.3,128,-152
2026-05-13 18:45:00,0,111,1.33,0,19.0,0.0771,-0.0137,-30.3,-41.3,-28.9,-29.8,131,-149
2026-05-13 18:45:30,0,112,1.33,0,19.3,0.0765,-0.0142,-30.1,-41.8,-28.7,-29.5,133,-145
2026-05-13 18:46:00,0,113,1.33,0,19.7,0.0770,-0.0135,-30.0,-42.0,-28.7,-29.8,134,-138
2026-05-13 18:46:30,0,114,1.33,0,20.1,0.0769,-0.0141,-30.5,-42.5,-28.7,-29.8,134,-130
2026-05-13 18:47:00,0,113,1.33,0,19.9,0.0768,-0.0136,-30.7,-42.7,-29.1,-29.8,134,-123
2026-05-13 18:47:30,0,111,1.32,0,19.7,0.0762,-0.0141,-30.2,-42.7,-29.0,-30.1,134,-114
2026-05-13 18:48:00,0,111,1.33,0,19.9,0.0760,-0.0137,-29.9,-42.5,-28.8,-30.2,134,-111
2026-05-13 18:48:30,0,111,1.32,0,20.2,0.0762,-0.0137,-29.7,-41.8,-28.1,-29.5,133,-125
2026-05-13 18:49:00,0,111,1.32,0,20.4,0.0763,-0.0138,-28.8,-40.7,-27.7,-28.8,132,-146
2026-05-13 18:49:30,0,114,1.32,0,20.4,0.0757,-0.0141,-28.4,-40.2,-27.3,-29.0,131,-173
2026-05-13 18:50:00,0,114,1.31,0,19.8,0.0758,-0.0133,-28.6,-40.3,-27.3,-28.9,129,-180
2026-05-13 18:50:30,0,111,1.32,0,19.2,0.0759,-0.0132,-29.3,-40.6,-27.5,-29.5,127,-179
2026-05-13 18:51:00,0,109,1.32,0,19.0,0.0758,-0.0141,-29.7,-40.9,-28.4,-30.5,128,-173
2026-05-13 18:51:30,0,107,1.32,0,19.4,0.0755,-0.0139,-30.1,-41.5,-28.6,-29.8,127,-167
2026-05-13 18:52:00,0,108,1.31,0,20.3,0.0751,-0.0137,-29.9,-41.9,-28.5,-29.8,128,-161
2026-05-13 18:52:30,0,109,1.30,0,21.0,0.0751,-0.0139,-30.1,-42.1,-28.9,-29.7,130,-155
2026-05-13 18:53:00,0,111,1.31,0,21.7,0.0747,-0.0148,-29.9,-42.1,-28.7,-29.7,133,-150
2026-05-13 18:53:30,0,113,1.30,0,22.3,0.0747,-0.0132,-30.0,-42.1,-28.5,-29.7,134,-143
2026-05-13 18:54:00,0,113,1.31,0,22.8,0.0747,-0.0138,-30.2,-42.5,-28.5,-29.5,134,-133
2026-05-13 18:54:30,0,113,1.32,0,22.9,0.0746,-0.0136,-30.4,-42.9,-29.0,-29.8,135,-126
2026-05-13 18:55:00,0,112,1.32,0,23.0,0.0749,-0.0146,-30.6,-43.1,-29.3,-29.7,135,-119
2026-05-13 18:55:30,0,111,1.33,0,23.1,0.0742,-0.0148,-30.5,-42.8,-28.9,-30.0,135,-116
2026-05-13 18:56:00,0,110,1.33,0,23.2,0.0742,-0.0138,-29.6,-42.3,-28.7,-30.1,135,-118
2026-05-13 18:56:30,0,109,1.32,0,23.2,0.0739,-0.0148,-29.5,-41.9,-28.1,-29.5,133,-123
2026-05-13 18:57:00,0,111,1.33,0,23.1,0.0738,-0.0141,-29.6,-41.7,-28.3,-29.7,133,-128
2026-05-13 18:57:30,0,110,1.32,0,23.0,0.0739,-0.0143,-29.4,-41.2,-28.2,-29.4,133,-131
2026-05-13 18:58:00,0,111,1.32,0,22.8,0.0738,-0.0143,-29.4,-41.2,-28.1,-29.8,133,-135
2026-05-13 18:58:30,0,110,1.32,0,22.6,0.0739,-0.0143,-29.3,-41.2,-27.9,-29.8,132,-137
2026-05-13 18:59:00,0,110,1.31,0,22.8,0.0736,-0.0146,-29.6,-41.1,-28.1,-29.5,131,-140
2026-05-13 18:59:30,0,109,1.31,0,22.9,0.0734,-0.0135,-29.4,-41.5,-28.2,-29.5,130,-145
2026-05-13 19:00:00,0,109,1.30,0,22.9,0.0733,-0.0137,-30.0,-41.6,-28.4,-29.6,130,-149
2026-05-13 19:00:30,0,108,1.30,0,22.7,0.0729,-0.0125,-29.6,-41.8,-28.3,-29.7,131,-150
2026-05-13 19:01:00,0,109,1.31,0,23.0,0.0728,-0.0132,-29.9,-41.7,-28.5,-29.6,132,-149
2026-05-13 19:01:30,0,109,1.31,0,23.3,0.0727,-0.0134,-29.7,-41.7,-28.4,-29.3,132,-150
2026-05-13 19:02:00,0,109,1.31,0,23.5,0.0731,-0.0128,-29.7,-41.7,-28.2,-29.3,132,-151
2026-05-13 19:02:30,0,111,1.30,0,23.5,0.0729,-0.0128,-30.0,-41.6,-28.3,-29.9,133,-152
2026-05-13 19:03:00,0,110,1.29,0,23.7,0.0729,-0.0133,-29.9,-41.8,-28.3,-29.4,133,-152
2026-05-13 19:03:30,0,110,1.29,0,24.1,0.0728,-0.0132,-29.8,-42.0,-28.3,-29.5,133,-146
2026-05-13 19:04:00,0,110,1.29,0,24.6,0.0728,-0.0135,-30.1,-42.3,-28.7,-29.8,133,-138
2026-05-13 19:04:30,0,109,1.29,0,24.6,0.0725,-0.0126,-30.2,-42.5,-28.6,-30.5,133,-135
2026-05-13 19:05:00,0,108,1.28,0,25.2,0.0722,-0.0124,-30.1,-42.6,-28.5,-30.0,135,-134
2026-05-13 19:05:30,0,109,1.26,0,26.2,0.0720,-0.0125,-29.9,-42.2,-28.5,-29.1,135,-136
2026-05-13 19:06:00,0,110,1.27,0,26.8,0.0719,-0.0118,-29.8,-41.7,-28.4,-29.6,134,-140
2026-05-13 19:06:30,0,110,1.26,0,26.9,0.0716,-0.0118,-30.0,-41.7,-27.9,-29.7,134,-146
2026-05-13 19:07:00,0,110,1.26,0,27.0,0.0717,-0.0121,-29.6,-41.9,-28.2,-29.9,133,-151
2026-05-13 19:07:30,0,109,1.27,0,26.9,0.0716,-0.0109,-30.1,-41.9,-28.5,-30.0,134,-154
2026-05-13 19:08:00,0,108,1.27,0,27.2,0.0714,-0.0111,-30.0,-42.2,-28.7,-30.2,134,-156
2026-05-13 19:08:30,0,108,1.27,0,27.5,0.0711,-0.0110,-30.1,-42.4,-28.5,-29.7,134,-158
2026-05-13 19:09:00,0,107,1.26,0,27.9,0.0713,-0.0102,-30.1,-42.1,-28.5,-29.7,133,-159
2026-05-13 19:09:30,0,108,1.25,0,28.4,0.0709,-0.0105,-30.2,-42.3,-28.6,-29.6,134,-159
2026-05-13 19:10:00,0,109,1.27,0,28.7,0.0702,-0.0107,-30.4,-42.3,-28.9,-29.6,135,-154
2026-05-13 19:10:30,0,108,1.26,0,28.8,0.0704,-0.00979,-30.2,-42.7,-28.9,-30.2,135,-145
2026-05-13 19:11:00,0,108,1.25,0,28.8,0.0704,-0.0109,-30.5,-42.7,-29.0,-30.6,136,-137
2026-05-13 19:11:30,0,108,1.26,0,29.1,0.0707,-0.0108,-30.6,-42.5,-28.7,-29.8,137,-136
2026-05-13 19:12:00,0,108,1.26,0,29.7,0.0705,-0.0106,-30.0,-41.9,-28.2,-29.7,137,-139
2026-05-13 19:12:30,0,109,1.25,0,30.0,0.0705,-0.0118,-29.6,-41.8,-28.1,-29.7,136,-145
2026-05-13 19:13:00,0,110,1.27,0,29.9,0.0708,-0.0120,-29.8,-42.2,-28.4,-30.3,136,-151
2026-05-13 19:13:30,0,109,1.27,0,29.5,0.0709,-0.0113,-30.1,-42.6,-28.5,-29.5,136,-155
2026-05-13 19:14:00,0,109,1.26,0,29.6,0.0705,-0.0111,-30.1,-42.2,-28.8,-29.9,136,-157
2026-05-13 19:14:30,0,108,1.25,0,29.6,0.0698,-0.0120,-30.1,-42.2,-28.8,-29.6,136,-160
2026-05-13 19:15:00,0,108,1.24,0,29.6,0.0694,-0.0118,-30.2,-42.5,-28.4,-30.2,135,-164
2026-05-13 19:15:30,0,108,1.24,0,29.6,0.0693,-0.0113,-30.4,-42.1,-28.6,-30.4,135,-164
2026-05-13 19:16:00,0,107,1.23,0,29.7,0.0694,-0.0116,-30.0,-42.1,-28.9,-29.9,135,-156
2026-05-13 19:16:30,0,108,1.24,0,30.0,0.0698,-0.0115,-30.2,-42.8,-29.3,-29.7,135,-143
2026-05-13 19:17:00,0,108,1.24,0,30.2,0.0695,-0.0122,-30.5,-42.8,-28.8,-30.3,137,-137
2026-05-13 19:17:30,0,108,1.24,0,30.3,0.0695,-0.0121,-30.4,-42.1,-28.7,-30.2,139,-137
2026-05-13 19:18:00,0,110,1.25,0,30.9,0.0691,-0.0119,-30.2,-42.1,-28.6,-29.6,138,-139
2026-05-13 19:18:30,0,110,1.23,0,31.1,0.0690,-0.0110,-29.5,-42.1,-27.9,-29.6,137,-145
2026-05-13 19:19:00,0,110,1.22,0,30.8,0.0687,-0.0123,-30.0,-41.7,-28.2,-29.4,136,-153
2026-05-13 19:19:30,0,110,1.23,0,30.6,0.0686,-0.0112,-30.0,-42.2,-28.3,-30.3,136,-157
2026-05-13 19:20:00,0,109,1.25,0,30.3,0.0683,-0.0126,-30.1,-42.6,-28.5,-29.8,137,-158
2026-05-13 19:20:30,0,108,1.24,0,30.3,0.0686,-0.0115,-29.9,-42.8,-28.6,-29.8,138,-159
2026-05-13 19:21:00,0,108,1.23,0,30.4,0.0682,-0.0125,-30.0,-42.2,-28.7,-30.1,138,-161
2026-05-13 19:21:30,0,108,1.22,0,30.3,0.0678,-0.0125,-30.0,-42.1,-28.8,-30.5,137,-165
2026-05-13 19:22:00,0,108,1.23,0,30.4,0.0681,-0.0119,-30.2,-42.5,-29.1,-29.9,136,-159
2026-05-13 19:22:30,0,108,1.22,0,30.7,0.0674,-0.0117,-30.6,-42.4,-28.8,-30.2,136,-147
2026-05-13 19:23:00,0,108,1.22,0,30.9,0.0674,-0.0123,-30.4,-42.4,-28.8,-30.1,137,-136
2026-05-13 19:23:30,0,108,1.21,0,31.3,0.0675,-0.0130,-29.9,-42.5,-28.8,-30.0,138,-134
2026-05-13 19:24:00,0,108,1.22,0,31.4,0.0673,-0.0120,-30.3,-41.7,-28.7,-29.0,139,-138
2026-05-13 19:24:30,0,109,1.21,0,31.5,0.0674,-0.0123,-29.7,-42.1,-28.1,-29.5,138,-143
2026-05-13 19:25:00,0,111,1.21,0,31.6,0.0670,-0.0113,-29.8,-42.3,-28.0,-30.2,138,-149
2026-05-13 19:25:30,0,110,1.20,0,31.2,0.0667,-0.0125,-29.8,-42.3,-28.3,-29.5,137,-154
2026-05-13 19:26:00,0,110,1.19,0,30.9,0.0669,-0.0122,-30.0,-42.4,-28.4,-30.4,138,-156
2026-05-13 19:26:30,0,109,1.19,0,30.6,0.0663,-0.0123,-30.1,-41.6,-28.6,-29.7,138,-158
2026-05-13 19:27:00,0,109,1.19,0,30.7,0.0666,-0.0131,-30.1,-42.3,-28.8,-29.7,138,-161
2026-05-13 19:27:30,0,109,1.20,0,30.8,0.0666,-0.0128,-30.3,-42.1,-28.6,-30.3,138,-165
2026-05-13 19:28:00,0,109,1.20,0,30.6,0.0664,-0.0129,-30.5,-42.3,-28.8,-30.4,137,-165
2026-05-13 19:28:30,0,108,1.19,0,30.6,0.0666,-0.0121,-30.1,-42.6,-29.1,-29.5,137,-158
2026-05-13 19:29:00,0,108,1.19,0,30.8,0.0665,-0.0120,-29.9,-42.5,-28.8,-30.1,136,-145
2026-05-13 19:29:30,0,108,1.19,0,30.9,0.0665,-0.0114,-30.5,-42.7,-28.6,-29.9,137,-137
2026-05-13 19:30:00,0,108,1.20,0,31.0,0.0661,-0.0123,-30.0,-42.3,-28.5,-29.9,139,-137
2026-05-13 19:30:30,0,109,1.20,0,31.2,0.0662,-0.0131,-29.8,-41.7,-28.4,-29.7,139,-139
2026-05-13 19:31:00,0,111,1.20,0,31.6,0.0657,-0.0126,-29.9,-41.8,-28.2,-29.6,139,-144
2026-05-13 19:31:30,0,112,1.21,0,31.8,0.0658,-0.0125,-29.8,-42.2,-28.1,-29.8,139,-150
2026-05-13 19:32:00,0,112,1.21,0,31.4,0.0656,-0.0127,-30.0,-41.9,-28.3,-30.1,139,-155
2026-05-13 19:32:30,0,113,1.21,0,31.2,0.0656,-0.0126,-30.5,-40.8,-28.3,-33.1,141,-157
2026-05-13 19:33:00,0,116,1.19,0,31.5,0.0654,-0.0144,-30.6,-38.3,-28.6,-39.4,145,-160
2026-05-13 19:33:30,0,115,1.19,0,31.3,0.0655,-0.0127,-30.3,-38.0,-28.8,-39.6,145,-167
2026-05-13 19:34:00,0,112,1.19,0,31.2,0.0654,-0.0124,-30.8,-37.7,-28.8,-41.2,146,-176
2026-05-13 19:34:30,0,105,1.17,0,30.0,0.0652,-0.0124,-30.5,-37.9,-29.1,-41.9,145,-172
2026-05-13 19:35:00,0,98.1,1.19,0,29.5,0.0652,-0.0123,-30.8,-37.7,-29.1,-42.4,141,-161
2026-05-13 19:35:30,0,92.0,1.20,0,29.7,0.0652,-0.0121,-30.2,-36.7,-28.5,-42.9,134,-144
2026-05-13 19:36:00,0,88.5,1.20,0,30.4,0.0649,-0.0126,-29.8,-36.9,-28.5,-41.2,130,-135
2026-05-13 19:36:30,0,87.1,1.20,0,31.4,0.0643,-0.0130,-29.0,-36.2,-28.2,-40.1,128,-129
2026-05-13 19:37:00,0,87.8,1.20,0,32.2,0.0644,-0.0114,-28.6,-35.4,-27.4,-39.2,127,-124
2026-05-13 19:37:30,0,89.6,1.20,0,32.8,0.0641,-0.0124,-27.8,-34.5,-27.0,-38.5,126,-119
2026-05-13 19:38:00,0,91.9,1.20,0,33.3,0.0647,-0.0131,-27.6,-34.1,-27.0,-37.6,127,-114
2026-05-13 19:38:30,0,94.4,1.19,0,33.8,0.0645,-0.0131,-28.0,-34.4,-26.5,-37.5,129,-125
2026-05-13 19:39:00,0,95.2,1.19,0,33.8,0.0646,-0.0139,-28.3,-34.1,-25.7,-37.3,129,-145
2026-05-13 19:39:30,0,96.6,1.18,0,33.8,0.0642,-0.0141,-28.3,-34.0,-25.8,-37.6,130,-163
2026-05-13 19:40:00,0,97.2,1.17,0,33.7,0.0641,-0.0131,-28.7,-34.3,-25.9,-38.2,130,-169
2026-05-13 19:40:30,0,96.9,1.16,0,32.9,0.0639,-0.0128,-29.4,-35.0,-26.5,-39.5,128,-171
2026-05-13 19:41:00,0,95.0,1.16,0,32.1,0.0634,-0.0124,-29.7,-35.7,-27.3,-40.3,128,-167
2026-05-13 19:41:30,0,93.9,1.16,0,31.7,0.0631,-0.0119,-29.7,-35.9,-27.8,-40.5,128,-163
2026-05-13 19:42:00,0,96.1,1.16,0,32.2,0.0628,-0.0114,-30.4,-36.4,-28.3,-40.4,130,-150
2026-05-13 19:42:30,0,99.3,1.16,0,32.9,0.0629,-0.0132,-29.9,-36.8,-28.5,-40.6,133,-134
2026-05-13 19:43:00,0,102,1.16,0,33.5,0.0626,-0.0124,-30.3,-37.3,-28.5,-39.9,136,-118
2026-05-13 19:43:30,0,105,1.17,0,34.1,0.0625,-0.0124,-30.2,-37.3,-28.4,-39.5,139,-110
2026-05-13 19:44:00,0,107,1.16,0,34.7,0.0626,-0.0131,-30.4,-36.9,-28.2,-39.7,141,-121
2026-05-13 19:44:30,0,108,1.17,0,34.8,0.0624,-0.0114,-30.1,-36.5,-27.6,-39.7,141,-144
2026-05-13 19:45:00,0,108,1.17,0,34.3,0.0623,-0.0114,-29.5,-36.1,-27.4,-39.5,139,-174
2026-05-13 19:45:30,0,107,1.17,0,33.3,0.0621,-0.0111,-29.3,-36.0,-27.4,-40.1,137,-201
2026-05-13 19:46:00,0,105,1.17,0,32.2,0.0622,-0.0108,-29.1,-35.8,-27.4,-40.0,135,-226
2026-05-13 19:46:30,0,103,1.16,0,31.4,0.0616,-0.0102,-28.8,-35.4,-27.2,-39.8,134,-247
2026-05-13 19:47:00,0,103,1.17,0,30.8,0.0617,-0.0101,-28.2,-35.1,-26.9,-39.0,131,-270
2026-05-13 19:47:30,0,104,1.16,0,30.3,0.0618,-0.00931,-28.1,-34.9,-26.8,-39.1,129,-282
2026-05-13 19:48:00,0,106,1.16,0,30.0,0.0618,-0.00893,-28.8,-35.6,-27.5,-39.6,129,-265
2026-05-13 19:48:30,0,106,1.15,0,29.5,0.0615,-0.00799,-30.1,-36.7,-28.5,-40.3,131,-237
2026-05-13 19:49:00,0,104,1.15,0,29.4,0.0615,-0.00824,-31.0,-37.5,-29.2,-41.0,135,-215
2026-05-13 19:49:30,0,103,1.16,0,29.7,0.0613,-0.00871,-31.1,-38.4,-29.6,-42.2,135,-200
2026-05-13 19:50:00,0,101,1.15,0,30.2,0.0613,-0.00838,-32.2,-39.1,-30.8,-43.0,136,-175
2026-05-13 19:50:30,0,99.5,1.14,0,30.9,0.0612,-0.00874,-33.5,-39.9,-31.0,-43.9,138,-155
2026-05-13 19:51:00,0,97.1,1.14,0,31.9,0.0607,-0.00982,-33.3,-40.4,-30.8,-44.7,140,-142
2026-05-13 19:51:30,0,95.9,1.15,0,33.2,0.0603,-0.0130,-33.0,-40.3,-30.3,-44.8,141,-130
2026-05-13 19:52:00,0,96.6,1.16,0,34.0,0.0605,-0.0136,-32.1,-40.0,-29.5,-43.8,142,-115
2026-05-13 19:52:30,0,98.3,1.16,0,34.7,0.0610,-0.0136,-31.0,-39.1,-28.5,-41.3,141,-96.3
2026-05-13 19:53:00,0,101,1.15,0,34.8,0.0610,-0.0137,-29.4,-37.5,-27.6,-38.7,141,-79.2
2026-05-13 19:53:30,0,103,1.14,0,34.0,0.0606,-0.0131,-29.0,-36.3,-27.3,-36.7,141,-67.1
2026-05-13 19:54:00,0,104,1.15,0,31.9,0.0605,-0.0138,-28.4,-35.5,-27.2,-36.6,139,-77.2
2026-05-13 19:54:30,0,101,1.16,0,29.1,0.0601,-0.0138,-27.4,-34.1,-26.6,-37.5,135,-97.4
2026-05-13 19:55:00,0,96.9,1.16,0,26.4,0.0602,-0.0139,-26.9,-33.2,-25.6,-38.0,129,-122
2026-05-13 19:55:30,0,94.6,1.16,0,24.4,0.0604,-0.0135,-26.7,-33.0,-25.4,-38.5,123,-130
2026-05-13 19:56:00,0,94.2,1.16,0,23.0,0.0602,-0.0142,-26.7,-32.9,-25.4,-39.2,117,-129
2026-05-13 19:56:30,0,96.1,1.18,0,22.6,0.0601,-0.0140,-27.1,-33.0,-25.8,-39.6,115,-122
2026-05-13 19:57:00,0,99.4,1.16,0,23.0,0.0597,-0.0131,-27.7,-33.5,-25.8,-38.9,119,-113
2026-05-13 19:57:30,0,104,1.17,0,24.0,0.0592,-0.0128,-28.0,-33.4,-26.3,-38.0,124,-101
2026-05-13 19:58:00,0,109,1.17,0,24.9,0.0590,-0.0127,-28.9,-32.8,-26.8,-37.4,127,-94.0
2026-05-13 19:58:30,0,111,1.15,0,25.2,0.0592,-0.0142,-29.8,-32.9,-27.3,-36.9,128,-94.8
2026-05-13 19:59:00,0,110,1.15,0,24.9,0.0595,-0.0135,-30.9,-33.1,-27.7,-37.2,130,-107
2026-05-13 19:59:30,0,109,1.14,0,24.2,0.0594,-0.0124,-30.7,-33.3,-27.6,-37.7,130,-129
2026-05-13 20:00:00,0,109,1.14,0,23.7,0.0594,-0.0120,-30.1,-33.1,-27.7,-37.5,129,-154
2026-05-13 20:00:30,0,108,1.14,0,23.2,0.0590,-0.0125,-29.7,-32.8,-27.5,-37.2,128,-180
2026-05-13 20:01:00,0,108,1.14,0,22.6,0.0589,-0.0115,-29.4,-32.3,-27.6,-36.9,128,-203
2026-05-13 20:01:30,0,108,1.14,0,22.2,0.0586,-0.0111,-29.2,-31.7,-27.6,-36.3,127,-224
2026-05-13 20:02:00,0,107,1.15,0,22.1,0.0586,-0.0108,-28.8,-31.0,-27.4,-35.5,125,-241
2026-05-13 20:02:30,0,107,1.13,0,21.7,0.0584,-0.0107,-28.4,-30.3,-27.1,-34.6,123,-256
2026-05-13 20:03:00,0,106,1.13,0,21.2,0.0586,-0.0105,-28.1,-29.5,-26.8,-33.4,121,-278
2026-05-13 20:03:30,0,105,1.14,0,20.8,0.0578,-0.0101,-28.6,-29.3,-27.3,-33.2,119,-272
2026-05-13 20:04:00,0,104,1.14,0,20.6,0.0583,-0.00986,-29.7,-29.9,-28.5,-33.9,119,-242
2026-05-13 20:04:30,0,104,1.15,0,21.1,0.0579,-0.00975,-30.9,-31.0,-29.5,-35.0,122,-212
2026-05-13 20:05:00,0,106,1.15,0,22.2,0.0579,-0.00982,-31.6,-32.4,-30.5,-36.3,126,-196
2026-05-13 20:05:30,0,109,1.15,0,23.8,0.0577,-0.00881,-32.7,-34.5,-31.7,-38.4,132,-177
2026-05-13 20:06:00,0,112,1.14,0,25.5,0.0574,-0.00882,-33.9,-36.9,-32.6,-41.1,139,-158
2026-05-13 20:06:30,0,114,1.15,0,27.7,0.0578,-0.00886,-34.8,-39.4,-33.2,-43.9,146,-149
2026-05-13 20:07:00,0,115,1.16,0,29.9,0.0579,-0.00913,-35.3,-41.1,-32.9,-45.7,151,-147
2026-05-13 20:07:30,0,114,1.16,0,31.9,0.0577,-0.0109,-35.5,-41.1,-32.4,-45.8,152,-144
2026-05-13 20:08:00,0,113,1.15,0,33.6,0.0577,-0.0123,-35.2,-40.9,-31.6,-45.0,152,-138
2026-05-13 20:08:30,0,111,1.14,0,34.9,0.0574,-0.0141,-34.5,-40.2,-30.7,-43.8,152,-127
2026-05-13 20:09:00,0,110,1.14,0,35.8,0.0572,-0.0144,-33.3,-39.6,-29.4,-42.1,151,-112
2026-05-13 20:09:30,0,110,1.15,0,35.8,0.0573,-0.0142,-31.3,-38.6,-28.4,-40.2,151,-97.7
2026-05-13 20:10:00,0,112,1.13,0,35.0,0.0568,-0.0138,-29.9,-37.6,-27.6,-39.0,150,-84.4
2026-05-13 20:10:30,0,113,1.14,0,33.5,0.0571,-0.0152,-28.5,-36.2,-27.2,-38.9,147,-89.4
2026-05-13 20:11:00,0,113,1.12,0,31.9,0.0569,-0.0148,-28.6,-35.3,-27.2,-39.0,144,-108
2026-05-13 20:11:30,0,111,1.15,0,30.3,0.0568,-0.0154,-27.6,-35.0,-26.3,-39.3,140,-134
2026-05-13 20:12:00,0,108,1.15,0,29.1,0.0567,-0.0153,-27.2,-34.5,-26.0,-39.8,134,-145
2026-05-13 20:12:30,0,106,1.17,0,28.5,0.0566,-0.0138,-27.9,-34.7,-26.7,-40.6,130,-150
2026-05-13 20:13:00,0,105,1.14,0,28.4,0.0565,-0.0142,-28.5,-35.0,-27.2,-41.4,128,-147
2026-05-13 20:13:30,0,104,1.14,0,29.3,0.0562,-0.0144,-29.1,-35.5,-27.6,-41.0,129,-144
2026-05-13 20:14:00,0,106,1.14,0,30.8,0.0566,-0.0134,-29.5,-36.0,-27.8,-40.4,131,-136
2026-05-13 20:14:30,0,109,1.13,0,32.2,0.0561,-0.0134,-30.2,-36.8,-28.4,-40.0,135,-127
2026-05-13 20:15:00,0,111,1.13,0,33.2,0.0559,-0.0128,-30.7,-37.4,-28.4,-40.4,138,-121
2026-05-13 20:15:30,0,112,1.13,0,33.8,0.0555,-0.0145,-30.9,-37.5,-28.4,-40.5,141,-115
2026-05-13 20:16:00,0,113,1.13,0,34.1,0.0549,-0.0138,-31.0,-37.5,-28.5,-40.5,143,-127
2026-05-13 20:16:30,0,112,1.13,0,34.0,0.0549,-0.0135,-30.5,-37.3,-28.1,-40.4,142,-152
2026-05-13 20:17:00,0,112,1.13,0,33.8,0.0548,-0.0131,-30.3,-37.0,-27.7,-40.5,141,-181
2026-05-13 20:17:30,0,111,1.12,0,33.3,0.0551,-0.0126,-29.8,-36.5,-27.9,-40.5,140,-208
2026-05-13 20:18:00,0,110,1.14,0,32.8,0.0548,-0.0122,-29.6,-36.2,-27.5,-40.2,138,-233
2026-05-13 20:18:30,0,110,1.13,0,32.3,0.0545,-0.0120,-29.0,-35.8,-27.3,-39.8,136,-255
2026-05-13 20:19:00,0,109,1.13,0,31.7,0.0542,-0.0116,-28.3,-35.3,-27.0,-39.0,134,-271
2026-05-13 20:19:30,0,109,1.13,0,30.9,0.0543,-0.0104,-27.9,-34.7,-26.8,-38.5,132,-293
2026-05-13 20:20:00,0,108,1.13,0,29.9,0.0543,-0.00989,-28.4,-34.4,-27.5,-38.4,130,-284
2026-05-13 20:20:30,0,106,1.13,0,28.8,0.0539,-0.00938,-29.7,-34.8,-28.5,-38.4,129,-254
2026-05-13 20:21:00,0,106,1.14,0,28.2,0.0538,-0.00909,-30.8,-35.7,-29.8,-38.8,132,-225
2026-05-13 20:21:30,0,107,1.15,0,28.3,0.0537,-0.00926,-31.7,-37.0,-30.2,-39.8,135,-209
2026-05-13 20:22:00,0,109,1.14,0,28.9,0.0537,-0.00888,-32.4,-38.9,-31.0,-41.6,139,-186
2026-05-13 20:22:30,0,112,1.13,0,29.9,0.0534,-0.00886,-33.6,-40.4,-31.9,-43.7,145,-165
2026-05-13 20:23:00,0,112,1.13,0,31.3,0.0531,-0.00974,-34.4,-41.3,-32.3,-44.8,150,-156
2026-05-13 20:23:30,0,112,1.13,0,33.1,0.0530,-0.0102,-34.7,-41.9,-32.1,-45.6,153,-152
2026-05-13 20:24:00,0,111,1.13,0,34.7,0.0531,-0.0106,-34.7,-41.7,-31.4,-45.6,154,-148
2026-05-13 20:24:30,0,110,1.13,0,36.0,0.0530,-0.0127,-34.2,-41.6,-30.5,-45.9,155,-141
2026-05-13 20:25:00,0,111,1.12,0,36.3,0.0524,-0.0128,-33.3,-41.0,-29.8,-45.4,155,-129
2026-05-13 20:25:30,0,111,1.14,0,36.2,0.0523,-0.0137,-31.9,-40.2,-28.9,-43.7,154,-113
2026-05-13 20:26:00,0,111,1.13,0,35.7,0.0523,-0.0146,-30.6,-38.8,-28.0,-41.1,152,-98.2
2026-05-13 20:26:30,0,113,1.14,0,35.0,0.0520,-0.0156,-29.5,-37.2,-28.0,-38.9,150,-83.2
2026-05-13 20:27:00,0,114,1.14,0,33.4,0.0519,-0.0152,-28.5,-35.8,-27.9,-38.6,147,-90.8
2026-05-13 20:27:30,0,113,1.14,0,31.0,0.0517,-0.0143,-28.6,-35.4,-27.3,-38.3,143,-110
2026-05-13 20:28:00,0,110,1.14,0,29.0,0.0513,-0.0145,-28.1,-34.0,-26.9,-38.7,138,-135
2026-05-13 20:28:30,0,106,1.12,0,27.9,0.0515,-0.0143,-27.3,-33.7,-26.4,-39.3,132,-143
2026-05-13 20:29:00,0,104,1.12,0,27.3,0.0514,-0.0145,-27.8,-33.7,-26.6,-40.3,126,-146
2026-05-13 20:29:30,0,103,1.13,0,26.9,0.0512,-0.0144,-28.4,-34.3,-27.2,-40.6,124,-143
2026-05-13 20:30:00,0,103,1.15,0,27.2,0.0512,-0.0130,-28.8,-34.9,-27.6,-39.9,125,-138
2026-05-13 20:30:30,0,105,1.14,0,28.2,0.0511,-0.0132,-29.3,-35.4,-27.4,-39.6,129,-126
2026-05-13 20:31:00,0,109,1.15,0,29.1,0.0512,-0.0128,-29.7,-36.0,-27.5,-39.2,132,-116
2026-05-13 20:31:30,0,113,1.13,0,29.8,0.0509,-0.0133,-30.3,-36.2,-27.8,-39.2,136,-106
2026-05-13 20:32:00,0,115,1.12,0,30.2,0.0504,-0.0120,-30.7,-36.8,-27.9,-39.7,140,-111
2026-05-13 20:32:30,0,118,1.12,0,30.3,0.0506,-0.0133,-32.2,-36.5,-30.5,-37.8,143,-131
2026-05-13 20:33:00,0,125,1.13,0,29.8,0.0505,-0.0131,-35.8,-35.7,-35.6,-36.2,149,-159
2026-05-13 20:33:30,0,125,1.13,0,28.6,0.0501,-0.0119,-36.2,-35.2,-35.8,-36.4,148,-191
2026-05-13 20:34:00,0,120,1.13,0,27.3,0.0500,-0.0122,-35.9,-34.7,-35.2,-36.4,144,-220
2026-05-13 20:34:30,0,116,1.12,0,25.9,0.0500,-0.0115,-35.4,-34.5,-34.3,-35.9,139,-245
2026-05-13 20:35:00,0,114,1.12,0,24.7,0.0497,-0.0103,-34.9,-33.8,-33.2,-34.7,134,-263
2026-05-13 20:35:30,0,113,1.13,0,23.9,0.0498,-0.00968,-34.3,-33.2,-31.5,-34.2,132,-278
2026-05-13 20:36:00,0,114,1.12,0,23.3,0.0499,-0.00812,-34.2,-32.8,-30.3,-33.8,130,-295
2026-05-13 20:36:30,0,113,1.13,0,22.9,0.0500,-0.00825,-34.9,-32.2,-30.1,-34.4,128,-278
2026-05-13 20:37:00,0,111,1.13,0,22.6,0.0499,-0.00796,-35.9,-32.4,-31.0,-35.4,128,-244
2026-05-13 20:37:30,0,111,1.13,0,22.9,0.0494,-0.00793,-36.3,-33.3,-32.1,-36.3,129,-215
2026-05-13 20:38:00,0,112,1.13,0,23.5,0.0494,-0.00824,-36.9,-34.4,-33.3,-37.2,132,-200
2026-05-13 20:38:30,0,115,1.11,0,24.2,0.0493,-0.00839,-38.4,-36.3,-35.3,-38.5,137,-176
2026-05-13 20:39:00,0,119,1.14,0,25.1,0.0493,-0.00869,-40.4,-38.3,-37.7,-39.7,144,-159
2026-05-13 20:39:30,0,122,1.12,0,26.0,0.0492,-0.00913,-41.5,-39.5,-40.2,-40.7,151,-152
2026-05-13 20:40:00,0,123,1.11,0,27.0,0.0491,-0.00983,-42.1,-39.7,-42.2,-40.8,154,-151
2026-05-13 20:40:30,0,122,1.11,0,28.4,0.0492,-0.0111,-42.4,-39.2,-42.6,-40.3,155,-148
2026-05-13 20:41:00,0,120,1.11,0,29.4,0.0491,-0.0129,-42.7,-38.5,-41.9,-38.8,155,-142
2026-05-13 20:41:30,0,119,1.13,0,29.9,0.0491,-0.0138,-43.0,-37.7,-41.2,-36.6,155,-133
2026-05-13 20:42:00,0,118,1.13,0,29.6,0.0490,-0.0133,-42.7,-36.6,-39.9,-34.4,157,-121
2026-05-13 20:42:30,0,118,1.12,0,28.2,0.0488,-0.0141,-41.6,-35.3,-38.3,-33.9,157,-109
2026-05-13 20:43:00,0,119,1.12,0,26.1,0.0483,-0.0147,-39.8,-34.1,-37.1,-34.0,156,-93.8
2026-05-13 20:43:30,0,120,1.13,0,24.2,0.0485,-0.0143,-37.3,-33.7,-36.2,-34.3,153,-87.7
2026-05-13 20:44:00,0,122,1.12,0,22.5,0.0482,-0.0140,-35.7,-33.3,-35.2,-34.4,149,-100
2026-05-13 20:44:30,0,120,1.11,0,21.3,0.0480,-0.0148,-33.4,-32.8,-34.5,-34.1,143,-121
2026-05-13 20:45:00,0,117,1.12,0,20.3,0.0483,-0.0139,-32.5,-32.3,-33.7,-34.2,137,-131
2026-05-13 20:45:30,0,113,1.13,0,19.3,0.0477,-0.0151,-32.7,-32.0,-32.4,-34.7,130,-132
2026-05-13 20:46:00,0,110,1.13,0,18.7,0.0479,-0.0134,-33.3,-31.9,-31.5,-35.1,125,-130
2026-05-13 20:46:30,0,108,1.13,0,19.0,0.0477,-0.0135,-34.1,-30.9,-31.0,-35.0,124,-126
2026-05-13 20:47:00,0,109,1.13,0,20.3,0.0476,-0.0143,-35.0,-30.1,-30.4,-34.8,124,-118
2026-05-13 20:47:30,0,111,1.13,0,21.7,0.0472,-0.0134,-36.1,-29.8,-30.0,-34.3,127,-112
2026-05-13 20:48:00,0,113,1.14,0,22.4,0.0474,-0.0134,-37.3,-29.9,-29.9,-33.9,129,-105
2026-05-13 20:48:30,0,114,1.14,0,22.5,0.0474,-0.0134,-37.9,-30.2,-29.9,-34.0,132,-109
2026-05-13 20:49:00,0,114,1.13,0,22.5,0.0474,-0.0130,-38.1,-30.1,-29.5,-33.7,133,-127
2026-05-13 20:49:30,0,114,1.14,0,22.1,0.0471,-0.0120,-37.6,-29.7,-29.0,-33.2,132,-152
2026-05-13 20:50:00,0,112,1.13,0,21.4,0.0467,-0.0123,-37.1,-29.1,-28.5,-33.2,130,-178
2026-05-13 20:50:30,0,110,1.13,0,20.5,0.0466,-0.0123,-36.4,-28.6,-28.0,-33.2,127,-201
2026-05-13 20:51:00,0,109,1.13,0,20.0,0.0466,-0.0131,-35.5,-28.1,-27.6,-32.9,124,-221
2026-05-13 20:51:30,0,107,1.12,0,19.8,0.0464,-0.0126,-34.3,-27.6,-26.9,-32.3,121,-237
2026-05-13 20:52:00,0,107,1.13,0,19.6,0.0463,-0.0121,-33.1,-27.0,-26.2,-31.6,119,-251
2026-05-13 20:52:30,0,105,1.13,0,19.3,0.0463,-0.0116,-31.8,-26.5,-25.5,-30.7,116,-272
2026-05-13 20:53:00,0,104,1.13,0,18.9,0.0466,-0.0112,-31.4,-26.4,-25.4,-30.6,114,-272
2026-05-13 20:53:30,0,103,1.12,0,18.2,0.0465,-0.0109,-32.0,-27.0,-26.1,-31.6,113,-245
2026-05-13 20:54:00,0,103,1.11,0,18.1,0.0464,-0.0108,-32.9,-28.2,-27.4,-33.0,116,-215
2026-05-13 20:54:30,0,106,1.12,0,18.9,0.0459,-0.0102,-34.0,-29.5,-28.8,-34.6,121,-198
2026-05-13 20:55:00,0,110,1.13,0,20.1,0.0462,-0.0108,-35.9,-31.2,-30.8,-36.7,128,-179
2026-05-13 20:55:30,0,115,1.13,0,21.4,0.0460,-0.0111,-38.2,-33.3,-33.1,-39.2,136,-160
2026-05-13 20:56:00,0,119,1.13,0,23.0,0.0460,-0.0109,-40.7,-35.3,-35.1,-41.3,144,-150
2026-05-13 20:56:30,0,123,1.12,0,24.5,0.0455,-0.0111,-42.8,-37.3,-37.0,-41.4,151,-145
2026-05-13 20:57:00,0,125,1.13,0,25.3,0.0459,-0.0117,-43.2,-38.6,-38.5,-40.4,154,-141
2026-05-13 20:57:30,0,124,1.13,0,25.6,0.0460,-0.0121,-43.2,-38.5,-39.4,-38.4,155,-137
2026-05-13 20:58:00,0,122,1.13,0,25.6,0.0457,-0.0129,-42.9,-37.6,-39.6,-36.5,156,-128
2026-05-13 20:58:30,0,122,1.15,0,25.0,0.0455,-0.0131,-42.3,-36.8,-39.1,-34.9,156,-118
2026-05-13 20:59:00,0,121,1.14,0,23.8,0.0453,-0.0131,-40.9,-35.9,-38.3,-34.2,155,-107
2026-05-13 20:59:30,0,120,1.11,0,22.1,0.0450,-0.0128,-38.7,-34.7,-37.3,-34.2,153,-92.4
2026-05-13 21:00:00,0,119,1.12,0,20.7,0.0446,-0.0132,-36.4,-34.1,-35.7,-34.4,148,-90.8
2026-05-13 21:00:30,0,118,1.13,0,19.6,0.0443,-0.0134,-34.3,-33.4,-33.8,-34.0,142,-104
2026-05-13 21:01:00,0,116,1.13,0,19.2,0.0443,-0.0128,-33.4,-32.7,-31.8,-33.5,137,-123
2026-05-13 21:01:30,0,113,1.13,0,18.7,0.0446,-0.0132,-32.5,-31.3,-30.0,-33.4,130,-127
2026-05-13 21:02:00,0,108,1.13,0,18.6,0.0446,-0.0142,-32.6,-29.9,-28.9,-33.1,123,-125
2026-05-13 21:02:30,0,105,1.13,0,18.7,0.0445,-0.0143,-33.4,-29.0,-28.3,-33.2,119,-123
2026-05-13 21:03:00,0,104,1.13,0,19.3,0.0443,-0.0138,-34.0,-28.3,-28.0,-32.9,118,-120
2026-05-13 21:03:30,0,104,1.12,0,20.4,0.0442,-0.0130,-34.1,-28.1,-27.9,-32.3,119,-114
2026-05-13 21:04:00,0,105,1.12,0,21.5,0.0441,-0.0130,-34.7,-28.0,-28.0,-32.1,121,-108
2026-05-13 21:04:30,0,106,1.12,0,22.5,0.0439,-0.0133,-35.7,-28.3,-28.2,-32.1,124,-105
2026-05-13 21:05:00,0,106,1.13,0,23.2,0.0442,-0.0128,-36.4,-28.5,-28.2,-32.2,126,-112
2026-05-13 21:05:30,0,107,1.13,0,23.8,0.0440,-0.0132,-36.7,-28.6,-28.0,-31.9,128,-131
2026-05-13 21:06:00,0,108,1.13,0,24.2,0.0437,-0.0118,-36.4,-28.2,-27.5,-31.7,128,-155
2026-05-13 21:06:30,0,107,1.13,0,24.1,0.0436,-0.0131,-36.0,-27.7,-27.1,-31.8,127,-180
2026-05-13 21:07:00,0,105,1.12,0,23.8,0.0434,-0.0115,-35.4,-27.3,-26.8,-31.8,125,-202
2026-05-13 21:07:30,0,104,1.13,0,23.8,0.0433,-0.0114,-34.7,-27.0,-26.5,-31.7,122,-223
2026-05-13 21:08:00,0,102,1.13,0,23.9,0.0434,-0.0113,-33.7,-26.6,-26.1,-31.5,120,-240
2026-05-13 21:08:30,0,101,1.11,0,24.2,0.0433,-0.0110,-32.6,-26.3,-25.5,-30.9,118,-254
2026-05-13 21:09:00,0,99.5,1.10,0,24.4,0.0435,-0.0105,-31.4,-25.9,-25.0,-30.3,116,-277
2026-05-13 21:09:30,0,98.3,1.10,0,24.5,0.0430,-0.00979,-31.2,-26.2,-25.2,-30.6,114,-269
2026-05-13 21:10:00,0,96.6,1.11,0,24.3,0.0430,-0.00905,-31.9,-27.2,-26.3,-31.8,115,-240
2026-05-13 21:10:30,0,96.6,1.10,0,24.7,0.0427,-0.00953,-33.0,-28.5,-27.7,-33.2,118,-212
2026-05-13 21:11:00,0,99.1,1.09,0,26.0,0.0428,-0.00887,-34.2,-29.9,-29.3,-34.8,122,-197
2026-05-13 21:11:30,0,102,1.11,0,27.4,0.0430,-0.00870,-36.0,-31.8,-31.5,-36.9,129,-177
2026-05-13 21:12:00,0,105,1.11,0,29.1,0.0430,-0.00880,-38.4,-33.9,-33.7,-39.4,137,-159
2026-05-13 21:12:30,0,108,1.09,0,31.2,0.0424,-0.00927,-40.9,-36.0,-35.9,-41.4,144,-150
2026-05-13 21:13:00,0,111,1.09,0,33.0,0.0424,-0.00927,-42.5,-37.8,-37.6,-41.5,150,-145
2026-05-13 21:13:30,0,112,1.07,0,34.0,0.0426,-0.0104,-43.0,-38.6,-38.8,-40.4,153,-141
2026-05-13 21:14:00,0,111,1.09,0,34.6,0.0425,-0.0117,-43.0,-38.2,-39.6,-38.4,154,-134
2026-05-13 21:14:30,0,110,1.09,0,35.0,0.0425,-0.0124,-42.7,-37.2,-39.5,-35.9,154,-123
2026-05-13 21:15:00,0,110,1.10,0,34.8,0.0423,-0.0122,-41.8,-36.2,-38.6,-34.4,155,-112
2026-05-13 21:15:30,0,110,1.09,0,33.5,0.0422,-0.0133,-40.2,-35.1,-37.5,-33.7,154,-98.5
2026-05-13 21:16:00,0,111,1.09,0,31.9,0.0415,-0.0146,-37.8,-34.0,-36.1,-33.5,151,-84.6
2026-05-13 21:16:30,0,111,1.11,0,30.6,0.0415,-0.0136,-35.6,-33.5,-34.3,-33.6,147,-88.9
2026-05-13 21:17:00,0,110,1.11,0,29.6,0.0415,-0.0142,-34.2,-32.9,-32.2,-33.4,142,-105
2026-05-13 21:17:30,0,107,1.10,0,29.0,0.0418,-0.0138,-33.0,-32.0,-30.3,-33.1,136,-123
2026-05-13 21:18:00,0,104,1.08,0,28.8,0.0418,-0.0146,-32.5,-30.4,-28.9,-32.5,128,-124
2026-05-13 21:18:30,0,99.9,1.08,0,28.7,0.0415,-0.0147,-33.2,-29.2,-28.3,-32.5,123,-124
2026-05-13 21:19:00,0,98.3,1.10,0,29.0,0.0413,-0.0147,-34.3,-28.4,-28.1,-32.9,121,-124
2026-05-13 21:19:30,0,98.9,1.10,0,29.9,0.0412,-0.0138,-34.6,-28.2,-28.0,-33.2,122,-123
2026-05-13 21:20:00,0,101,1.09,0,30.9,0.0409,-0.0137,-35.3,-28.1,-27.9,-32.8,124,-117
2026-05-13 21:20:30,0,103,1.10,0,31.7,0.0410,-0.0130,-36.5,-28.4,-28.2,-32.8,127,-113
2026-05-13 21:21:00,0,105,1.08,0,31.6,0.0411,-0.0128,-37.9,-28.9,-28.6,-33.1,131,-111
2026-05-13 21:21:30,0,106,1.08,0,31.5,0.0410,-0.0133,-38.8,-29.4,-28.9,-33.5,134,-126
2026-05-13 21:22:00,0,107,1.08,0,31.1,0.0407,-0.0130,-38.8,-29.6,-28.9,-33.8,135,-151
2026-05-13 21:22:30,0,107,1.06,0,30.6,0.0406,-0.0125,-38.4,-29.5,-28.7,-34.0,134,-179
2026-05-13 21:23:00,0,107,1.05,0,30.1,0.0404,-0.0122,-37.7,-29.3,-28.6,-33.9,133,-207
2026-05-13 21:23:30,0,105,1.06,0,29.7,0.0402,-0.0120,-36.9,-29.2,-28.3,-33.9,130,-231
2026-05-13 21:24:00,0,104,1.06,0,29.3,0.0401,-0.0111,-35.8,-28.8,-27.8,-33.4,127,-251
2026-05-13 21:24:30,0,103,1.08,0,28.8,0.0396,-0.0104,-34.4,-28.3,-27.1,-32.6,125,-265
2026-05-13 21:25:00,0,102,1.07,0,28.3,0.0401,-0.0103,-32.9,-27.5,-26.1,-31.6,121,-279
2026-05-13 21:25:30,0,101,1.06,0,27.7,0.0397,-0.00959,-31.5,-27.0,-25.5,-30.8,118,-292
2026-05-13 21:26:00,0,98.9,1.06,0,27.0,0.0401,-0.00903,-31.3,-27.3,-26.0,-31.1,116,-270
2026-05-13 21:26:30,0,97.8,1.06,0,26.3,0.0400,-0.00860,-31.7,-28.3,-27.3,-32.0,116,-236
2026-05-13 21:27:00,0,99.2,1.06,0,26.7,0.0396,-0.00762,-32.6,-29.7,-28.8,-33.2,120,-208
2026-05-13 21:27:30,0,103,1.05,0,27.7,0.0394,-0.00741,-34.0,-31.5,-30.5,-34.7,126,-193
2026-05-13 21:28:00,0,108,1.05,0,28.9,0.0394,-0.00747,-36.2,-33.7,-33.0,-37.0,133,-171
2026-05-13 21:28:30,0,113,1.06,0,30.5,0.0393,-0.00791,-38.6,-36.4,-35.6,-39.7,143,-158
2026-05-13 21:29:00,0,119,1.06,0,32.3,0.0390,-0.00781,-41.1,-38.9,-38.1,-41.5,153,-153
2026-05-13 21:29:30,0,122,1.06,0,33.5,0.0389,-0.00838,-42.8,-40.3,-40.6,-41.9,158,-152
2026-05-13 21:30:00,0,122,1.05,0,33.6,0.0387,-0.00922,-42.9,-40.0,-42.3,-41.6,159,-153
2026-05-13 21:30:30,0,119,1.04,0,34.3,0.0388,-0.0108,-43.0,-39.3,-42.1,-40.8,158,-152
2026-05-13 21:31:00,0,116,1.03,0,35.3,0.0388,-0.0120,-43.0,-38.3,-41.2,-39.2,157,-147
2026-05-13 21:31:30,0,115,1.04,0,35.7,0.0387,-0.0135,-43.2,-37.5,-40.6,-36.9,157,-137
2026-05-13 21:32:00,0,115,1.04,0,35.4,0.0388,-0.0147,-42.7,-36.2,-39.3,-34.8,158,-123
2026-05-13 21:32:30,0,112,1.04,0,33.8,0.0388,-0.0144,-39.5,-34.9,-35.2,-34.0,154,-109
2026-05-13 21:33:00,0,99.4,1.04,0,31.8,0.0385,-0.0145,-33.5,-32.2,-27.7,-33.2,138,-93.7
2026-05-13 21:33:30,0,99.6,1.03,0,29.7,0.0382,-0.0144,-31.0,-31.6,-26.6,-33.4,134,-90.9
2026-05-13 21:34:00,0,100,1.02,0,28.2,0.0378,-0.0139,-29.4,-31.2,-25.6,-32.8,131,-102
2026-05-13 21:34:30,0,102,1.02,0,27.6,0.0374,-0.0150,-28.4,-30.3,-25.4,-33.3,129,-120
2026-05-13 21:35:00,0,100,1.04,0,26.8,0.0374,-0.0145,-27.0,-30.2,-24.4,-33.7,125,-122
2026-05-13 21:35:30,0,97.6,1.03,0,25.9,0.0377,-0.0144,-27.1,-30.5,-24.0,-34.4,120,-120
2026-05-13 21:36:00,0,94.6,1.03,0,25.2,0.0380,-0.0143,-27.7,-30.6,-24.4,-35.3,115,-120
2026-05-13 21:36:30,0,92.4,1.02,0,24.5,0.0379,-0.0135,-28.3,-31.0,-24.9,-35.3,113,-118
2026-05-13 21:37:00,0,93.2,1.00,0,24.5,0.0377,-0.0123,-28.7,-31.3,-25.0,-35.1,113,-109
2026-05-13 21:37:30,0,96.4,1.01,0,24.8,0.0375,-0.0126,-29.1,-31.8,-25.3,-34.2,116,-99.0
2026-05-13 21:38:00,0,101,1.02,0,25.1,0.0374,-0.0125,-30.1,-32.3,-25.9,-33.9,120,-94.3
2026-05-13 21:38:30,0,105,1.02,0,25.3,0.0374,-0.0122,-30.8,-32.6,-26.2,-33.7,125,-101
2026-05-13 21:39:00,0,106,1.03,0,25.4,0.0370,-0.0118,-30.5,-32.4,-25.9,-33.6,127,-120
2026-05-13 21:39:30,0,106,1.02,0,24.9,0.0370,-0.0115,-30.1,-31.9,-25.7,-33.8,126,-145
2026-05-13 21:40:00,0,104,1.02,0,24.0,0.0368,-0.0111,-30.2,-31.3,-25.6,-34.4,124,-170
2026-05-13 21:40:30,0,101,1.03,0,22.9,0.0370,-0.0120,-30.1,-30.8,-25.6,-34.9,121,-194
2026-05-13 21:41:00,0,99.6,1.02,0,22.1,0.0371,-0.0117,-29.6,-30.3,-25.6,-34.9,118,-213
2026-05-13 21:41:30,0,99.6,1.02,0,21.7,0.0370,-0.0111,-29.4,-29.5,-25.6,-34.3,117,-229
2026-05-13 21:42:00,0,100,1.02,0,21.5,0.0370,-0.0112,-29.1,-28.8,-25.5,-33.3,116,-242
2026-05-13 21:42:30,0,100,1.04,0,21.4,0.0372,-0.0105,-28.7,-28.0,-25.2,-32.4,115,-264
2026-05-13 21:43:00,0,99.7,1.03,0,21.3,0.0369,-0.0105,-29.4,-28.0,-26.0,-32.5,114,-258
2026-05-13 21:43:30,0,98.0,1.04,0,21.0,0.0367,-0.0103,-30.4,-28.6,-27.0,-33.5,114,-231
2026-05-13 21:44:00,0,97.2,1.04,0,21.2,0.0365,-0.0104,-31.7,-29.6,-27.9,-35.1,117,-205
2026-05-13 21:44:30,0,98.9,1.03,0,21.7,0.0363,-0.00926,-32.6,-30.9,-28.7,-36.7,120,-191
2026-05-13 21:45:00,0,101,1.03,0,22.4,0.0365,-0.00998,-33.6,-32.6,-29.6,-38.4,125,-171
2026-05-13 21:45:30,0,103,1.03,0,23.2,0.0361,-0.0107,-34.9,-34.5,-30.5,-39.4,130,-150
2026-05-13 21:46:00,0,104,1.03,0,24.5,0.0358,-0.0119,-35.6,-35.9,-30.6,-39.4,134,-135
2026-05-13 21:46:30,0,103,1.04,0,26.3,0.0357,-0.0123,-35.7,-36.1,-30.1,-38.1,135,-122
2026-05-13 21:47:00,0,102,1.03,0,27.6,0.0356,-0.0139,-35.0,-35.8,-29.3,-36.3,135,-107
2026-05-13 21:47:30,0,102,1.02,0,28.0,0.0358,-0.0133,-33.7,-34.9,-28.2,-34.4,135,-92.4
2026-05-13 21:48:00,0,101,1.02,0,27.4,0.0357,-0.0135,-31.9,-33.9,-27.0,-33.1,133,-78.4
2026-05-13 21:48:30,0,102,1.02,0,25.7,0.0355,-0.0133,-30.2,-33.2,-26.3,-33.0,131,-68.1
2026-05-13 21:49:00,0,101,1.03,0,23.7,0.0354,-0.0142,-29.0,-32.1,-26.1,-33.0,128,-77.7
2026-05-13 21:49:30,0,98.6,1.01,0,21.9,0.0355,-0.0145,-28.1,-31.4,-25.0,-33.3,123,-95.6
2026-05-13 21:50:00,0,96.8,1.01,0,20.4,0.0349,-0.0141,-27.2,-30.8,-24.4,-33.4,118,-116
2026-05-13 21:50:30,0,95.9,1.01,0,19.6,0.0351,-0.0132,-26.3,-30.2,-23.8,-33.3,114,-126
2026-05-13 21:51:00,0,97.9,1.02,0,19.1,0.0348,-0.0133,-26.6,-29.6,-23.8,-33.3,112,-119
2026-05-13 21:51:30,0,99.0,1.02,0,19.0,0.0350,-0.0134,-27.5,-28.7,-24.1,-33.2,111,-113
2026-05-13 21:52:00,0,99.8,1.02,0,19.4,0.0344,-0.0125,-28.7,-28.0,-24.6,-33.0,112,-108
2026-05-13 21:52:30,0,101,1.01,0,20.4,0.0345,-0.0126,-29.7,-27.6,-25.1,-32.3,114,-104
2026-05-13 21:53:00,0,103,1.04,0,21.4,0.0347,-0.0127,-30.7,-27.6,-25.8,-31.9,116,-101
2026-05-13 21:53:30,0,104,1.03,0,21.5,0.0344,-0.0131,-31.8,-28.1,-26.4,-32.0,119,-99.2
2026-05-13 21:54:00,0,105,1.02,0,21.3,0.0343,-0.0145,-32.7,-28.6,-27.0,-32.5,122,-101
2026-05-13 21:54:30,0,106,1.02,0,21.1,0.0342,-0.0134,-32.4,-28.8,-27.4,-32.6,123,-119
2026-05-13 21:55:00,0,107,1.02,0,20.9,0.0341,-0.0132,-31.9,-28.8,-27.3,-32.8,124,-143
2026-05-13 21:55:30,0,107,1.03,0,20.5,0.0342,-0.0133,-31.0,-28.6,-27.1,-32.9,123,-167
2026-05-13 21:56:00,0,105,1.02,0,20.3,0.0340,-0.0131,-30.7,-28.2,-26.9,-32.8,121,-191
2026-05-13 21:56:30,0,104,1.03,0,20.2,0.0340,-0.0119,-30.4,-28.0,-26.7,-32.8,118,-210
2026-05-13 21:57:00,0,101,1.01,0,20.0,0.0340,-0.0108,-29.6,-27.5,-26.5,-32.3,116,-227
2026-05-13 21:57:30,0,99.1,1.01,0,19.8,0.0338,-0.0110,-29.1,-26.9,-26.0,-31.5,113,-241
2026-05-13 21:58:00,0,98.2,1.01,0,19.7,0.0334,-0.0114,-28.7,-26.3,-25.2,-30.7,111,-260
2026-05-13 21:58:30,0,97.3,1.02,0,19.5,0.0330,-0.0110,-28.8,-26.0,-24.9,-30.4,109,-267
2026-05-13 21:59:00,0,96.0,1.02,0,19.1,0.0335,-0.00984,-29.8,-26.4,-25.4,-31.2,109,-245
2026-05-13 21:59:30,0,95.3,1.00,0,19.1,0.0336,-0.00940,-31.0,-27.3,-26.5,-32.5,111,-215
2026-05-13 22:00:00,0,96.9,1.02,0,19.8,0.0333,-0.00957,-32.2,-28.5,-27.7,-34.0,115,-194
2026-05-13 22:00:30,0,99.8,1.01,0,21.0,0.0331,-0.00943,-33.2,-30.1,-29.2,-36.0,120,-177
2026-05-13 22:01:00,0,102,1.02,0,21.9,0.0329,-0.00985,-34.5,-32.0,-30.3,-38.5,126,-156
2026-05-13 22:01:30,0,103,1.03,0,22.8,0.0327,-0.0106,-35.5,-34.1,-30.9,-39.8,131,-142
2026-05-13 22:02:00,0,103,1.02,0,24.2,0.0328,-0.0102,-36.1,-35.6,-30.9,-39.2,134,-131
2026-05-13 22:02:30,0,102,1.02,0,25.7,0.0327,-0.00997,-36.2,-36.0,-29.9,-37.5,135,-117
2026-05-13 22:03:00,0,101,1.02,0,26.5,0.0326,-0.0117,-35.2,-35.3,-28.8,-35.3,135,-103
2026-05-13 22:03:30,0,101,1.02,0,26.6,0.0324,-0.0114,-33.8,-34.4,-27.5,-33.7,135,-86.5
2026-05-13 22:04:00,0,101,1.01,0,25.8,0.0326,-0.0110,-31.4,-33.3,-26.5,-32.7,133,-69.8
2026-05-13 22:04:30,0,102,0.997,0,24.3,0.0326,-0.0102,-29.5,-32.3,-25.8,-32.6,129,-64.5
2026-05-13 22:05:00,0,102,1.02,0,22.5,0.0324,-0.0101,-28.5,-31.6,-25.2,-32.8,126,-77.9
2026-05-13 22:05:30,0,99.0,1.00,0,20.9,0.0323,-0.0102,-27.1,-31.1,-24.3,-32.8,121,-95.9
2026-05-13 22:06:00,0,97.8,1.01,0,20.0,0.0324,-0.0103,-26.3,-30.4,-23.9,-32.6,116,-114
2026-05-13 22:06:30,0,98.1,1.00,0,19.4,0.0321,-0.00999,-26.2,-29.3,-23.7,-31.6,112,-112
2026-05-13 22:07:00,0,99.0,1.00,0,19.0,0.0319,-0.0108,-26.7,-27.9,-23.6,-31.3,109,-106
2026-05-13 22:07:30,0,100,1.00,0,19.3,0.0319,-0.0101,-27.6,-27.2,-24.1,-31.3,110,-102
2026-05-13 22:08:00,0,102,1.00,0,20.4,0.0316,-0.0109,-29.1,-26.8,-24.4,-30.9,112,-101
2026-05-13 22:08:30,0,103,1.01,0,21.4,0.0316,-0.0104,-30.5,-26.7,-24.4,-30.8,114,-98.8
2026-05-13 22:09:00,0,104,1.01,0,21.7,0.0313,-0.0103,-31.7,-26.9,-24.7,-30.7,116,-97.7
2026-05-13 22:09:30,0,104,1.01,0,21.4,0.0314,-0.00969,-33.0,-27.4,-25.3,-31.4,119,-101
2026-05-13 22:10:00,0,105,1.01,0,21.1,0.0315,-0.0101,-33.1,-27.7,-26.2,-32.0,121,-113
2026-05-13 22:10:30,0,106,1.01,0,21.2,0.0311,-0.0107,-32.7,-27.9,-26.6,-32.3,122,-134
2026-05-13 22:11:00,0,107,1.00,0,21.3,0.0309,-0.0119,-32.0,-27.7,-26.8,-32.5,123,-159
2026-05-13 22:11:30,0,106,1.01,0,21.2,0.0307,-0.0119,-31.2,-27.5,-26.9,-32.4,121,-184
2026-05-13 22:12:00,0,104,1.03,0,21.0,0.0306,-0.0121,-30.7,-27.3,-26.8,-32.5,119,-207
2026-05-13 22:12:30,0,102,0.997,0,20.8,0.0306,-0.0113,-30.4,-27.1,-26.6,-32.3,116,-226
2026-05-13 22:13:00,0,99.7,1.01,0,20.6,0.0310,-0.0114,-29.7,-26.8,-26.1,-31.8,114,-241
2026-05-13 22:13:30,0,98.6,1.01,0,20.5,0.0307,-0.0119,-29.1,-26.3,-25.4,-31.0,111,-254
2026-05-13 22:14:00,0,97.7,1.01,0,20.2,0.0304,-0.0105,-28.7,-25.7,-24.7,-30.2,109,-274
2026-05-13 22:14:30,0,96.9,1.01,0,19.9,0.0303,-0.0106,-29.4,-26.0,-24.9,-30.5,108,-262
2026-05-13 22:15:00,0,95.6,1.02,0,19.6,0.0302,-0.0102,-30.6,-26.8,-25.9,-31.7,109,-231
2026-05-13 22:15:30,0,96.5,1.02,0,20.0,0.0305,-0.0103,-31.8,-28.1,-27.1,-33.2,113,-203
2026-05-13 22:16:00,0,99.6,1.02,0,21.0,0.0302,-0.00952,-32.7,-29.5,-28.7,-34.9,118,-189
2026-05-13 22:16:30,0,103,1.01,0,22.1,0.0301,-0.00932,-34.0,-31.3,-30.0,-37.3,124,-169
2026-05-13 22:17:00,0,104,1.00,0,23.0,0.0308,-0.0102,-35.1,-33.6,-30.8,-39.7,130,-151
2026-05-13 22:17:30,0,105,1.000,0,24.1,0.0311,-0.00919,-35.9,-35.6,-31.2,-40.2,134,-141
2026-05-13 22:18:00,0,103,1.01,0,25.8,0.0308,-0.00990,-36.4,-36.5,-30.6,-39.2,135,-132
2026-05-13 22:18:30,0,101,1.01,0,27.3,0.0307,-0.0104,-36.4,-36.1,-29.7,-37.4,135,-118
2026-05-13 22:19:00,0,100,0.992,0,28.2,0.0309,-0.0119,-35.4,-35.5,-28.7,-35.1,135,-101
2026-05-13 22:19:30,0,100,1.00,0,28.2,0.0305,-0.0110,-33.6,-34.3,-27.4,-33.2,135,-84.0
2026-05-13 22:20:00,0,101,0.987,0,27.1,0.0307,-0.0107,-31.3,-33.0,-26.2,-32.5,133,-66.3
2026-05-13 22:20:30,0,103,0.986,0,25.3,0.0311,-0.0104,-29.4,-32.4,-25.8,-32.4,131,-66.1
2026-05-13 22:21:00,0,102,0.982,0,23.3,0.0306,-0.0105,-28.2,-31.7,-24.9,-32.6,126,-81.4
2026-05-13 22:21:30,0,99.1,0.989,0,21.8,0.0304,-0.0103,-26.9,-31.0,-24.5,-32.8,121,-102
2026-05-13 22:22:00,0,97.5,0.992,0,20.8,0.0302,-0.0112,-26.3,-30.5,-23.8,-33.0,116,-111
2026-05-13 22:22:30,0,98.0,0.982,0,20.3,0.0301,-0.0106,-25.9,-29.8,-23.6,-32.9,112,-107
2026-05-13 22:23:00,0,99.0,0.996,0,20.0,0.0303,-0.0105,-26.8,-28.8,-24.0,-32.7,110,-103
2026-05-13 22:23:30,0,100.0,0.997,0,20.2,0.0302,-0.0106,-27.9,-27.9,-24.3,-32.5,111,-100
2026-05-13 22:24:00,0,102,1.01,0,21.6,0.0300,-0.0101,-29.1,-27.5,-24.7,-31.9,113,-98.3
2026-05-13 22:24:30,0,104,1.01,0,22.9,0.0296,-0.00998,-30.5,-27.4,-25.3,-31.5,116,-93.7
2026-05-13 22:25:00,0,105,1.01,0,23.2,0.0295,-0.00989,-31.9,-27.7,-25.5,-31.6,119,-97.3
2026-05-13 22:25:30,0,104,0.996,0,22.9,0.0292,-0.00957,-32.5,-28.1,-26.0,-31.8,121,-103
2026-05-13 22:26:00,0,104,0.983,0,22.5,0.0296,-0.0104,-32.5,-28.2,-26.5,-32.4,122,-125
2026-05-13 22:26:30,0,104,0.980,0,22.1,0.0294,-0.0115,-32.1,-28.1,-26.8,-32.8,122,-149
2026-05-13 22:27:00,0,104,0.995,0,22.1,0.0295,-0.0107,-31.6,-27.8,-27.0,-32.9,121,-174
2026-05-13 22:27:30,0,103,1.00,0,22.0,0.0295,-0.00967,-30.8,-27.6,-27.1,-33.0,119,-198
2026-05-13 22:28:00,0,102,1.00,0,22.1,0.0297,-0.0104,-30.7,-27.4,-26.9,-32.7,118,-217
2026-05-13 22:28:30,0,101,0.999,0,22.1,0.0294,-0.0102,-30.1,-27.1,-26.5,-32.4,116,-235
2026-05-13 22:29:00,0,100.0,0.994,0,22.0,0.0297,-0.0108,-29.4,-26.7,-25.9,-31.6,114,-248
2026-05-13 22:29:30,0,98.9,1.00,0,21.9,0.0292,-0.0102,-28.9,-26.2,-25.2,-30.7,112,-267
2026-05-13 22:30:00,0,97.7,1.00,0,21.6,0.0297,-0.00976,-29.1,-26.1,-24.9,-30.4,110,-274
2026-05-13 22:30:30,0,96.0,1.01,0,21.1,0.0289,-0.00916,-30.2,-26.7,-25.7,-31.3,110,-249
2026-05-13 22:31:00,0,95.2,1.01,0,20.9,0.0294,-0.00915,-31.3,-27.8,-26.9,-32.6,112,-218
2026-05-13 22:31:30,0,97.3,0.987,0,21.7,0.0291,-0.00903,-32.3,-29.1,-28.3,-34.2,116,-197
2026-05-13 22:32:00,0,100,0.983,0,22.8,0.0291,-0.00867,-33.5,-30.8,-29.7,-36.2,122,-181
2026-05-13 22:32:30,0,103,0.977,0,23.8,0.0286,-0.00895,-34.5,-33.0,-30.8,-38.7,128,-160
2026-05-13 22:33:00,0,104,0.979,0,24.7,0.0285,-0.00938,-35.5,-35.3,-31.4,-40.2,133,-147
2026-05-13 22:33:30,0,103,0.978,0,26.4,0.0282,-0.0101,-36.2,-36.6,-30.9,-40.2,136,-139
2026-05-13 22:34:00,0,101,0.970,0,28.2,0.0288,-0.00968,-36.4,-36.5,-30.3,-38.8,136,-128
2026-05-13 22:34:30,0,99.4,0.963,0,29.7,0.0285,-0.0109,-36.1,-36.2,-29.4,-36.9,136,-113
2026-05-13 22:35:00,0,98.1,0.971,0,30.2,0.0281,-0.0109,-34.7,-35.0,-28.1,-34.5,135,-96.6
2026-05-13 22:35:30,0,98.6,0.969,0,29.8,0.0284,-0.0108,-32.7,-34.1,-26.9,-32.9,135,-78.6
2026-05-13 22:36:00,0,99.2,0.969,0,28.2,0.0278,-0.0104,-30.2,-32.7,-26.2,-32.6,132,-64.3
2026-05-13 22:36:30,0,99.9,0.975,0,26.0,0.0278,-0.0101,-29.0,-32.1,-25.5,-32.5,129,-71.5
2026-05-13 22:37:00,0,98.1,0.963,0,23.9,0.0280,-0.0100,-27.7,-31.4,-24.6,-32.5,124,-88.9
2026-05-13 22:37:30,0,95.9,0.986,0,22.3,0.0275,-0.0104,-26.8,-30.7,-24.3,-32.8,120,-109
2026-05-13 22:38:00,0,95.0,0.973,0,21.4,0.0280,-0.00927,-26.2,-30.2,-23.6,-33.0,114,-108
2026-05-13 22:38:30,0,96.3,0.994,0,20.9,0.0277,-0.00900,-26.1,-29.7,-23.6,-33.3,111,-103
2026-05-13 22:39:00,0,98.1,0.994,0,20.9,0.0274,-0.00940,-27.1,-28.9,-24.0,-33.1,111,-98.8
2026-05-13 22:39:30,0,99.7,0.979,0,21.5,0.0276,-0.00889,-28.1,-28.2,-24.4,-32.6,112,-96.7
2026-05-13 22:40:00,0,102,0.991,0,22.8,0.0274,-0.00847,-29.3,-27.8,-24.8,-31.9,115,-91.0
2026-05-13 22:40:30,0,104,0.996,0,23.9,0.0270,-0.00805,-30.7,-27.6,-25.3,-31.3,117,-90.3
2026-05-13 22:41:00,0,104,1.00,0,24.0,0.0267,-0.00773,-32.1,-27.9,-25.8,-31.4,120,-96.5
2026-05-13 22:41:30,0,103,0.996,0,23.6,0.0266,-0.00816,-32.4,-28.2,-26.1,-32.0,122,-112
2026-05-13 22:42:00,0,103,0.978,0,23.2,0.0268,-0.00877,-32.3,-28.2,-26.5,-32.4,122,-135
2026-05-13 22:42:30,0,104,0.986,0,23.0,0.0264,-0.00966,-31.7,-28.0,-26.7,-32.6,121,-159
2026-05-13 22:43:00,0,104,0.987,0,22.8,0.0263,-0.00997,-31.3,-27.6,-26.8,-32.6,121,-183
2026-05-13 22:43:30,0,103,0.982,0,22.7,0.0265,-0.0101,-31.0,-27.3,-26.9,-32.5,120,-204
2026-05-13 22:44:00,0,102,0.977,0,22.6,0.0268,-0.00973,-30.5,-27.2,-26.8,-32.3,118,-225
2026-05-13 22:44:30,0,101,0.982,0,22.6,0.0265,-0.00991,-29.8,-26.9,-26.3,-32.0,116,-241
2026-05-13 22:45:00,0,99.6,0.970,0,22.7,0.0263,-0.00956,-29.4,-26.6,-25.8,-31.3,115,-256
2026-05-13 22:45:30,0,98.3,0.971,0,22.4,0.0262,-0.00902,-29.1,-26.2,-25.3,-30.5,112,-277
2026-05-13 22:46:00,0,97.0,0.964,0,22.1,0.0262,-0.00837,-29.7,-26.5,-25.6,-31.0,111,-264
2026-05-13 22:46:30,0,95.2,0.964,0,21.6,0.0263,-0.00732,-30.9,-27.5,-26.7,-32.2,112,-233
2026-05-13 22:47:00,0,96.0,0.966,0,21.8,0.0264,-0.00781,-31.9,-28.7,-28.0,-33.6,115,-205
2026-05-13 22:47:30,0,98.4,0.969,0,22.7,0.0265,-0.00813,-32.8,-30.2,-29.3,-35.3,119,-192
2026-05-13 22:48:00,0,101,0.981,0,23.7,0.0267,-0.00821,-34.0,-32.1,-30.4,-37.6,125,-171
2026-05-13 22:48:30,0,103,0.964,0,24.5,0.0265,-0.00856,-35.0,-34.5,-31.2,-39.7,130,-153
2026-05-13 22:49:00,0,103,0.949,0,26.0,0.0266,-0.00814,-35.9,-36.4,-31.3,-40.4,134,-143
2026-05-13 22:49:30,0,101,0.951,0,27.9,0.0266,-0.00942,-36.2,-36.7,-30.6,-39.5,135,-133
2026-05-13 22:50:00,0,99.5,0.968,0,29.6,0.0264,-0.00947,-36.2,-36.5,-29.8,-38.1,135,-120
2026-05-13 22:50:30,0,98.5,0.947,0,30.7,0.0265,-0.00996,-35.2,-35.5,-28.7,-35.9,135,-104
2026-05-13 22:51:00,0,99.1,0.934,0,30.9,0.0263,-0.0103,-33.5,-34.5,-27.2,-33.5,135,-85.9
2026-05-13 22:51:30,0,100.0,0.932,0,30.0,0.0262,-0.00997,-30.9,-33.5,-26.2,-32.0,134,-67.5
2026-05-13 22:52:00,0,101,0.931,0,27.9,0.0262,-0.00988,-29.5,-32.3,-25.8,-32.4,131,-65.8
2026-05-13 22:52:30,0,100,0.925,0,25.5,0.0263,-0.00998,-28.5,-31.4,-25.1,-32.5,126,-80.3
2026-05-13 22:53:00,0,97.2,0.927,0,23.5,0.0263,-0.00949,-26.9,-31.0,-24.4,-32.7,121,-101
2026-05-13 22:53:30,0,95.2,0.929,0,21.9,0.0262,-0.0101,-26.4,-30.4,-23.9,-33.0,115,-112
2026-05-13 22:54:00,0,95.2,0.927,0,21.1,0.0256,-0.00906,-25.8,-29.9,-23.5,-33.3,111,-107
2026-05-13 22:54:30,0,97.5,0.934,0,20.8,0.0253,-0.00912,-26.7,-29.4,-23.8,-33.5,110,-102
2026-05-13 22:55:00,0,98.9,0.970,0,21.1,0.0254,-0.0100,-27.7,-28.6,-24.2,-33.1,111,-97.7
2026-05-13 22:55:30,0,102,0.966,0,22.2,0.0254,-0.00920,-28.8,-27.9,-24.7,-32.2,113,-93.9
2026-05-13 22:56:00,0,104,0.943,0,23.5,0.0253,-0.00956,-30.3,-27.5,-25.0,-31.4,116,-88.9
2026-05-13 22:56:30,0,105,0.942,0,23.9,0.0255,-0.00953,-31.3,-27.7,-25.7,-31.3,118,-94.1
2026-05-13 22:57:00,0,105,0.920,0,23.6,0.0251,-0.00920,-32.3,-28.0,-26.1,-32.2,120,-103
2026-05-13 22:57:30,0,105,0.927,0,23.3,0.0255,-0.00928,-32.4,-28.2,-26.5,-33.0,121,-123
2026-05-13 22:58:00,0,106,0.919,0,23.2,0.0250,-0.00885,-32.1,-28.0,-26.6,-33.0,122,-146
2026-05-13 22:58:30,0,106,0.924,0,23.0,0.0248,-0.00932,-31.6,-27.7,-26.8,-33.0,122,-172
2026-05-13 22:59:00,0,104,0.924,0,22.7,0.0250,-0.0111,-31.0,-27.3,-26.9,-32.8,120,-195
2026-05-13 22:59:30,0,102,0.924,0,22.6,0.0245,-0.0107,-30.7,-27.1,-26.9,-32.8,118,-216
2026-05-13 23:00:00,0,101,0.929,0,22.6,0.0245,-0.0104,-30.5,-27.0,-26.7,-32.5,116,-234