"Time","FT101","FT101_set","FT201","FT201_set","FT301","FT301_set","FT302","FT401","FT401_set","FT501","FT601","FT602","FT701","FT711","FT721","FT731","FT801","FT901","FTA12","FTR01","FTR03","QgasCHP"
2026-05-17 00:00:30,9.79,9.79,0.991,0.993,0,0,0,2.99,0.0169,0.0171,0.00380,0,2.95,3.10,3.10,3.34,7.28,12.4,0.359,29.3,20,0
2026-05-17 00:01:00,9.72,9.72,0.989,0.986,0,0,0,3.00,0.0171,0.0170,0.00354,0,2.94,3.09,3.07,3.32,7.24,12.3,0.371,29.1,20,0
2026-05-17 00:01:30,9.65,9.66,0.996,0.995,0,0,0,3.00,0.0175,0.0169,0.00403,0,2.91,3.08,3.05,3.32,7.29,12.3,0.325,29.1,20,0
2026-05-17 00:02:00,9.61,9.60,0.995,0.987,0,0,0,2.99,0.0168,0.0170,0.00412,0,2.89,3.05,3.03,3.31,7.26,12.2,0.394,29.1,20,0
2026-05-17 00:02:30,9.54,9.53,0.992,0.993,0,0,0,2.99,0.0173,0.0167,0.00363,0,2.88,3.04,3.01,3.29,7.22,12.1,0.424,29.1,20,0
2026-05-17 00:03:00,9.47,9.47,0.986,0.991,0,0,0,3.00,0.0169,0.0170,0.00392,0,2.84,3.01,3.00,3.30,7.27,12.1,0.326,29.1,20,0
2026-05-17 00:03:30,9.34,9.34,0.985,0.986,0,0,0,2.99,0.0170,0.0170,0.00365,0,2.83,2.98,2.96,3.25,7.28,12.0,0.401,28.8,20,0
2026-05-17 00:04:00,9.22,9.21,0.989,0.988,0,0,0,3.00,0.0166,0.0169,0.00387,0,2.77,2.98,2.93,3.21,7.29,11.8,0.348,28.5,20,0
2026-05-17 00:04:30,9.03,9.01,0.994,0.989,0,0,0,2.99,0.0166,0.0172,0.00372,0,2.73,2.91,2.88,3.16,7.22,11.6,0.336,28.4,20,0
2026-05-17 00:05:00,8.88,8.88,0.989,0.990,0,0,0,2.99,0.0170,0.0171,0.00378,0,2.72,2.90,2.83,3.09,7.22,11.5,0.367,28.3,20,0
2026-05-17 00:05:30,8.88,8.88,0.992,0.989,0,0,0,3.00,0.0172,0.0169,0.00376,0,2.70,2.90,2.87,3.10,7.23,11.5,0.369,28.5,20,0
2026-05-17 00:06:00,8.93,8.92,0.990,0.995,0,0,0,3.00,0.0169,0.0161,0.00387,0,2.72,2.90,2.85,3.13,7.23,11.5,0.351,29.1,20,0
2026-05-17 00:06:30,9.05,9.07,1.000,0.988,0,0,0,3.00,0.0166,0.0171,0.00396,0,2.75,2.94,2.91,3.16,7.21,11.7,0.358,29.4,20,0
2026-05-17 00:07:00,9.14,9.14,1.000,0.986,0,0,0,3.00,0.0172,0.0163,0.00450,0,2.79,2.94,2.90,3.18,7.15,11.8,0.338,29.5,20,0
2026-05-17 00:07:30,9.13,9.12,1.00,0.994,0,0,0,3.00,0.0172,0.0161,0.00441,0,2.78,2.95,2.91,3.17,7.21,11.8,0.357,29.6,20,0
2026-05-17 00:08:00,9.11,9.11,0.989,0.984,0,0,0,3.00,0.0166,0.0168,0.00414,0,2.77,2.93,2.91,3.18,7.16,11.7,0.397,29.6,20,0
2026-05-17 00:08:30,9.06,9.05,0.989,0.995,0,0,0,2.99,0.0173,0.0171,0.00401,0,2.77,2.91,2.88,3.16,7.15,11.7,0.367,29.6,20,0
2026-05-17 00:09:00,8.97,8.97,0.994,0.994,0,0,0,2.99,0.0164,0.0170,0.00419,0,2.75,2.92,2.86,3.11,7.18,11.6,0.332,29.5,20,0
2026-05-17 00:09:30,8.92,8.93,0.991,0.989,0,0,0,3.00,0.0167,0.0164,0.00450,0,2.75,2.91,2.85,3.10,7.14,11.6,0.358,29.2,20,0
2026-05-17 00:10:00,8.87,8.86,0.993,0.994,0,0,0,2.99,0.0168,0.0166,0.00401,0,2.73,2.88,2.83,3.10,7.12,11.5,0.348,29.0,20,0
2026-05-17 00:10:30,8.81,8.82,0.994,0.992,0,0,0,3.00,0.0168,0.0171,0.00405,0,2.71,2.87,2.82,3.08,7.10,11.5,0.367,29.0,20,0
2026-05-17 00:11:00,8.73,8.74,0.989,0.999,0,0,0,2.99,0.0169,0.0170,0.00472,0,2.69,2.84,2.82,3.05,7.08,11.4,0.364,28.8,20,0
2026-05-17 00:11:30,8.63,8.62,0.997,1.00,0,0,0,2.99,0.0168,0.0169,0.00416,0,2.67,2.80,2.75,3.05,7.10,11.3,0.410,28.6,20,0
2026-05-17 00:12:00,8.50,8.49,0.989,1.000,0,0,0,3.00,0.0167,0.0169,0.00405,0,2.62,2.80,2.75,2.97,7.07,11.1,0.381,28.4,20,0
2026-05-17 00:12:30,8.38,8.40,0.999,0.991,0,0,0,2.97,0.0169,0.0164,0.00394,0,2.59,2.75,2.73,2.96,6.99,11.0,0.426,28.3,20,0
2026-05-17 00:13:00,8.34,8.33,0.991,0.999,0,0,0,2.97,0.0171,0.0172,0.00425,0,2.58,2.74,2.69,2.96,6.97,11.0,0.388,28.3,20,0
2026-05-17 00:13:30,8.25,8.24,0.995,0.998,0,0,0,2.94,0.0168,0.0169,0.00398,0,2.55,2.70,2.67,2.92,6.97,10.9,0.391,28.2,20,0
2026-05-17 00:14:00,8.30,8.30,0.997,1.00,0,0,0,2.96,0.0164,0.0168,0.00434,0,2.56,2.73,2.69,2.93,6.90,10.9,0.378,28.1,20,0
2026-05-17 00:14:30,8.29,8.30,0.997,0.994,0,0,0,2.96,0.0167,0.0166,0.00432,0,2.58,2.72,2.69,2.91,6.82,10.9,0.403,28.1,20,0
2026-05-17 00:15:00,8.31,8.33,0.995,0.993,0,0,0,2.96,0.0166,0.0164,0.00383,0,2.57,2.74,2.71,2.93,6.85,10.9,0.395,28.1,20,0
2026-05-17 00:15:30,8.31,8.31,0.988,0.993,0,0,0,2.96,0.0166,0.0165,0.00439,0,2.58,2.73,2.69,2.94,6.89,10.9,0.367,28.1,20,0
2026-05-17 00:16:00,8.37,8.36,0.999,0.997,0,0,0,2.97,0.0170,0.0170,0.00414,0,2.60,2.75,2.73,2.93,6.95,11.0,0.367,28.1,20,0
2026-05-17 00:16:30,8.43,8.43,0.999,0.995,0,0,0,2.98,0.0166,0.0162,0.00385,0,2.62,2.77,2.72,2.97,7.00,11.1,0.316,28.1,20,0
2026-05-17 00:17:00,8.44,8.44,0.987,1.00,0,0,0,2.98,0.0166,0.0166,0.00430,0,2.62,2.78,2.74,2.95,7.07,11.1,0.390,28.2,20,0
2026-05-17 00:17:30,8.48,8.48,0.989,0.993,0,0,0,2.99,0.0166,0.0166,0.00463,0,2.66,2.79,2.73,2.96,7.09,11.1,0.309,28.0,20,0
2026-05-17 00:18:00,8.52,8.52,1.000,1.000,0,0,0,3.00,0.0167,0.0169,0.00425,0,2.66,2.78,2.76,2.98,7.09,11.2,0.378,28.0,20,0
2026-05-17 00:18:30,8.60,8.60,1.000,0.997,0,0,0,3.00,0.0167,0.0169,0.00414,0,2.68,2.81,2.77,3.01,7.09,11.2,0.394,28.1,20,0
2026-05-17 00:19:00,8.63,8.64,0.999,1.00,0,0,0,3.00,0.0167,0.0171,0.00405,0,2.70,2.82,2.78,3.00,7.03,11.3,0.378,28.2,20,0
2026-05-17 00:19:30,8.67,8.66,0.992,1.01,0,0,0,3.00,0.0164,0.0169,0.00405,0,2.70,2.81,2.78,3.03,6.98,11.3,0.392,28.4,20,0
2026-05-17 00:20:00,8.65,8.66,1.00,0.995,0,0,0,3.00,0.0169,0.0168,0.00443,0,2.70,2.81,2.80,3.01,6.93,11.3,0.341,28.4,20,0
2026-05-17 00:20:30,8.65,8.65,0.994,0.999,0,0,0,3.00,0.0170,0.0172,0.00414,0,2.69,2.82,2.81,3.01,6.97,11.3,0.353,28.4,20,0
2026-05-17 00:21:00,8.64,8.64,0.999,0.997,0,0,0,3.00,0.0159,0.0163,0.00481,0,2.67,2.81,2.80,3.04,6.97,11.3,0.415,28.6,20,0
2026-05-17 00:21:30,8.61,8.60,0.998,0.995,0,0,0,3.00,0.0164,0.0165,0.00452,0,2.67,2.79,2.78,3.02,6.99,11.2,0.378,28.6,20,0
2026-05-17 00:22:00,8.58,8.57,1.00,1.000,0,0,0,2.99,0.0168,0.0164,0.00454,0,2.65,2.79,2.79,3.02,6.99,11.2,0.403,28.6,20,0
2026-05-17 00:22:30,8.54,8.55,1.00,0.994,0,0,0,3.00,0.0169,0.0167,0.00427,0,2.66,2.79,2.78,2.99,6.96,11.2,0.344,28.5,20,0
2026-05-17 00:23:00,8.52,8.53,0.999,1.00,0,0,0,3.00,0.0164,0.0165,0.00423,0,2.64,2.79,2.77,2.99,6.91,11.2,0.306,28.4,20,0
2026-05-17 00:23:30,8.52,8.52,1.00,0.999,0,0,0,3.00,0.0169,0.0168,0.00459,0,2.65,2.77,2.76,3.00,6.91,11.2,0.410,28.4,20,0
2026-05-17 00:24:00,8.50,8.50,0.994,0.998,0,0,0,3.00,0.0165,0.0165,0.00450,0,2.63,2.78,2.74,3.00,6.88,11.2,0.388,28.2,20,0
2026-05-17 00:24:30,8.41,8.42,1.00,1.000,0,0,0,2.98,0.0165,0.0165,0.00419,0,2.60,2.76,2.73,2.98,6.89,11.1,0.368,28.0,20,0
2026-05-17 00:25:00,8.40,8.41,0.996,0.996,0,0,0,2.99,0.0164,0.0169,0.00394,0,2.60,2.76,2.72,2.97,6.92,11.0,0.404,28.0,20,0
2026-05-17 00:25:30,8.39,8.39,0.993,0.998,0,0,0,2.99,0.0165,0.0164,0.00439,0,2.59,2.76,2.71,2.96,6.90,11.0,0.381,28.0,20,0
2026-05-17 00:26:00,8.38,8.38,0.992,0.990,0,0,0,2.98,0.0167,0.0162,0.00448,0,2.59,2.75,2.69,2.98,6.91,11.0,0.401,28.2,20,0
2026-05-17 00:26:30,8.39,8.38,1.000,0.998,0,0,0,2.98,0.0165,0.0164,0.00419,0,2.59,2.75,2.73,2.96,6.89,11.0,0.371,28.1,20,0
2026-05-17 00:27:00,8.43,8.43,0.996,0.995,0,0,0,2.99,0.0170,0.0164,0.00416,0,2.61,2.77,2.75,2.96,6.90,11.1,0.362,28.1,20,0
2026-05-17 00:27:30,8.40,8.42,0.997,0.986,0,0,0,2.99,0.0162,0.0164,0.00439,0,2.61,2.77,2.74,2.94,6.96,11.1,0.404,28.1,20,0
2026-05-17 00:28:00,8.43,8.44,0.998,0.993,0,0,0,2.99,0.0160,0.0164,0.00457,0,2.62,2.76,2.74,2.97,6.97,11.1,0.329,28.2,20,0
2026-05-17 00:28:30,8.45,8.45,0.998,0.999,0,0,0,3.00,0.0166,0.0160,0.00492,0,2.62,2.77,2.73,2.99,7.00,11.1,0.380,28.2,20,0
2026-05-17 00:29:00,8.47,8.47,0.992,0.996,0,0,0,3.00,0.0166,0.0157,0.00430,0,2.63,2.77,2.75,2.98,7.03,11.1,0.354,28.3,20,0
2026-05-17 00:29:30,8.47,8.48,1.00,0.998,0,0,0,3.00,0.0164,0.0164,0.00412,0,2.66,2.76,2.73,2.99,7.05,11.1,0.375,28.3,20,0
2026-05-17 00:30:00,8.46,8.47,0.996,1.00,0,0,0,3.00,0.0167,0.0165,0.00405,0,2.65,2.77,2.74,2.96,7.09,11.1,0.388,28.2,20,0
2026-05-17 00:30:30,8.48,8.48,1.00,1.01,0,0,0,3.00,0.0164,0.0163,0.00461,0,2.65,2.78,2.73,2.98,7.09,11.1,0.389,28.3,20,0
2026-05-17 00:31:00,8.48,8.48,1.01,1.000,0,0,0,3.00,0.0161,0.0167,0.00443,0,2.64,2.77,2.75,2.98,7.05,11.1,0.337,28.4,20,0
2026-05-17 00:31:30,8.47,8.47,1.00,1.00,0,0,0,3.00,0.0166,0.0165,0.00430,0,2.63,2.76,2.74,2.99,7.08,11.1,0.365,28.4,20,0
2026-05-17 00:32:00,8.48,8.48,0.996,1.00,0,0,0,2.99,0.0165,0.0166,0.00434,0,2.63,2.78,2.73,3.00,7.08,11.1,0.390,28.4,20,0
2026-05-17 00:32:30,8.46,8.45,0.999,0.995,0,0,0,3.00,0.0167,0.0168,0.00468,0,2.63,2.78,2.71,2.99,7.02,11.1,0.342,28.5,20,0
2026-05-17 00:33:00,8.43,8.42,1.00,1.00,0,0,0,2.99,0.0165,0.0165,0.00452,0,2.61,2.74,2.75,2.97,7.02,11.1,0.378,28.5,20,0
2026-05-17 00:33:30,8.39,8.40,0.998,1.00,0,0,0,2.98,0.0164,0.0167,0.00443,0,2.61,2.75,2.73,2.96,7.02,11.1,0.345,28.5,20,0
2026-05-17 00:34:00,8.38,8.38,1.01,0.997,0,0,0,2.97,0.0162,0.0169,0.00401,0,2.60,2.74,2.72,2.95,6.99,11.0,0.389,28.5,20,0
2026-05-17 00:34:30,8.37,8.37,1.00,1.00,0,0,0,2.98,0.0161,0.0168,0.00504,0,2.59,2.72,2.74,2.94,7.01,11.0,0.355,28.5,20,0
2026-05-17 00:35:00,8.35,8.35,1.00,1.01,0,0,0,2.98,0.0163,0.0165,0.00450,0,2.60,2.72,2.73,2.93,6.99,11.0,0.359,28.5,20,0
2026-05-17 00:35:30,8.32,8.32,0.997,0.999,0,0,0,2.96,0.0162,0.0164,0.00488,0,2.58,2.71,2.72,2.93,6.97,11.0,0.365,28.4,20,0
2026-05-17 00:36:00,8.27,8.27,1.00,0.995,0,0,0,2.95,0.0162,0.0166,0.00497,0,2.58,2.72,2.69,2.90,7.00,10.9,0.416,28.1,20,0
2026-05-17 00:36:30,8.19,8.20,1.01,1.00,0,0,0,2.94,0.0168,0.0167,0.00463,0,2.55,2.68,2.67,2.88,6.96,10.8,0.396,28.0,20,0
2026-05-17 00:37:00,8.23,8.22,1.00,1.01,0,0,0,2.94,0.0169,0.0166,0.00452,0,2.53,2.70,2.68,2.91,6.91,10.8,0.336,28.0,20,0
2026-05-17 00:37:30,8.18,8.20,1.00,1.00,0,0,0,2.94,0.0170,0.0166,0.00401,0,2.55,2.70,2.67,2.88,6.88,10.8,0.303,28.0,20,0
2026-05-17 00:38:00,8.20,8.21,0.996,1.00,0,0,0,2.94,0.0166,0.0166,0.00463,0,2.55,2.68,2.67,2.90,6.84,10.8,0.344,28.0,20,0
2026-05-17 00:38:30,8.26,8.25,1.00,1.00,0,0,0,2.95,0.0158,0.0158,0.00407,0,2.56,2.69,2.67,2.92,6.89,10.9,0.395,28.2,20,0
2026-05-17 00:39:00,8.22,8.20,1.000,1.00,0,0,0,2.94,0.0160,0.0159,0.00421,0,2.55,2.68,2.68,2.90,6.96,10.8,0.350,28.2,20,0
2026-05-17 00:39:30,8.26,8.27,1.01,0.994,0,0,0,2.95,0.0168,0.0163,0.00497,0,2.57,2.69,2.70,2.91,6.95,10.9,0.323,28.3,20,0
2026-05-17 00:40:00,8.22,8.22,0.998,1.00,0,0,0,2.94,0.0164,0.0163,0.00441,0,2.56,2.71,2.69,2.87,6.95,10.9,0.353,28.2,20,0
2026-05-17 00:40:30,8.22,8.23,1.01,1.00,0,0,0,2.94,0.0165,0.0162,0.00463,0,2.58,2.70,2.67,2.89,6.95,10.9,0.401,28.2,20,0
2026-05-17 00:41:00,8.26,8.26,1.01,1.00,0,0,0,2.95,0.0167,0.0165,0.00454,0,2.58,2.71,2.66,2.92,6.93,10.9,0.386,28.3,20,0
2026-05-17 00:41:30,8.24,8.25,1.00,1.00,0,0,0,2.95,0.0166,0.0160,0.00452,0,2.57,2.72,2.67,2.89,6.90,10.9,0.356,28.2,20,0
2026-05-17 00:42:00,8.30,8.28,0.996,0.991,0,0,0,2.96,0.0166,0.0167,0.00483,0,2.59,2.74,2.68,2.91,6.90,10.9,0.351,28.2,20,0
2026-05-17 00:42:30,8.30,8.31,0.999,1.00,0,0,0,2.96,0.0163,0.0165,0.00457,0,2.59,2.73,2.70,2.90,6.96,10.9,0.360,28.2,20,0
2026-05-17 00:43:00,8.34,8.34,1.00,1.01,0,0,0,2.97,0.0160,0.0168,0.00445,0,2.59,2.74,2.71,2.93,6.91,11.0,0.377,28.3,20,0
2026-05-17 00:43:30,8.34,8.32,1.00,1.01,0,0,0,2.96,0.0164,0.0169,0.00419,0,2.58,2.73,2.69,2.94,6.91,11.0,0.380,28.4,20,0
2026-05-17 00:44:00,8.34,8.35,1.00,0.999,0,0,0,2.97,0.0163,0.0163,0.00454,0,2.60,2.74,2.70,2.93,6.91,11.0,0.379,28.4,20,0
2026-05-17 00:44:30,8.21,8.21,1.00,1.01,0,0,0,2.94,0.0167,0.0166,0.00472,0,2.74,2.58,2.78,2.69,6.80,10.8,0.405,28.3,20,0
2026-05-17 00:45:00,8.21,8.21,1.00,1.00,0,0,0,2.93,0.0159,0.0164,0.00468,0,2.83,2.54,2.80,2.63,6.38,10.8,0.387,28.3,20,0
2026-05-17 00:45:30,8.15,8.14,1.00,1.00,0,0,0,2.92,0.0161,0.0167,0.00452,0,2.83,2.49,2.81,2.58,6.02,10.7,0.393,28.3,20,0
2026-05-17 00:46:00,8.13,8.13,0.996,1.01,0,0,0,2.92,0.0163,0.0162,0.00454,0,2.83,2.51,2.80,2.55,5.79,10.7,0.344,28.3,20,0
2026-05-17 00:46:30,8.17,8.17,1.000,1.00,0,0,0,2.93,0.0165,0.0165,0.00434,0,2.88,2.50,2.81,2.56,5.64,10.8,0.383,28.2,20,0
2026-05-17 00:47:00,8.19,8.18,1.00,1.01,0,0,0,2.93,0.0159,0.0164,0.00483,0,2.85,2.50,2.85,2.56,5.52,10.8,0.377,28.3,20,0
2026-05-17 00:47:30,8.19,8.21,0.998,1.00,0,0,0,2.93,0.0162,0.0159,0.00472,0,2.88,2.52,2.84,2.56,5.41,10.8,0.394,28.1,20,0
2026-05-17 00:48:00,8.25,8.25,0.999,1.00,0,0,0,2.95,0.0163,0.0161,0.00481,0,2.91,2.54,2.85,2.56,5.60,10.9,0.390,28.0,20,0
2026-05-17 00:48:30,8.34,8.33,1.00,1.00,0,0,0,2.97,0.0168,0.0161,0.00439,0,2.94,2.56,2.85,2.60,5.64,10.9,0.378,27.7,20,0
2026-05-17 00:49:00,8.49,8.50,1.00,0.995,0,0,0,3.00,0.0165,0.0163,0.00481,0,2.99,2.61,2.91,2.64,5.68,11.1,0.369,27.6,20,0
2026-05-17 00:49:30,8.68,8.69,1.00,1.00,0,0,0,3.00,0.0163,0.0164,0.00450,0,3.05,2.65,2.96,2.68,5.79,11.3,0.382,27.4,20,0
2026-05-17 00:50:00,8.80,8.81,1.00,1.00,0,0,0,3.00,0.0162,0.0162,0.00434,0,3.09,2.68,3.00,2.70,5.96,11.4,0.385,27.3,20,0
2026-05-17 00:50:30,9.02,9.03,1.01,1.00,0,0,0,3.01,0.0162,0.0157,0.00513,0,3.17,2.69,3.08,2.76,6.10,11.7,0.351,27.2,20,0
2026-05-17 00:51:00,9.33,9.34,1.01,1.01,0,0,0,3.01,0.0163,0.0161,0.00448,0,3.26,2.77,3.12,2.87,6.16,11.9,0.368,27.1,20,0
2026-05-17 00:51:30,9.61,9.62,1.01,1.01,0,0,0,3.02,0.0160,0.0169,0.00444,0,3.34,2.83,3.20,2.94,6.26,12.2,0.379,27.1,20,0
2026-05-17 00:52:00,9.87,9.89,0.998,1.00,0,0,0,3.02,0.0160,0.0161,0.00474,0,3.41,2.88,3.28,3.02,6.31,12.5,0.339,27.1,20,0
2026-05-17 00:52:30,10.2,10.2,1.00,1.01,0,0,0,3.01,0.0163,0.0161,0.00472,0,3.50,2.94,3.37,3.11,6.53,12.8,0.343,27.2,20,0
2026-05-17 00:53:00,10.5,10.5,1.01,1.01,0,0,0,3.02,0.0161,0.0159,0.00439,0,3.57,2.98,3.45,3.21,6.61,13.1,0.421,27.3,20,0
2026-05-17 00:53:30,10.7,10.7,1.00,1.00,0,0,0,3.01,0.0158,0.0162,0.00501,0,3.62,3.05,3.53,3.29,6.75,13.3,0.375,27.5,20,0
2026-05-17 00:54:00,11.1,11.1,1.00,1.00,0,0,0,3.02,0.0155,0.0163,0.00427,0,3.71,3.13,3.63,3.39,6.81,13.6,0.206,27.7,20,0
2026-05-17 00:54:30,11.4,11.4,1.01,1.00,0,0,0,3.01,0.0164,0.0163,0.00414,0,3.77,3.19,3.71,3.48,6.89,13.9,0.340,27.9,20,0
2026-05-17 00:55:00,11.6,11.6,1.01,1.01,0,0,0,3.01,0.0157,0.0162,0.00443,0,3.81,3.27,3.76,3.56,6.96,14.2,0.338,28.0,20,0
2026-05-17 00:55:30,11.8,11.8,1.00,1.01,0,0,0,3.04,0.0162,0.0164,0.00443,0,3.85,3.34,3.84,3.61,7.04,14.4,0.227,28.1,20,0
2026-05-17 00:56:00,12.0,12.0,1.01,1.01,0,0,0,3.10,0.0159,0.0155,0.00452,0,3.91,3.40,3.87,3.68,7.17,14.6,0.351,28.1,20,0
2026-05-17 00:56:30,12.1,12.1,1.01,1.01,0,0,0,3.13,0.0163,0.0159,0.00430,0,3.93,3.50,3.88,3.71,7.13,14.7,0.338,28.1,20,0
2026-05-17 00:57:00,12.1,12.2,1.01,1.01,0,0,0,3.14,0.0163,0.0164,0.00443,0,3.93,3.56,3.85,3.73,7.16,14.8,0.369,28.0,20,0
2026-05-17 00:57:30,12.1,12.1,1.00,1.01,0,0,0,3.13,0.0160,0.0164,0.00421,0,3.85,3.60,3.87,3.71,7.25,14.7,0.350,28.0,20,0
2026-05-17 00:58:00,12.1,12.1,1.01,1.00,0,0,0,3.12,0.0159,0.0161,0.00432,0,3.81,3.62,3.87,3.68,7.24,14.7,0.337,28.1,20,0
2026-05-17 00:58:30,12.1,12.1,1.01,1.00,0,0,0,3.12,0.0158,0.0159,0.00421,0,3.77,3.61,3.88,3.71,7.21,14.7,0.404,28.5,20,0
2026-05-17 00:59:00,12.1,12.1,1.01,1.01,0,0,0,3.12,0.0163,0.0162,0.00443,0,3.78,3.59,3.89,3.74,7.22,14.7,0.338,28.9,20,0
2026-05-17 00:59:30,12.1,12.2,1.01,1.01,0,0,0,3.14,0.0161,0.0160,0.00450,0,3.83,3.65,3.84,3.77,7.14,14.8,0.387,29.5,20,0
2026-05-17 01:00:00,12.2,12.2,1.01,1.00,0,0,0,3.16,0.0159,0.0162,0.00441,0,3.90,3.69,3.78,3.82,7.02,14.9,0.362,30.1,20,0
2026-05-17 01:00:30,12.3,12.3,1.00,1.01,0,0,0,3.19,0.0159,0.0161,0.00463,0,3.99,3.74,3.68,3.89,6.93,15.0,0.264,30.8,20.0,0
2026-05-17 01:01:00,12.4,12.4,1.01,1.00,0,0,0,3.22,0.0162,0.0160,0.00421,0,4.12,3.76,3.58,3.97,6.82,15.1,0.231,31.6,19.5,0
2026-05-17 01:01:30,12.5,12.5,1.01,1.00,0,0,0,3.24,0.0162,0.0159,0.00448,0,4.27,3.73,3.55,3.97,6.78,15.2,0.291,32.5,18.8,0
2026-05-17 01:02:00,12.5,12.5,0.998,1.01,0,0,0,3.26,0.0163,0.0154,0.00392,0,4.42,3.70,3.54,3.95,6.74,15.3,0.263,33.1,18.2,0
2026-05-17 01:02:30,12.5,12.5,1.01,1.00,0,0,0,3.27,0.0159,0.0160,0.00416,0,4.43,3.70,3.53,3.94,6.65,15.3,0.401,33.3,18.0,0
2026-05-17 01:03:00,12.5,12.5,1.01,1.01,0,0,0,3.27,0.0163,0.0164,0.00416,0,4.42,3.70,3.53,3.94,6.58,15.3,0.304,33.5,17.8,0
2026-05-17 01:03:30,12.5,12.5,1.01,1.00,0,0,0,3.27,0.0159,0.0160,0.00416,0,4.42,3.70,3.53,3.94,6.39,15.3,0.283,33.5,17.7,0
2026-05-17 01:04:00,12.5,12.5,1.00,1.01,0,0,0,3.27,0.0162,0.0159,0.00419,0,4.42,3.70,3.53,3.94,6.24,15.2,0.255,33.3,17.9,0
2026-05-17 01:04:30,12.5,12.5,1.01,1.00,0,0,0,3.26,0.0161,0.0161,0.00430,0,4.34,3.68,3.57,3.94,6.07,15.2,0.354,33.0,18.2,0
2026-05-17 01:05:00,12.4,12.3,1.01,1.00,0,0,0,3.20,0.0161,0.0162,0.00394,0,4.16,3.60,3.72,3.83,6.03,15.0,0.395,32.5,18.7,0
2026-05-17 01:05:30,12.0,12.0,1.01,1.01,0,0,0,3.09,0.0164,0.0158,0.00434,0,3.94,3.48,3.77,3.63,6.04,14.5,0.357,31.7,19.3,0
2026-05-17 01:06:00,11.6,11.6,1.00,1.01,0,0,0,2.98,0.0164,0.0166,0.00445,0,3.76,3.37,3.66,3.47,6.08,14.1,0.345,30.8,20.0,0
2026-05-17 01:06:30,10.9,10.9,1.01,1.00,0,0,0,2.96,0.0161,0.0162,0.00419,0,3.57,3.24,3.51,3.29,6.26,13.4,0.372,29.7,20,0
2026-05-17 01:07:00,10.4,10.4,1.00,0.998,0,0,0,2.98,0.0158,0.0162,0.00421,0,3.38,3.14,3.41,3.14,6.47,12.9,0.406,28.7,20,0
2026-05-17 01:07:30,10.1,10.1,1.01,1.00,0,0,0,2.99,0.0161,0.0160,0.00452,0,3.29,3.07,3.35,3.07,6.63,12.7,0.389,27.9,20,0
2026-05-17 01:08:00,9.94,9.95,1.00,1.01,0,0,0,3.00,0.0158,0.0163,0.00452,0,3.23,3.04,3.34,3.03,6.64,12.5,0.412,27.4,20,0
2026-05-17 01:08:30,10.1,10.1,1.01,1.00,0,0,0,3.00,0.0162,0.0158,0.00445,0,3.23,3.07,3.40,3.08,6.68,12.7,0.368,27.1,20,0
2026-05-17 01:09:00,10.3,10.3,1.00,1.01,0,0,0,3.01,0.0158,0.0165,0.00441,0,3.33,3.14,3.44,3.14,6.85,12.9,0.334,27.1,20,0
2026-05-17 01:09:30,10.6,10.6,1.00,1.00,0,0,0,3.02,0.0163,0.0156,0.00407,0,3.40,3.17,3.57,3.24,6.94,13.2,0.384,27.2,20,0
2026-05-17 01:10:00,11.0,11.0,1.01,1.01,0,0,0,3.02,0.0163,0.0160,0.00463,0,3.51,3.21,3.70,3.40,7.08,13.6,0.295,27.4,20,0
2026-05-17 01:10:30,11.5,11.5,1.00,1.01,0,0,0,3.02,0.0160,0.0161,0.00410,0,3.65,3.29,3.78,3.54,7.23,14.0,0.403,27.5,20,0
2026-05-17 01:11:00,11.9,11.9,1.00,1.00,0,0,0,3.05,0.0164,0.0158,0.00443,0,3.75,3.35,3.91,3.67,7.22,14.4,0.428,27.4,20,0
2026-05-17 01:11:30,12.1,12.1,1.01,1.00,0,0,0,3.13,0.0164,0.0157,0.00410,0,3.91,3.48,3.85,3.82,7.24,14.8,0.323,27.2,20,0
2026-05-17 01:12:00,12.3,12.3,1.000,1.01,0,0,0,3.19,0.0162,0.0163,0.00414,0,4.06,3.60,3.68,3.95,7.22,15.0,0.413,27.1,20,0
2026-05-17 01:12:30,12.4,12.4,1.00,1.01,0,0,0,3.21,0.0159,0.0159,0.00401,0,4.18,3.68,3.58,3.99,7.22,15.1,0.237,27.1,20,0
2026-05-17 01:13:00,12.4,12.4,1.00,1.00,0,0,0,3.23,0.0159,0.0161,0.00448,0,4.27,3.72,3.55,3.96,7.18,15.1,0.374,27.2,20,0
2026-05-17 01:13:30,12.5,12.5,0.999,1.01,0,0,0,3.26,0.0159,0.0164,0.00392,0,4.33,3.73,3.55,3.97,7.22,15.2,0.359,27.3,20,0
2026-05-17 01:14:00,12.5,12.5,1.01,1.01,0,0,0,3.25,0.0158,0.0156,0.00432,0,4.35,3.72,3.54,3.96,7.20,15.2,0.352,27.6,20,0
2026-05-17 01:14:30,12.4,12.4,1.01,1.01,0,0,0,3.23,0.0157,0.0157,0.00434,0,4.02,3.80,3.62,4.04,7.15,15.1,0.454,27.9,20,0
2026-05-17 01:15:00,12.4,12.4,1.01,1.00,0,0,0,3.21,0.0157,0.0157,0.00378,0,3.80,3.85,3.66,4.09,7.27,15.1,0.331,28.2,20,0
2026-05-17 01:15:30,12.4,12.4,1.01,1.00,0,0,0,3.21,0.0157,0.0156,0.00389,0,3.74,3.86,3.68,4.11,7.26,15.1,0.336,28.7,20,0
2026-05-17 01:16:00,12.4,12.4,1.00,1.01,0,0,0,3.21,0.0159,0.0160,0.00414,0,3.80,3.85,3.66,4.09,7.26,15.1,0.364,29.2,20,0
2026-05-17 01:16:30,12.4,12.4,1.00,1.01,0,0,0,3.21,0.0159,0.0158,0.00427,0,3.81,3.84,3.67,4.09,7.27,15.1,0.331,29.9,20,0
2026-05-17 01:17:00,12.4,12.4,1.00,1.01,0,0,0,3.22,0.0159,0.0158,0.00441,0,3.88,3.83,3.65,4.07,7.26,15.1,0.367,30.8,20.0,0
2026-05-17 01:17:30,12.4,12.4,1.00,1.01,0,0,0,3.22,0.0157,0.0159,0.00423,0,3.93,3.81,3.63,4.06,7.27,15.1,0.185,31.6,19.5,0
2026-05-17 01:18:00,12.4,12.4,0.999,1.00,0,0,0,3.23,0.0163,0.0167,0.00410,0,4.01,3.80,3.62,4.04,7.26,15.1,0.374,32.2,19.0,0
2026-05-17 01:18:30,12.4,12.4,1.01,1.01,0,0,0,3.23,0.0158,0.0160,0.00387,0,4.00,3.80,3.62,4.04,7.27,15.1,0.118,32.5,18.7,0
2026-05-17 01:19:00,12.4,12.4,1.01,1.01,0,0,0,3.23,0.0158,0.0160,0.00412,0,3.99,3.80,3.62,4.05,7.27,15.1,0.293,32.7,18.5,0
2026-05-17 01:19:30,12.4,12.4,1.00,1.00,0,0,0,3.21,0.0160,0.0151,0.00414,0,3.85,3.83,3.65,4.08,7.27,15.1,0.308,32.8,18.4,0
2026-05-17 01:20:00,12.3,12.3,1.00,1.01,0,0,0,3.21,0.0159,0.0163,0.00436,0,3.68,3.88,3.64,4.14,7.28,15.0,0.236,32.7,18.4,0
2026-05-17 01:20:30,12.2,12.2,1.01,1.01,0,0,0,3.17,0.0158,0.0160,0.00396,0,3.48,3.99,3.52,4.15,7.25,14.9,0.339,32.3,18.7,0
2026-05-17 01:21:00,12.0,12.0,1.01,1.02,0,0,0,3.08,0.0161,0.0159,0.00441,0,3.29,4.19,3.35,3.96,7.26,14.5,0.341,31.9,19.2,0
2026-05-17 01:21:30,11.7,11.7,1.01,1.01,0,0,0,2.99,0.0160,0.0160,0.00372,0,3.08,4.47,3.15,3.72,7.27,14.2,0.345,31.3,19.7,0
2026-05-17 01:22:00,11.3,11.3,1.02,1.01,0,0,0,2.97,0.0153,0.0157,0.00383,0,2.89,4.63,2.99,3.52,7.27,13.8,0.339,30.6,20.0,0
2026-05-17 01:22:30,10.7,10.7,1.01,1.01,0,0,0,2.97,0.0164,0.0158,0.00425,0,2.72,4.52,2.81,3.30,7.26,13.2,0.397,29.8,20,0
2026-05-17 01:23:00,10.2,10.2,1.01,1.00,0,0,0,2.98,0.0163,0.0160,0.00358,0,2.60,4.44,2.68,3.13,7.28,12.7,0.354,29.1,20,0
2026-05-17 01:23:30,9.77,9.77,1.01,1.01,0,0,0,2.99,0.0164,0.0155,0.00376,0,2.53,4.33,2.62,2.99,7.26,12.4,0.365,28.4,20,0
2026-05-17 01:24:00,9.50,9.48,1.00,1.01,0,0,0,3.00,0.0160,0.0162,0.00407,0,2.47,4.21,2.57,2.93,7.26,12.1,0.341,27.9,20,0
2026-05-17 01:24:30,9.42,9.42,1.01,1.01,0,0,0,3.00,0.0162,0.0164,0.00466,0,2.50,4.16,2.57,2.88,7.25,12.0,0.387,27.6,20,0
2026-05-17 01:25:00,9.41,9.40,1.01,1.01,0,0,0,2.99,0.0162,0.0159,0.00396,0,2.54,4.14,2.53,2.89,7.25,12.0,0.362,27.6,20,0
2026-05-17 01:25:30,9.52,9.53,1.01,1.01,0,0,0,3.00,0.0158,0.0163,0.00427,0,2.56,4.13,2.61,2.94,7.26,12.1,0.349,27.5,20,0
2026-05-17 01:26:00,9.63,9.63,1.00,1.01,0,0,0,3.00,0.0162,0.0164,0.00372,0,2.60,4.13,2.62,2.98,7.25,12.2,0.422,27.5,20,0
2026-05-17 01:26:30,9.72,9.73,1.01,1.01,0,0,0,3.00,0.0159,0.0156,0.00416,0,2.66,4.12,2.65,3.03,7.26,12.3,0.382,27.5,20,0
2026-05-17 01:27:00,9.92,9.93,1.01,1.01,0,0,0,3.01,0.0159,0.0160,0.00441,0,2.71,4.15,2.72,3.07,7.28,12.5,0.326,27.4,20,0
2026-05-17 01:27:30,10.1,10.1,1.01,1.01,0,0,0,3.00,0.0160,0.0159,0.00416,0,2.79,4.19,2.76,3.14,7.27,12.7,0.383,27.4,20,0
2026-05-17 01:28:00,10.3,10.3,1.01,1.01,0,0,0,3.00,0.0160,0.0161,0.00416,0,2.81,4.24,2.79,3.18,7.27,12.9,0.401,27.4,20,0
2026-05-17 01:28:30,10.5,10.5,1.01,1.01,0,0,0,3.01,0.0161,0.0157,0.00407,0,2.89,4.26,2.82,3.26,7.26,13.1,0.354,27.3,20,0
2026-05-17 01:29:00,10.7,10.7,1.01,1.01,0,0,0,3.01,0.0160,0.0162,0.00412,0,2.89,4.31,2.87,3.33,7.27,13.2,0.360,27.4,20,0
2026-05-17 01:29:30,10.9,10.9,1.01,1.01,0,0,0,3.01,0.0161,0.0159,0.00401,0,2.96,4.37,2.92,3.39,7.25,13.5,0.376,27.5,20,0
2026-05-17 01:30:00,11.1,11.1,1.01,1.01,0,0,0,3.01,0.0155,0.0158,0.00414,0,2.99,4.43,2.96,3.44,7.25,13.6,0.385,27.7,20,0
2026-05-17 01:30:30,11.2,11.2,1.01,1.01,0,0,0,3.00,0.0158,0.0155,0.00439,0,3.06,4.46,3.00,3.48,7.27,13.8,0.417,27.7,20,0
2026-05-17 01:31:00,11.3,11.3,1.01,1.01,0,0,0,3.00,0.0155,0.0160,0.00430,0,3.04,4.45,3.04,3.48,7.23,13.8,0.444,27.8,20,0
2026-05-17 01:31:30,11.3,11.3,1.01,1.00,0,0,0,3.01,0.0162,0.0160,0.00432,0,3.07,4.46,3.04,3.51,7.23,13.9,0.360,27.9,20,0
2026-05-17 01:32:00,11.4,11.4,1.01,1.02,0,0,0,3.00,0.0154,0.0155,0.00383,0,3.06,4.47,3.04,3.54,7.26,13.9,0.411,27.9,20,0
2026-05-17 01:32:30,11.4,11.4,1.01,1.01,0,0,0,3.00,0.0158,0.0160,0.00419,0,3.06,4.47,3.05,3.57,7.22,13.9,0.316,28.0,20,0
2026-05-17 01:33:00,11.4,11.4,1.02,1.01,0,0,0,3.00,0.0157,0.0158,0.00410,0,3.05,4.48,3.09,3.55,7.26,13.9,0.375,28.0,20,0
2026-05-17 01:33:30,11.4,11.4,1.01,1.01,0,0,0,3.00,0.0157,0.0158,0.00450,0,3.04,4.48,3.09,3.57,7.26,14.0,0.330,28.1,20,0
2026-05-17 01:34:00,11.4,11.4,1.02,1.01,0,0,0,3.00,0.0164,0.0160,0.00427,0,3.04,4.48,3.09,3.57,7.24,14.0,0.343,28.1,20,0
2026-05-17 01:34:30,11.4,11.4,1.02,1.01,0,0,0,3.00,0.0161,0.0155,0.00412,0,3.05,4.50,3.05,3.55,7.24,13.9,0.362,28.1,20,0
2026-05-17 01:35:00,11.4,11.4,1.01,1.02,0,0,0,2.99,0.0158,0.0158,0.00412,0,3.05,4.51,3.05,3.56,7.26,13.9,0.348,28.2,20,0
2026-05-17 01:35:30,11.4,11.4,1.01,1.01,0,0,0,3.00,0.0162,0.0156,0.00401,0,3.06,4.51,3.04,3.55,7.27,13.9,0.385,28.2,20,0
2026-05-17 01:36:00,11.4,11.3,1.02,1.01,0,0,0,3.00,0.0157,0.0155,0.00396,0,3.01,4.51,3.03,3.54,7.24,13.9,0.311,28.2,20,0
2026-05-17 01:36:30,11.3,11.4,1.01,1.01,0,0,0,2.99,0.0153,0.0160,0.00372,0,3.01,4.51,3.04,3.54,7.23,13.9,0.403,28.3,20,0
2026-05-17 01:37:00,11.3,11.3,1.01,1.01,0,0,0,3.00,0.0162,0.0156,0.00434,0,2.99,4.51,3.02,3.52,7.27,13.8,0.387,28.4,20,0
2026-05-17 01:37:30,11.3,11.3,1.01,1.02,0,0,0,3.00,0.0156,0.0154,0.00450,0,3.01,4.50,3.03,3.50,7.25,13.8,0.376,28.4,20,0
2026-05-17 01:38:00,11.2,11.2,1.01,1.01,0,0,0,3.00,0.0159,0.0159,0.00398,0,2.98,4.49,3.02,3.47,7.22,13.8,0.375,28.4,20,0
2026-05-17 01:38:30,11.2,11.2,1.01,1.01,0,0,0,3.00,0.0154,0.0159,0.00419,0,3.00,4.48,2.98,3.47,7.24,13.7,0.394,28.3,20,0
2026-05-17 01:39:00,11.2,11.2,1.01,1.02,0,0,0,3.00,0.0157,0.0160,0.00419,0,2.97,4.48,3.00,3.47,7.25,13.7,0.311,28.2,20,0
2026-05-17 01:39:30,11.1,11.1,1.02,1.01,0,0,0,2.99,0.0157,0.0162,0.00378,0,2.96,4.44,2.97,3.44,7.28,13.6,0.377,28.0,20,0
2026-05-17 01:40:00,11.1,11.0,1.01,1.02,0,0,0,2.99,0.0162,0.0159,0.00385,0,2.96,4.42,2.97,3.44,7.22,13.6,0.384,27.9,20,0
2026-05-17 01:40:30,10.9,10.9,1.02,1.01,0,0,0,2.99,0.0158,0.0156,0.00432,0,2.94,4.39,2.91,3.43,7.25,13.5,0.326,28.0,20,0
2026-05-17 01:41:00,10.9,10.9,1.01,1.01,0,0,0,3.01,0.0159,0.0157,0.00392,0,2.92,4.36,2.93,3.45,7.24,13.5,0.405,27.9,20,0
2026-05-17 01:41:30,10.9,10.9,1.01,1.01,0,0,0,3.00,0.0156,0.0155,0.00425,0,2.92,4.40,2.94,3.41,7.24,13.5,0.392,27.9,20,0
2026-05-17 01:42:00,10.9,10.9,1.01,1.01,0,0,0,3.01,0.0157,0.0158,0.00427,0,2.93,4.39,2.96,3.41,7.25,13.5,0.419,28.0,20,0
2026-05-17 01:42:30,11.0,11.0,1.01,1.02,0,0,0,3.00,0.0153,0.0160,0.00403,0,2.96,4.43,2.94,3.43,7.22,13.6,0.420,28.2,20,0
2026-05-17 01:43:00,11.0,11.0,1.01,1.01,0,0,0,3.00,0.0159,0.0160,0.00419,0,2.95,4.40,2.94,3.42,7.24,13.5,0.410,28.1,20,0
2026-05-17 01:43:30,11.0,11.0,1.01,1.01,0,0,0,3.00,0.0152,0.0155,0.00425,0,2.94,4.40,2.97,3.41,7.23,13.5,0.355,27.9,20,0
2026-05-17 01:44:00,11.0,11.0,1.02,1.01,0,0,0,3.01,0.0155,0.0158,0.00414,0,2.99,4.39,2.98,3.43,7.24,13.6,0.352,27.9,20,0
2026-05-17 01:44:30,11.0,11.1,1.01,1.02,0,0,0,3.00,0.0156,0.0153,0.00405,0,3.00,4.39,2.98,3.43,7.14,13.6,0.324,28.0,20,0
2026-05-17 01:45:00,11.1,11.1,1.01,1.01,0,0,0,3.00,0.0158,0.0155,0.00425,0,3.01,4.41,2.97,3.46,6.98,13.7,0.360,28.0,20,0
2026-05-17 01:45:30,11.2,11.2,1.02,1.02,0,0,0,3.01,0.0155,0.0157,0.00396,0,3.01,4.46,2.99,3.46,6.85,13.7,0.331,28.3,20,0
2026-05-17 01:46:00,11.2,11.2,1.02,1.01,0,0,0,3.00,0.0156,0.0156,0.00434,0,3.00,4.45,3.01,3.47,6.81,13.7,0.351,28.2,20,0
2026-05-17 01:46:30,11.2,11.2,1.02,1.01,0,0,0,3.00,0.0159,0.0158,0.00439,0,2.99,4.46,3.01,3.46,6.76,13.7,0.405,28.1,20,0
2026-05-17 01:47:00,11.2,11.2,1.02,1.02,0,0,0,3.01,0.0160,0.0151,0.00385,0,2.99,4.48,2.98,3.47,6.75,13.7,0.355,28.2,20,0
2026-05-17 01:47:30,11.2,11.2,1.01,1.01,0,0,0,3.00,0.0158,0.0154,0.00419,0,3.01,4.48,3.00,3.49,6.75,13.8,0.329,28.0,20,0
2026-05-17 01:48:00,11.3,11.3,1.01,1.02,0,0,0,3.00,0.0157,0.0155,0.00405,0,3.03,4.50,3.01,3.48,6.75,13.8,0.293,27.9,20,0
2026-05-17 01:48:30,11.3,11.3,1.01,1.01,0,0,0,3.00,0.0159,0.0155,0.00405,0,3.05,4.52,3.01,3.48,6.76,13.8,0.358,27.9,20,0
2026-05-17 01:49:00,11.4,11.4,1.01,1.02,0,0,0,3.01,0.0156,0.0158,0.00416,0,3.06,4.54,3.03,3.52,6.80,13.9,0.343,27.9,20,0
2026-05-17 01:49:30,11.4,11.5,1.02,1.02,0,0,0,3.00,0.0156,0.0156,0.00416,0,3.08,4.57,3.01,3.55,6.82,14.0,0.379,27.8,20,0
2026-05-17 01:50:00,11.5,11.6,1.02,1.01,0,0,0,3.00,0.0154,0.0153,0.00398,0,3.12,4.57,3.06,3.58,6.87,14.1,0.390,27.8,20,0
2026-05-17 01:50:30,11.6,11.6,1.01,1.01,0,0,0,3.00,0.0155,0.0157,0.00425,0,3.14,4.51,3.10,3.64,6.91,14.2,0.372,27.8,20,0
2026-05-17 01:51:00,11.7,11.7,1.01,1.01,0,0,0,3.01,0.0159,0.0155,0.00416,0,3.17,4.47,3.13,3.68,6.97,14.2,0.398,27.7,20,0
2026-05-17 01:51:30,11.7,11.7,1.02,1.01,0,0,0,3.01,0.0156,0.0153,0.00430,0,3.21,4.43,3.16,3.71,6.99,14.2,0.353,27.7,20,0
2026-05-17 01:52:00,11.8,11.8,1.01,1.01,0,0,0,3.02,0.0155,0.0157,0.00452,0,3.23,4.38,3.19,3.76,7.03,14.3,0.341,27.6,20,0
2026-05-17 01:52:30,11.8,11.8,1.01,1.01,0,0,0,3.03,0.0158,0.0159,0.00410,0,3.25,4.33,3.23,3.80,7.04,14.4,0.340,27.6,20,0
2026-05-17 01:53:00,11.9,11.9,1.02,1.02,0,0,0,3.05,0.0152,0.0154,0.00416,0,3.30,4.29,3.26,3.84,7.06,14.4,0.279,27.6,20,0
2026-05-17 01:53:30,11.9,11.9,1.02,1.01,0,0,0,3.06,0.0149,0.0155,0.00468,0,3.33,4.25,3.26,3.88,7.07,14.5,0.320,27.8,20,0
2026-05-17 01:54:00,11.9,11.9,1.02,1.02,0,0,0,3.06,0.0154,0.0154,0.00474,0,3.34,4.22,3.30,3.91,7.10,14.5,0.438,27.8,20,0
2026-05-17 01:54:30,12.0,12.0,1.02,1.02,0,0,0,3.07,0.0149,0.0157,0.00425,0,3.33,4.21,3.35,3.91,7.13,14.5,0.387,27.8,20,0
2026-05-17 01:55:00,12.0,12.0,1.02,1.01,0,0,0,3.07,0.0151,0.0158,0.00421,0,3.32,4.20,3.35,3.91,7.12,14.5,0.367,27.9,20,0
2026-05-17 01:55:30,12.0,11.9,1.01,1.02,0,0,0,3.07,0.0153,0.0157,0.00445,0,3.32,4.21,3.35,3.91,7.08,14.5,0.371,27.9,20,0
2026-05-17 01:56:00,11.9,11.9,1.02,1.02,0,0,0,3.07,0.0158,0.0156,0.00454,0,3.29,4.22,3.33,3.92,7.07,14.5,0.293,27.9,20,0
2026-05-17 01:56:30,11.9,11.9,1.02,1.02,0,0,0,3.06,0.0159,0.0156,0.00452,0,3.28,4.23,3.32,3.93,7.08,14.5,0.424,28.1,20,0
2026-05-17 01:57:00,11.9,11.9,1.01,1.02,0,0,0,3.07,0.0159,0.0156,0.00432,0,3.28,4.24,3.34,3.89,7.03,14.5,0.391,28.0,20,0
2026-05-17 01:57:30,11.9,11.9,1.02,1.02,0,0,0,3.06,0.0159,0.0155,0.00432,0,3.28,4.24,3.34,3.88,7.04,14.5,0.357,28.1,20,0
2026-05-17 01:58:00,11.9,11.9,1.01,1.02,0,0,0,3.06,0.0158,0.0157,0.00448,0,3.26,4.25,3.33,3.89,7.03,14.5,0.368,28.0,20,0
2026-05-17 01:58:30,11.9,11.9,1.02,1.02,0,0,0,3.06,0.0156,0.0159,0.00414,0,3.26,4.27,3.29,3.88,7.04,14.4,0.326,28.0,20,0
2026-05-17 01:59:00,11.9,11.9,1.02,1.02,0,0,0,3.05,0.0155,0.0152,0.00432,0,3.26,4.28,3.30,3.84,7.04,14.4,0.387,28.0,20,0
2026-05-17 01:59:30,11.9,11.9,1.02,1.02,0,0,0,3.05,0.0148,0.0158,0.00421,0,3.25,4.27,3.30,3.87,7.03,14.4,0.263,28.1,20,0
2026-05-17 02:00:00,11.9,11.9,1.01,1.02,0,0,0,3.04,0.0153,0.0157,0.00454,0,3.25,4.30,3.28,3.84,6.94,14.4,0.346,28.1,20,0
2026-05-17 02:00:30,11.9,11.9,1.01,1.01,0,0,0,3.04,0.0155,0.0158,0.00472,0,3.26,4.31,3.25,3.84,6.88,14.4,0.388,28.0,20,0
2026-05-17 02:01:00,11.8,11.8,1.01,1.02,0,0,0,3.03,0.0156,0.0158,0.00405,0,3.24,4.31,3.25,3.82,6.83,14.4,0.378,28.0,20,0
2026-05-17 02:01:30,11.9,11.8,1.01,1.01,0,0,0,3.04,0.0158,0.0157,0.00443,0,3.25,4.31,3.25,3.84,6.77,14.4,0.294,27.9,20,0
2026-05-17 02:02:00,11.8,11.9,1.02,1.02,0,0,0,3.04,0.0157,0.0153,0.00468,0,3.25,4.31,3.25,3.83,6.77,14.4,0.315,28.0,20,0
2026-05-17 02:02:30,11.9,11.9,1.01,1.02,0,0,0,3.04,0.0154,0.0152,0.00459,0,3.24,4.29,3.28,3.85,6.76,14.4,0.360,28.1,20,0
2026-05-17 02:03:00,11.9,11.9,1.02,1.02,0,0,0,3.03,0.0158,0.0152,0.00383,0,3.27,4.30,3.24,3.86,6.80,14.4,0.379,28.1,20,0
2026-05-17 02:03:30,11.9,11.9,1.02,1.02,0,0,0,3.05,0.0155,0.0157,0.00477,0,3.28,4.27,3.28,3.88,6.80,14.4,0.370,27.9,20,0
2026-05-17 02:04:00,11.9,11.9,1.02,1.02,0,0,0,3.04,0.0153,0.0154,0.00430,0,3.29,4.28,3.27,3.85,6.80,14.4,0.332,27.9,20,0
2026-05-17 02:04:30,11.9,11.9,1.01,1.01,0,0,0,3.05,0.0162,0.0160,0.00441,0,3.33,4.27,3.28,3.83,6.81,14.5,0.292,27.9,20,0
2026-05-17 02:05:00,11.9,11.9,1.02,1.02,0,0,0,3.06,0.0154,0.0148,0.00457,0,3.35,4.25,3.28,3.85,6.79,14.5,0.423,28.0,20,0
2026-05-17 02:05:30,11.9,11.9,1.02,1.03,0,0,0,3.05,0.0153,0.0151,0.00403,0,3.33,4.24,3.29,3.89,6.80,14.5,0.335,28.0,20,0
2026-05-17 02:06:00,11.9,11.9,1.02,1.02,0,0,0,3.05,0.0156,0.0154,0.00441,0,3.32,4.24,3.29,3.88,6.84,14.5,0.277,28.2,20,0
2026-05-17 02:06:30,11.9,11.9,1.02,1.02,0,0,0,3.05,0.0150,0.0155,0.00443,0,3.31,4.25,3.29,3.88,6.78,14.5,0.363,28.2,20,0
2026-05-17 02:07:00,11.9,11.9,1.02,1.01,0,0,0,3.05,0.0156,0.0153,0.00439,0,3.29,4.25,3.30,3.88,6.75,14.5,0.394,28.2,20,0
2026-05-17 02:07:30,11.9,11.9,1.01,1.02,0,0,0,3.05,0.0159,0.0152,0.00450,0,3.28,4.27,3.32,3.84,6.74,14.4,0.338,28.1,20,0
2026-05-17 02:08:00,11.9,11.9,1.02,1.02,0,0,0,3.04,0.0154,0.0157,0.00403,0,3.27,4.28,3.28,3.85,6.74,14.4,0.328,28.1,20,0
2026-05-17 02:08:30,11.8,11.8,1.02,1.02,0,0,0,3.02,0.0154,0.0153,0.00419,0,3.26,4.32,3.26,3.80,6.73,14.4,0.290,28.1,20,0
2026-05-17 02:09:00,11.8,11.8,1.02,1.01,0,0,0,3.03,0.0150,0.0150,0.00434,0,3.26,4.32,3.25,3.82,6.71,14.4,0.252,28.3,20,0
2026-05-17 02:09:30,11.8,11.8,1.01,1.02,0,0,0,3.03,0.0158,0.0157,0.00470,0,3.25,4.33,3.22,3.83,6.74,14.4,0.347,28.2,20,0
2026-05-17 02:10:00,11.8,11.8,1.02,1.01,0,0,0,3.02,0.0153,0.0154,0.00412,0,3.26,4.34,3.20,3.81,6.74,14.3,0.370,28.2,20,0
2026-05-17 02:10:30,11.8,11.8,1.02,1.02,0,0,0,3.02,0.0153,0.0156,0.00434,0,3.25,4.37,3.23,3.75,6.75,14.3,0.322,28.2,20,0
2026-05-17 02:11:00,11.8,11.8,1.02,1.02,0,0,0,3.02,0.0154,0.0154,0.00432,0,3.22,4.36,3.22,3.78,6.77,14.3,0.369,28.1,20,0
2026-05-17 02:11:30,11.8,11.8,1.02,1.02,0,0,0,3.01,0.0154,0.0155,0.00434,0,3.21,4.37,3.23,3.76,6.75,14.3,0.400,28.1,20,0
2026-05-17 02:12:00,11.8,11.8,1.02,1.02,0,0,0,3.01,0.0152,0.0157,0.00459,0,3.20,4.37,3.23,3.77,6.69,14.3,0.291,28.2,20,0
2026-05-17 02:12:30,11.8,11.8,1.02,1.02,0,0,0,3.02,0.0149,0.0153,0.00450,0,3.21,4.37,3.23,3.78,6.66,14.3,0.396,28.3,20,0
2026-05-17 02:13:00,11.8,11.8,1.02,1.01,0,0,0,3.01,0.0152,0.0153,0.00457,0,3.19,4.37,3.23,3.78,6.69,14.3,0.338,28.3,20,0
2026-05-17 02:13:30,11.8,11.8,1.01,1.02,0,0,0,3.01,0.0153,0.0151,0.00448,0,3.19,4.38,3.22,3.76,6.69,14.3,0.422,28.3,20,0
2026-05-17 02:14:00,11.7,11.7,1.02,1.02,0,0,0,3.01,0.0155,0.0155,0.00430,0,3.18,4.41,3.19,3.73,6.72,14.3,0.366,28.2,20,0
2026-05-17 02:14:30,11.9,11.9,1.02,1.02,0,0,0,3.07,0.0155,0.0153,0.00474,0,3.17,4.21,3.15,4.25,6.76,14.5,0.393,28.2,20,0
2026-05-17 02:15:00,12.0,12.0,1.02,1.01,0,0,0,3.09,0.0150,0.0153,0.00443,0,3.18,4.12,3.18,4.40,6.85,14.6,0.362,28.3,20,0
2026-05-17 02:15:30,12.0,12.0,1.02,1.01,0,0,0,3.10,0.0157,0.0156,0.00445,0,3.21,4.11,3.20,4.39,6.88,14.6,0.353,28.3,20,0
2026-05-17 02:16:00,12.0,12.0,1.01,1.02,0,0,0,3.10,0.0155,0.0157,0.00466,0,3.23,4.09,3.23,4.37,6.96,14.6,0.340,28.3,20,0
2026-05-17 02:16:30,12.0,12.0,1.02,1.02,0,0,0,3.10,0.0152,0.0158,0.00497,0,3.24,4.10,3.20,4.38,7.04,14.6,0.388,28.3,20,0
2026-05-17 02:17:00,12.0,12.0,1.01,1.02,0,0,0,3.10,0.0153,0.0157,0.00434,0,3.24,4.10,3.19,4.38,7.03,14.6,0.410,28.4,20,0
2026-05-17 02:17:30,12.0,12.0,1.02,1.01,0,0,0,3.09,0.0156,0.0160,0.00448,0,3.24,4.10,3.19,4.38,7.06,14.6,0.338,28.5,20,0
2026-05-17 02:18:00,12.0,12.0,1.02,1.01,0,0,0,3.10,0.0152,0.0156,0.00463,0,3.24,4.10,3.19,4.38,7.05,14.6,0.310,28.5,20,0
2026-05-17 02:18:30,12.0,12.0,1.01,1.02,0,0,0,3.09,0.0152,0.0155,0.00454,0,3.24,4.11,3.18,4.38,7.02,14.6,0.313,28.4,20,0
2026-05-17 02:19:00,12.0,12.0,1.02,1.02,0,0,0,3.09,0.0158,0.0152,0.00501,0,3.25,4.11,3.14,4.39,6.95,14.6,0.387,28.5,20,0
2026-05-17 02:19:30,12.0,12.0,1.02,1.02,0,0,0,3.09,0.0150,0.0153,0.00432,0,3.17,4.12,3.16,4.41,6.94,14.6,0.271,28.5,20,0
2026-05-17 02:20:00,12.0,12.0,1.01,1.02,0,0,0,3.08,0.0154,0.0153,0.00427,0,3.13,4.12,3.15,4.44,6.95,14.6,0.346,28.3,20,0
2026-05-17 02:20:30,12.0,12.0,1.01,1.02,0,0,0,3.07,0.0159,0.0157,0.00459,0,3.13,4.10,3.11,4.47,6.88,14.5,0.311,28.4,20,0
2026-05-17 02:21:00,11.9,11.9,1.02,1.02,0,0,0,3.06,0.0156,0.0159,0.00463,0,3.11,4.09,3.07,4.50,6.89,14.5,0.406,28.5,20,0
2026-05-17 02:21:30,11.9,11.9,1.02,1.02,0,0,0,3.06,0.0153,0.0153,0.00443,0,3.07,4.08,3.07,4.52,6.94,14.5,0.350,28.5,20,0
2026-05-17 02:22:00,11.9,11.9,1.02,1.02,0,0,0,3.05,0.0154,0.0150,0.00443,0,3.08,4.07,3.03,4.53,6.87,14.5,0.372,28.5,20,0
2026-05-17 02:22:30,11.9,11.9,1.02,1.02,0,0,0,3.06,0.0154,0.0153,0.00459,0,3.09,4.06,3.05,4.52,6.84,14.5,0.364,28.5,20,0
2026-05-17 02:23:00,11.9,11.9,1.01,1.02,0,0,0,3.05,0.0151,0.0152,0.00439,0,3.10,4.07,3.04,4.52,6.78,14.5,0.380,28.5,20,0
2026-05-17 02:23:30,11.9,11.9,1.01,1.02,0,0,0,3.06,0.0153,0.0151,0.00470,0,3.10,4.08,3.05,4.51,6.77,14.5,0.390,28.6,20,0
2026-05-17 02:24:00,11.9,11.9,1.02,1.02,0,0,0,3.06,0.0153,0.0157,0.00463,0,3.11,4.08,3.03,4.52,6.77,14.5,0.340,28.6,20,0
2026-05-17 02:24:30,11.9,11.9,1.01,1.01,0,0,0,3.06,0.0155,0.0155,0.00419,0,3.13,4.07,3.04,4.51,6.78,14.5,0.350,28.5,20,0
2026-05-17 02:25:00,11.9,11.9,1.03,1.02,0,0,0,3.06,0.0155,0.0157,0.00495,0,3.13,4.05,3.04,4.52,6.79,14.5,0.343,28.4,20,0
2026-05-17 02:25:30,11.9,11.9,1.01,1.02,0,0,0,3.06,0.0157,0.0154,0.00463,0,3.12,4.05,3.05,4.52,6.82,14.5,0.285,28.3,20,0
2026-05-17 02:26:00,11.9,11.9,1.01,1.02,0,0,0,3.06,0.0152,0.0149,0.00445,0,3.11,4.03,3.04,4.53,6.84,14.5,0.280,28.2,20,0
2026-05-17 02:26:30,11.9,11.9,1.02,1.02,0,0,0,3.06,0.0155,0.0153,0.00436,0,3.12,4.02,3.05,4.53,6.82,14.5,0.267,28.1,20,0
2026-05-17 02:27:00,11.9,11.9,1.02,1.02,0,0,0,3.05,0.0156,0.0151,0.00463,0,3.12,4.02,3.06,4.52,6.83,14.5,0.389,28.1,20,0
2026-05-17 02:27:30,11.9,11.9,1.02,1.02,0,0,0,3.06,0.0158,0.0156,0.00470,0,3.12,4.04,3.08,4.51,6.88,14.5,0.300,28.1,20,0
2026-05-17 02:28:00,11.9,11.9,1.02,1.02,0,0,0,3.06,0.0151,0.0155,0.00479,0,3.14,4.05,3.10,4.49,6.86,14.5,0.283,28.3,20,0
2026-05-17 02:28:30,12.0,12.0,1.01,1.02,0,0,0,3.07,0.0149,0.0151,0.00443,0,3.18,4.07,3.10,4.46,6.93,14.5,0.261,28.2,20,0
2026-05-17 02:29:00,12.0,12.0,1.02,1.02,0,0,0,3.07,0.0152,0.0151,0.00479,0,3.18,4.10,3.10,4.45,6.93,14.6,0.386,28.4,20,0
2026-05-17 02:29:30,12.0,12.0,1.02,1.02,0,0,0,3.08,0.0156,0.0153,0.00450,0,3.17,4.11,3.13,4.43,6.87,14.6,0.361,28.3,20,0
2026-05-17 02:30:00,12.0,12.0,1.02,1.03,0,0,0,3.08,0.0153,0.0151,0.00472,0,3.18,4.11,3.14,4.43,6.94,14.6,0.358,28.3,20,0
2026-05-17 02:30:30,12.0,12.0,1.02,1.01,0,0,0,3.08,0.0153,0.0153,0.00468,0,3.19,4.12,3.12,4.42,6.90,14.6,0.327,28.4,20,0
2026-05-17 02:31:00,12.0,12.0,1.02,1.02,0,0,0,3.08,0.0156,0.0153,0.00468,0,3.19,4.14,3.13,4.41,6.90,14.6,0.378,28.4,20,0
2026-05-17 02:31:30,12.0,12.0,1.02,1.02,0,0,0,3.09,0.0152,0.0154,0.00445,0,3.18,4.13,3.15,4.41,6.84,14.6,0.346,28.4,20,0
2026-05-17 02:32:00,12.0,12.0,1.02,1.03,0,0,0,3.09,0.0151,0.0159,0.00443,0,3.18,4.13,3.15,4.41,6.84,14.6,0.325,28.5,20,0
2026-05-17 02:32:30,12.0,12.0,1.02,1.02,0,0,0,3.09,0.0159,0.0151,0.00421,0,3.16,4.12,3.16,4.42,6.81,14.6,0.326,28.7,20,0
2026-05-17 02:33:00,12.0,12.0,1.02,1.02,0,0,0,3.08,0.0149,0.0150,0.00461,0,3.16,4.11,3.15,4.43,6.86,14.6,0.332,28.6,20,0
2026-05-17 02:33:30,12.0,12.0,1.03,1.02,0,0,0,3.07,0.0152,0.0150,0.00466,0,3.15,4.10,3.11,4.45,6.87,14.6,0.221,28.5,20,0
2026-05-17 02:34:00,12.0,12.0,1.02,1.02,0,0,0,3.07,0.0152,0.0152,0.00488,0,3.13,4.09,3.12,4.47,6.85,14.5,0.301,28.4,20,0
2026-05-17 02:34:30,11.9,11.9,1.02,1.02,0,0,0,3.06,0.0158,0.0155,0.00459,0,3.09,4.08,3.08,4.51,6.82,14.5,0.347,28.2,20,0
2026-05-17 02:35:00,11.9,11.9,1.01,1.01,0,0,0,3.06,0.0155,0.0153,0.00468,0,3.08,4.05,3.05,4.54,6.77,14.5,0.304,28.1,20,0
2026-05-17 02:35:30,11.9,11.9,1.01,1.03,0,0,0,3.06,0.0151,0.0156,0.00448,0,3.09,4.02,3.04,4.55,6.75,14.4,0.335,28.2,20,0
2026-05-17 02:36:00,11.9,11.9,1.02,1.02,0,0,0,3.05,0.0149,0.0158,0.00457,0,3.08,4.04,3.06,4.54,6.72,14.5,0.355,28.3,20,0
2026-05-17 02:36:30,11.9,11.9,1.02,1.02,0,0,0,3.05,0.0153,0.0154,0.00452,0,3.07,4.05,3.08,4.52,6.69,14.4,0.309,28.4,20,0
2026-05-17 02:37:00,11.9,11.9,1.02,1.02,0,0,0,3.06,0.0157,0.0156,0.00472,0,3.10,4.05,3.08,4.51,6.74,14.5,0.376,28.4,20,0
2026-05-17 02:37:30,11.9,11.9,1.02,1.02,0,0,0,3.06,0.0155,0.0153,0.00445,0,3.12,4.06,3.08,4.50,6.76,14.5,0.356,28.3,20,0
2026-05-17 02:38:00,12.0,12.0,1.02,1.02,0,0,0,3.07,0.0152,0.0152,0.00470,0,3.16,4.06,3.10,4.47,6.82,14.5,0.356,28.3,20,0
2026-05-17 02:38:30,12.0,12.0,1.02,1.03,0,0,0,3.07,0.0154,0.0150,0.00432,0,3.16,4.10,3.08,4.47,6.78,14.5,0.367,28.3,20,0
2026-05-17 02:39:00,12.0,12.0,1.02,1.02,0,0,0,3.07,0.0155,0.0152,0.00454,0,3.18,4.12,3.08,4.45,6.77,14.6,0.295,28.2,20,0
2026-05-17 02:39:30,12.0,12.0,1.02,1.03,0,0,0,3.08,0.0154,0.0156,0.00436,0,3.19,4.14,3.12,4.42,6.80,14.6,0.378,28.4,20,0
2026-05-17 02:40:00,12.0,12.0,1.02,1.01,0,0,0,3.09,0.0150,0.0155,0.00468,0,3.19,4.13,3.13,4.42,6.77,14.6,0.395,28.5,20,0
2026-05-17 02:40:30,12.0,12.0,1.01,1.02,0,0,0,3.09,0.0153,0.0154,0.00452,0,3.19,4.14,3.13,4.41,6.78,14.6,0.317,28.5,20,0
2026-05-17 02:41:00,12.0,12.0,1.02,1.02,0,0,0,3.09,0.0152,0.0153,0.00497,0,3.23,4.13,3.12,4.40,6.83,14.6,0.366,28.4,20,0
2026-05-17 02:41:30,12.0,12.0,1.02,1.02,0,0,0,3.09,0.0154,0.0148,0.00427,0,3.22,4.13,3.12,4.41,6.88,14.6,0.351,28.3,20,0
2026-05-17 02:42:00,12.0,12.0,1.02,1.02,0,0,0,3.09,0.0157,0.0159,0.00412,0,3.19,4.13,3.12,4.41,6.88,14.6,0.310,28.3,20,0
2026-05-17 02:42:30,12.0,12.0,1.02,1.02,0,0,0,3.09,0.0157,0.0153,0.00481,0,3.18,4.14,3.13,4.42,6.82,14.6,0.299,28.1,20,0
2026-05-17 02:43:00,12.0,12.0,1.02,1.02,0,0,0,3.08,0.0153,0.0152,0.00459,0,3.15,4.14,3.13,4.43,6.81,14.6,0.293,28.0,20,0
2026-05-17 02:43:30,12.0,12.0,1.01,1.02,0,0,0,3.09,0.0151,0.0153,0.00445,0,3.12,4.14,3.14,4.44,6.81,14.6,0.282,28.1,20,0
2026-05-17 02:44:00,12.0,12.0,1.02,1.01,0,0,0,3.08,0.0148,0.0149,0.00439,0,3.13,4.14,3.10,4.45,6.82,14.5,0.300,28.2,20,0
2026-05-17 02:44:30,12.0,12.0,1.02,1.02,0,0,0,3.08,0.0152,0.0150,0.00495,0,3.13,4.13,3.13,4.44,6.86,14.6,0.289,28.2,20,0
2026-05-17 02:45:00,12.0,12.0,1.02,1.02,0,0,0,3.09,0.0156,0.0148,0.00398,0,3.14,4.13,3.15,4.43,6.88,14.6,0.300,28.3,20,0
2026-05-17 02:45:30,12.0,12.0,1.02,1.02,0,0,0,3.08,0.0156,0.0157,0.00439,0,3.16,4.14,3.15,4.42,6.89,14.6,0.347,28.3,20,0
2026-05-17 02:46:00,12.0,12.0,1.02,1.02,0,0,0,3.08,0.0149,0.0148,0.00441,0,3.17,4.13,3.14,4.42,6.85,14.6,0.356,28.3,20,0
2026-05-17 02:46:30,12.0,12.0,1.03,1.02,0,0,0,3.09,0.0153,0.0153,0.00448,0,3.18,4.12,3.15,4.42,6.83,14.6,0.292,28.2,20,0
2026-05-17 02:47:00,12.0,12.0,1.02,1.02,0,0,0,3.09,0.0156,0.0153,0.00477,0,3.22,4.12,3.14,4.41,6.83,14.6,0.233,28.3,20,0
2026-05-17 02:47:30,12.0,12.0,1.02,1.03,0,0,0,3.09,0.0155,0.0151,0.00436,0,3.20,4.12,3.14,4.41,6.76,14.6,0.349,28.3,20,0
2026-05-17 02:48:00,12.0,12.0,1.02,1.02,0,0,0,3.10,0.0154,0.0154,0.00448,0,3.23,4.12,3.14,4.40,6.74,14.6,0.369,28.4,20,0
2026-05-17 02:48:30,12.0,12.0,1.03,1.02,0,0,0,3.08,0.0153,0.0155,0.00427,0,3.21,4.12,3.15,4.40,6.77,14.6,0.356,28.5,20,0
2026-05-17 02:49:00,12.0,12.0,1.02,1.02,0,0,0,3.09,0.0151,0.0158,0.00443,0,3.22,4.12,3.15,4.40,6.83,14.6,0.369,28.5,20,0
2026-05-17 02:49:30,12.0,12.0,1.02,1.01,0,0,0,3.08,0.0153,0.0154,0.00474,0,3.19,4.12,3.16,4.40,6.84,14.6,0.363,28.5,20,0
2026-05-17 02:50:00,12.0,12.0,1.02,1.01,0,0,0,3.09,0.0155,0.0153,0.00466,0,3.19,4.11,3.16,4.41,6.88,14.6,0.392,28.3,20,0
2026-05-17 02:50:30,12.0,12.0,1.02,1.02,0,0,0,3.08,0.0152,0.0154,0.00504,0,3.16,4.11,3.16,4.42,6.89,14.6,0.336,28.2,20,0
2026-05-17 02:51:00,12.0,12.0,1.02,1.02,0,0,0,3.07,0.0152,0.0153,0.00463,0,3.14,4.10,3.10,4.47,6.84,14.5,0.364,28.0,20,0
2026-05-17 02:51:30,12.0,12.0,1.02,1.02,0,0,0,3.07,0.0151,0.0152,0.00461,0,3.13,4.10,3.09,4.48,6.83,14.5,0.382,28.1,20,0
2026-05-17 02:52:00,12.0,12.0,1.02,1.02,0,0,0,3.06,0.0153,0.0151,0.00470,0,3.12,4.10,3.10,4.47,6.84,14.5,0.304,28.1,20,0
2026-05-17 02:52:30,12.0,12.0,1.02,1.02,0,0,0,3.07,0.0157,0.0153,0.00474,0,3.12,4.10,3.10,4.47,6.83,14.5,0.304,28.1,20,0
2026-05-17 02:53:00,12.0,12.0,1.01,1.01,0,0,0,3.07,0.0155,0.0150,0.00492,0,3.13,4.11,3.09,4.47,6.82,14.5,0.372,28.3,20,0
2026-05-17 02:53:30,12.0,12.0,1.01,1.02,0,0,0,3.07,0.0152,0.0153,0.00488,0,3.12,4.11,3.09,4.47,6.88,14.5,0.394,28.3,20,0
2026-05-17 02:54:00,12.0,12.0,1.02,1.02,0,0,0,3.08,0.0151,0.0149,0.00448,0,3.14,4.10,3.13,4.45,6.97,14.5,0.308,28.2,20,0
2026-05-17 02:54:30,12.0,12.0,1.02,1.02,0,0,0,3.07,0.0153,0.0153,0.00499,0,3.15,4.11,3.09,4.46,6.90,14.5,0.280,28.2,20,0
2026-05-17 02:55:00,12.0,12.0,1.02,1.02,0,0,0,3.08,0.0154,0.0151,0.00457,0,3.18,4.11,3.12,4.43,6.90,14.6,0.332,28.2,20,0
2026-05-17 02:55:30,12.0,12.0,1.02,1.02,0,0,0,3.08,0.0150,0.0151,0.00486,0,3.20,4.13,3.11,4.42,6.90,14.6,0.414,28.3,20,0
2026-05-17 02:56:00,12.0,12.0,1.02,1.03,0,0,0,3.08,0.0151,0.0151,0.00474,0,3.20,4.13,3.11,4.42,6.88,14.6,0.381,28.4,20,0
2026-05-17 02:56:30,12.0,12.0,1.02,1.02,0,0,0,3.09,0.0152,0.0157,0.00474,0,3.20,4.13,3.13,4.41,6.87,14.6,0.363,28.5,20,0
2026-05-17 02:57:00,12.0,12.0,1.02,1.02,0,0,0,3.08,0.0149,0.0155,0.00470,0,3.20,4.12,3.14,4.41,6.84,14.6,0.321,28.5,20,0
2026-05-17 02:57:30,12.0,12.0,1.03,1.02,0,0,0,3.09,0.0151,0.0149,0.00481,0,3.18,4.12,3.15,4.41,6.82,14.6,0.368,28.5,20,0
2026-05-17 02:58:00,12.0,12.0,1.03,1.02,0,0,0,3.07,0.0155,0.0151,0.00466,0,3.16,4.12,3.14,4.43,6.83,14.6,0.347,28.5,20,0
2026-05-17 02:58:30,12.0,12.0,1.02,1.03,0,0,0,3.08,0.0154,0.0155,0.00468,0,3.13,4.10,3.11,4.46,6.79,14.5,0.364,28.2,20,0
2026-05-17 02:59:00,12.0,12.0,1.02,1.02,0,0,0,3.06,0.0153,0.0151,0.00452,0,3.13,4.08,3.10,4.48,6.75,14.5,0.384,28.1,20,0
2026-05-17 02:59:30,11.9,11.9,1.02,1.03,0,0,0,3.06,0.0147,0.0153,0.00450,0,3.14,4.07,3.06,4.50,6.74,14.5,0.309,28.1,20,0
2026-05-17 03:00:00,11.9,11.9,1.03,1.03,0,0,0,3.05,0.0157,0.0155,0.00472,0,3.07,4.06,3.06,4.53,6.69,14.5,0.309,28.1,20,0
2026-05-17 03:00:30,11.9,11.9,1.03,1.03,0,0,0,3.06,0.0154,0.0148,0.00474,0,3.09,4.06,3.09,4.51,6.74,14.5,0.305,28.1,20,0
2026-05-17 03:01:00,11.9,11.9,1.02,1.02,0,0,0,3.06,0.0151,0.0146,0.00477,0,3.11,4.07,3.08,4.50,6.79,14.5,0.380,28.3,20,0
2026-05-17 03:01:30,11.9,12.0,1.03,1.02,0,0,0,3.07,0.0148,0.0156,0.00445,0,3.14,4.07,3.11,4.47,6.81,14.5,0.285,28.3,20,0
2026-05-17 03:02:00,12.0,12.0,1.02,1.02,0,0,0,3.07,0.0152,0.0154,0.00474,0,3.14,4.08,3.13,4.46,6.78,14.5,0.342,28.1,20,0
2026-05-17 03:02:30,12.0,12.0,1.02,1.03,0,0,0,3.09,0.0148,0.0151,0.00459,0,3.17,4.09,3.12,4.45,6.83,14.6,0.386,28.1,20,0
2026-05-17 03:03:00,12.0,12.0,1.02,1.02,0,0,0,3.08,0.0151,0.0151,0.00499,0,3.18,4.11,3.13,4.43,6.83,14.6,0.223,28.1,20,0
2026-05-17 03:03:30,12.0,12.0,1.02,1.03,0,0,0,3.09,0.0157,0.0153,0.00508,0,3.18,4.12,3.15,4.41,6.80,14.6,0.324,28.0,20,0
2026-05-17 03:04:00,12.0,12.0,1.02,1.03,0,0,0,3.09,0.0151,0.0148,0.00452,0,3.20,4.12,3.19,4.39,6.82,14.6,0.237,28.2,20,0
2026-05-17 03:04:30,12.0,12.0,1.03,1.02,0,0,0,3.09,0.0152,0.0160,0.00483,0,3.23,4.10,3.21,4.37,6.76,14.6,0.426,28.3,20,0
2026-05-17 03:05:00,12.1,12.0,1.02,1.02,0,0,0,3.10,0.0154,0.0150,0.00477,0,3.24,4.10,3.21,4.37,6.75,14.6,0.375,28.4,20,0
2026-05-17 03:05:30,12.0,12.0,1.03,1.03,0,0,0,3.09,0.0154,0.0151,0.00497,0,3.24,4.10,3.20,4.37,6.74,14.6,0.377,28.4,20,0
2026-05-17 03:06:00,12.0,12.0,1.02,1.02,0,0,0,3.10,0.0144,0.0149,0.00452,0,3.23,4.10,3.21,4.37,6.71,14.6,0.397,28.3,20,0
2026-05-17 03:06:30,12.0,12.0,1.03,1.02,0,0,0,3.10,0.0153,0.0153,0.00466,0,3.24,4.10,3.18,4.38,6.75,14.6,0.320,28.3,20,0
2026-05-17 03:07:00,12.0,12.0,1.02,1.03,0,0,0,3.09,0.0151,0.0149,0.00508,0,3.21,4.11,3.18,4.39,6.70,14.6,0.353,28.3,20,0
2026-05-17 03:07:30,12.0,12.0,1.02,1.03,0,0,0,3.10,0.0157,0.0146,0.00477,0,3.22,4.11,3.17,4.39,6.68,14.6,0.337,28.1,20,0
2026-05-17 03:08:00,12.0,12.0,1.02,1.02,0,0,0,3.09,0.0148,0.0147,0.00483,0,3.17,4.12,3.19,4.40,6.67,14.6,0.345,27.9,20,0
2026-05-17 03:08:30,12.0,12.0,1.02,1.02,0,0,0,3.09,0.0151,0.0145,0.00466,0,3.18,4.13,3.17,4.40,6.73,14.6,0.369,27.9,20,0
2026-05-17 03:09:00,12.0,12.0,1.03,1.02,0,0,0,3.09,0.0150,0.0155,0.00459,0,3.18,4.13,3.13,4.42,6.77,14.6,0.332,27.8,20,0
2026-05-17 03:09:30,12.0,12.0,1.03,1.03,0,0,0,3.09,0.0153,0.0152,0.00461,0,3.19,4.14,3.14,4.41,6.76,14.6,0.371,27.8,20,0
2026-05-17 03:10:00,12.0,12.0,1.03,1.02,0,0,0,3.09,0.0151,0.0152,0.00486,0,3.19,4.13,3.14,4.41,6.75,14.6,0.324,27.8,20,0
2026-05-17 03:10:30,12.0,12.0,1.02,1.03,0,0,0,3.09,0.0151,0.0152,0.00452,0,3.22,4.12,3.16,4.39,6.76,14.6,0.319,28.0,20,0
2026-05-17 03:11:00,12.0,12.1,1.02,1.02,0,0,0,3.09,0.0153,0.0152,0.00468,0,3.24,4.10,3.22,4.37,6.76,14.6,0.398,28.0,20,0
2026-05-17 03:11:30,12.0,12.0,1.03,1.03,0,0,0,3.11,0.0151,0.0154,0.00457,0,3.24,4.10,3.21,4.37,6.81,14.6,0.302,27.8,20,0
2026-05-17 03:12:00,12.0,12.0,1.03,1.03,0,0,0,3.11,0.0153,0.0153,0.00474,0,3.25,4.09,3.21,4.37,6.80,14.6,0.347,27.9,20,0
2026-05-17 03:12:30,12.1,12.1,1.02,1.02,0,0,0,3.11,0.0152,0.0154,0.00461,0,3.29,4.07,3.25,4.34,6.79,14.7,0.391,28.0,20,0
2026-05-17 03:13:00,12.1,12.1,1.03,1.02,0,0,0,3.12,0.0152,0.0146,0.00463,0,3.29,4.07,3.26,4.34,6.76,14.7,0.338,28.1,20,0
2026-05-17 03:13:30,12.1,12.1,1.03,1.03,0,0,0,3.12,0.0153,0.0147,0.00483,0,3.29,4.07,3.25,4.34,6.75,14.7,0.279,28.1,20,0
2026-05-17 03:14:00,12.1,12.1,1.03,1.03,0,0,0,3.11,0.0148,0.0146,0.00501,0,3.29,4.07,3.26,4.34,6.76,14.7,0.301,28.2,20,0
2026-05-17 03:14:30,12.3,12.3,1.03,1.03,0,0,0,3.17,0.0150,0.0150,0.00461,0,3.68,3.88,3.54,4.13,6.75,14.9,0.404,28.3,20,0
2026-05-17 03:15:00,12.4,12.4,1.02,1.03,0,0,0,3.21,0.0147,0.0150,0.00470,0,4.08,3.76,3.58,3.99,6.75,15.1,0.365,28.2,20,0
2026-05-17 03:15:30,12.5,12.5,1.03,1.03,0,0,0,3.24,0.0150,0.0151,0.00488,0,4.17,3.75,3.58,3.99,6.71,15.2,0.333,28.3,20,0
2026-05-17 03:16:00,12.5,12.5,1.03,1.03,0,0,0,3.25,0.0148,0.0150,0.00555,0,4.22,3.75,3.57,3.99,6.71,15.2,0.233,28.4,20,0
2026-05-17 03:16:30,12.5,12.5,1.03,1.02,0,0,0,3.24,0.0150,0.0146,0.00515,0,4.25,3.74,3.56,3.98,6.72,15.2,0.298,28.5,20,0
2026-05-17 03:17:00,12.5,12.5,1.03,1.02,0,0,0,3.24,0.0147,0.0150,0.00533,0,4.27,3.74,3.56,3.97,6.74,15.2,0.297,28.4,20,0
2026-05-17 03:17:30,12.5,12.5,1.02,1.03,0,0,0,3.25,0.0150,0.0150,0.00515,0,4.29,3.73,3.55,3.97,6.76,15.2,0.460,28.3,20,0
2026-05-17 03:18:00,12.5,12.5,1.03,1.03,0,0,0,3.24,0.0148,0.0146,0.00488,0,4.28,3.73,3.55,3.97,6.83,15.2,0.292,28.2,20,0
2026-05-17 03:18:30,12.5,12.5,1.03,1.02,0,0,0,3.24,0.0151,0.0149,0.00490,0,4.25,3.74,3.57,3.98,6.82,15.2,0.354,28.1,20,0
2026-05-17 03:19:00,12.5,12.5,1.03,1.02,0,0,0,3.24,0.0144,0.0149,0.00521,0,4.22,3.75,3.57,3.99,6.87,15.2,0.275,28.1,20,0
2026-05-17 03:19:30,12.5,12.5,1.03,1.03,0,0,0,3.24,0.0148,0.0151,0.00521,0,4.19,3.75,3.58,3.99,6.87,15.2,0.293,28.1,20,0
2026-05-17 03:20:00,12.5,12.5,1.03,1.03,0,0,0,3.23,0.0149,0.0150,0.00492,0,4.16,3.76,3.59,4.00,6.91,15.2,0.327,28.1,20,0
2026-05-17 03:20:30,12.5,12.5,1.02,1.03,0,0,0,3.23,0.0149,0.0143,0.00495,0,4.16,3.76,3.59,4.00,6.89,15.2,0.337,28.2,20,0
2026-05-17 03:21:00,12.5,12.5,1.03,1.03,0,0,0,3.24,0.0150,0.0147,0.00513,0,4.15,3.76,3.58,4.00,6.89,15.2,0.242,28.2,20,0
2026-05-17 03:21:30,12.5,12.4,1.03,1.03,0,0,0,3.23,0.0147,0.0147,0.00483,0,4.11,3.77,3.60,4.01,6.94,15.2,0.313,28.4,20,0
2026-05-17 03:22:00,12.5,12.5,1.03,1.02,0,0,0,3.23,0.0146,0.0149,0.00521,0,4.12,3.77,3.59,4.01,6.92,15.2,0.421,28.3,20,0
2026-05-17 03:22:30,12.5,12.5,1.03,1.03,0,0,0,3.23,0.0152,0.0144,0.00519,0,4.13,3.77,3.59,4.00,6.97,15.2,0.231,28.3,20,0
2026-05-17 03:23:00,12.5,12.5,1.03,1.03,0,0,0,3.23,0.0154,0.0148,0.00495,0,4.13,3.77,3.59,4.00,6.92,15.2,0.294,28.4,20,0
2026-05-17 03:23:30,12.5,12.5,1.02,1.03,0,0,0,3.24,0.0152,0.0148,0.00488,0,4.13,3.76,3.59,4.01,6.89,15.2,0.378,28.4,20,0
2026-05-17 03:24:00,12.5,12.5,1.03,1.03,0,0,0,3.23,0.0150,0.0149,0.00497,0,4.14,3.76,3.59,4.01,6.93,15.2,0.279,28.4,20,0
2026-05-17 03:24:30,12.5,12.5,1.02,1.02,0,0,0,3.23,0.0151,0.0150,0.00501,0,4.13,3.77,3.59,4.01,6.85,15.2,0.242,28.4,20,0
2026-05-17 03:25:00,12.5,12.5,1.03,1.03,0,0,0,3.24,0.0152,0.0147,0.00490,0,4.13,3.77,3.59,4.00,6.89,15.2,0.288,28.4,20,0
2026-05-17 03:25:30,12.5,12.5,1.03,1.02,0,0,0,3.23,0.0151,0.0151,0.00499,0,4.14,3.76,3.59,4.01,6.83,15.2,0.291,28.2,20,0
2026-05-17 03:26:00,12.4,12.5,1.03,1.03,0,0,0,3.24,0.0151,0.0149,0.00497,0,4.09,3.78,3.60,4.02,6.83,15.1,0.381,28.1,20,0
2026-05-17 03:26:30,12.4,12.4,1.02,1.03,0,0,0,3.23,0.0151,0.0149,0.00542,0,4.06,3.78,3.61,4.02,6.83,15.1,0.353,28.1,20,0
2026-05-17 03:27:00,12.4,12.4,1.03,1.02,0,0,0,3.23,0.0146,0.0148,0.00474,0,4.03,3.79,3.61,4.04,6.89,15.1,0.326,28.1,20,0
2026-05-17 03:27:30,12.4,12.4,1.03,1.03,0,0,0,3.23,0.0148,0.0147,0.00495,0,4.03,3.79,3.61,4.03,6.91,15.1,0.333,28.2,20,0
2026-05-17 03:28:00,12.4,12.4,1.02,1.03,0,0,0,3.23,0.0151,0.0149,0.00450,0,4.03,3.79,3.62,4.03,6.87,15.1,0.273,28.3,20,0
2026-05-17 03:28:30,12.4,12.4,1.02,1.03,0,0,0,3.23,0.0149,0.0150,0.00461,0,4.03,3.79,3.62,4.03,6.89,15.1,0.323,28.4,20,0
2026-05-17 03:29:00,12.4,12.4,1.03,1.02,0,0,0,3.24,0.0147,0.0146,0.00501,0,4.08,3.78,3.60,4.02,6.83,15.2,0.369,28.4,20,0
2026-05-17 03:29:30,12.4,12.4,1.03,1.03,0,0,0,3.23,0.0142,0.0151,0.00517,0,4.08,3.78,3.60,4.01,6.82,15.1,0.356,28.3,20,0
2026-05-17 03:30:00,12.4,12.4,1.03,1.03,0,0,0,3.23,0.0147,0.0144,0.00526,0,4.08,3.78,3.60,4.02,6.80,15.2,0.384,28.3,20,0
2026-05-17 03:30:30,12.4,12.4,1.03,1.02,0,0,0,3.23,0.0150,0.0153,0.00513,0,4.08,3.78,3.60,4.02,6.81,15.1,0.296,28.4,20,0
2026-05-17 03:31:00,12.5,12.5,1.02,1.03,0,0,0,3.23,0.0147,0.0155,0.00508,0,4.13,3.77,3.59,4.01,6.83,15.2,0.378,28.5,20,0
2026-05-17 03:31:30,12.5,12.5,1.03,1.03,0,0,0,3.24,0.0148,0.0147,0.00477,0,4.15,3.76,3.59,4.00,6.81,15.2,0.417,28.5,20,0
2026-05-17 03:32:00,12.5,12.5,1.03,1.03,0,0,0,3.23,0.0143,0.0146,0.00530,0,4.17,3.76,3.58,4.00,6.83,15.2,0.408,28.4,20,0
2026-05-17 03:32:30,12.5,12.5,1.02,1.03,0,0,0,3.24,0.0146,0.0148,0.00521,0,4.13,3.77,3.59,4.01,6.81,15.2,0.317,28.2,20,0
2026-05-17 03:33:00,12.4,12.4,1.03,1.02,0,0,0,3.23,0.0151,0.0148,0.00537,0,4.10,3.78,3.60,4.01,6.83,15.1,0.193,28.0,20,0
2026-05-17 03:33:30,12.4,12.4,1.02,1.03,0,0,0,3.23,0.0148,0.0151,0.00530,0,4.06,3.78,3.60,4.02,6.78,15.1,0.351,28.0,20,0
2026-05-17 03:34:00,12.4,12.4,1.02,1.03,0,0,0,3.23,0.0148,0.0142,0.00542,0,4.03,3.79,3.61,4.03,6.80,15.1,0.400,28.1,20,0
2026-05-17 03:34:30,12.4,12.4,1.03,1.03,0,0,0,3.23,0.0150,0.0145,0.00510,0,4.04,3.79,3.61,4.03,6.81,15.1,0.427,28.2,20,0
2026-05-17 03:35:00,12.4,12.4,1.02,1.02,0,0,0,3.24,0.0143,0.0146,0.00501,0,4.08,3.78,3.60,4.02,6.88,15.2,0.392,28.2,20,0
2026-05-17 03:35:30,12.4,12.4,1.03,1.03,0,0,0,3.23,0.0152,0.0144,0.00479,0,4.08,3.78,3.60,4.02,6.95,15.2,0.322,28.2,20,0
2026-05-17 03:36:00,12.4,12.4,1.03,1.03,0,0,0,3.23,0.0144,0.0147,0.00492,0,4.08,3.78,3.60,4.02,6.91,15.1,0.331,28.2,20,0
2026-05-17 03:36:30,12.4,12.5,1.03,1.03,0,0,0,3.23,0.0150,0.0150,0.00513,0,4.10,3.77,3.60,4.02,6.86,15.1,0.436,28.2,20,0
2026-05-17 03:37:00,12.5,12.5,1.03,1.04,0,0,0,3.24,0.0152,0.0148,0.00510,0,4.13,3.76,3.59,4.01,6.90,15.2,0.366,28.2,20,0
2026-05-17 03:37:30,12.5,12.5,1.03,1.03,0,0,0,3.24,0.0149,0.0149,0.00537,0,4.15,3.76,3.59,4.00,6.92,15.2,0.353,28.2,20,0
2026-05-17 03:38:00,12.5,12.5,1.03,1.03,0,0,0,3.24,0.0143,0.0147,0.00539,0,4.17,3.76,3.58,4.00,6.97,15.2,0.341,28.4,20,0
2026-05-17 03:38:30,12.5,12.5,1.02,1.03,0,0,0,3.23,0.0142,0.0147,0.00510,0,4.17,3.76,3.58,4.00,6.91,15.2,0.203,28.4,20,0
2026-05-17 03:39:00,12.5,12.5,1.03,1.03,0,0,0,3.24,0.0155,0.0149,0.00486,0,4.17,3.75,3.58,4.00,6.87,15.2,0.393,28.4,20,0
2026-05-17 03:39:30,12.5,12.5,1.03,1.03,0,0,0,3.24,0.0151,0.0152,0.00497,0,4.17,3.76,3.58,4.00,6.82,15.2,0.316,28.4,20,0
2026-05-17 03:40:00,12.5,12.5,1.02,1.03,0,0,0,3.24,0.0146,0.0146,0.00510,0,4.13,3.77,3.59,4.01,6.77,15.2,0.222,28.4,20,0
2026-05-17 03:40:30,12.5,12.4,1.03,1.03,0,0,0,3.23,0.0149,0.0148,0.00535,0,4.10,3.77,3.60,4.01,6.80,15.1,0.375,28.3,20,0
2026-05-17 03:41:00,12.4,12.4,1.03,1.04,0,0,0,3.23,0.0146,0.0142,0.00501,0,4.05,3.79,3.61,4.03,6.77,15.1,0.325,28.0,20,0
2026-05-17 03:41:30,12.4,12.4,1.03,1.02,0,0,0,3.23,0.0148,0.0149,0.00519,0,4.02,3.79,3.61,4.03,6.83,15.1,0.430,28.1,20,0
2026-05-17 03:42:00,12.4,12.4,1.03,1.03,0,0,0,3.23,0.0146,0.0150,0.00488,0,4.02,3.79,3.61,4.03,6.86,15.1,0.334,28.1,20,0
2026-05-17 03:42:30,12.4,12.4,1.03,1.03,0,0,0,3.22,0.0147,0.0146,0.00454,0,4.03,3.79,3.61,4.03,6.88,15.1,0.385,28.2,20,0
2026-05-17 03:43:00,12.4,12.4,1.03,1.03,0,0,0,3.23,0.0143,0.0146,0.00488,0,4.06,3.78,3.61,4.02,6.87,15.1,0.234,28.3,20,0
2026-05-17 03:43:30,12.5,12.4,1.03,1.03,0,0,0,3.24,0.0145,0.0147,0.00506,0,4.08,3.78,3.61,4.02,6.96,15.2,0.292,28.2,20,0
2026-05-17 03:44:00,12.4,12.4,1.03,1.03,0,0,0,3.24,0.0145,0.0146,0.00454,0,4.08,3.78,3.60,4.02,6.93,15.1,0.310,28.1,20,0
2026-05-17 03:44:30,12.4,12.4,1.03,1.03,0,0,0,3.23,0.0146,0.0147,0.00497,0,4.08,3.78,3.60,4.02,6.98,15.2,0.211,28.2,20,0
2026-05-17 03:45:00,12.5,12.5,1.03,1.04,0,0,0,3.23,0.0146,0.0150,0.00490,0,4.12,3.77,3.60,4.01,6.94,15.2,0.220,28.3,20,0
2026-05-17 03:45:30,12.5,12.5,1.03,1.03,0,0,0,3.23,0.0149,0.0151,0.00457,0,4.13,3.77,3.59,4.01,6.99,15.2,0.372,28.4,20,0
2026-05-17 03:46:00,12.5,12.5,1.04,1.03,0,0,0,3.24,0.0148,0.0150,0.00504,0,4.16,3.76,3.59,4.00,7.01,15.2,0.292,28.4,20,0
2026-05-17 03:46:30,12.5,12.5,1.03,1.03,0,0,0,3.23,0.0146,0.0147,0.00495,0,4.16,3.76,3.58,4.00,6.97,15.2,0.386,28.3,20,0
2026-05-17 03:47:00,12.5,12.5,1.02,1.03,0,0,0,3.23,0.0146,0.0147,0.00470,0,4.13,3.76,3.59,4.01,6.94,15.2,0.363,28.3,20,0
2026-05-17 03:47:30,12.5,12.5,1.03,1.03,0,0,0,3.23,0.0147,0.0149,0.00521,0,4.10,3.77,3.60,4.01,6.96,15.2,0.333,28.2,20,0
2026-05-17 03:48:00,12.4,12.4,1.03,1.03,0,0,0,3.23,0.0147,0.0148,0.00539,0,4.06,3.78,3.60,4.02,6.95,15.2,0.304,28.0,20,0
2026-05-17 03:48:30,12.4,12.4,1.03,1.04,0,0,0,3.22,0.0144,0.0146,0.00517,0,4.03,3.79,3.61,4.04,6.99,15.1,0.307,28.1,20,0
2026-05-17 03:49:00,12.4,12.4,1.03,1.03,0,0,0,3.23,0.0145,0.0147,0.00539,0,4.03,3.79,3.62,4.03,6.92,15.1,0.355,28.1,20,0
2026-05-17 03:49:30,12.4,12.4,1.03,1.03,0,0,0,3.22,0.0145,0.0141,0.00492,0,3.99,3.80,3.62,4.04,6.90,15.1,0.310,28.2,20,0
2026-05-17 03:50:00,12.4,12.4,1.03,1.03,0,0,0,3.23,0.0147,0.0147,0.00479,0,4.00,3.80,3.62,4.04,6.87,15.1,0.397,28.2,20,0
2026-05-17 03:50:30,12.4,12.4,1.03,1.04,0,0,0,3.22,0.0151,0.0149,0.00517,0,4.03,3.79,3.61,4.03,6.85,15.1,0.360,28.3,20,0
2026-05-17 03:51:00,12.4,12.4,1.04,1.03,0,0,0,3.22,0.0148,0.0147,0.00557,0,4.03,3.79,3.61,4.03,6.88,15.1,0.315,28.4,20,0
2026-05-17 03:51:30,12.4,12.4,1.03,1.03,0,0,0,3.23,0.0145,0.0146,0.00542,0,4.07,3.78,3.61,4.02,6.91,15.2,0.327,28.3,20,0
2026-05-17 03:52:00,12.4,12.4,1.04,1.04,0,0,0,3.23,0.0147,0.0148,0.00497,0,4.08,3.78,3.60,4.02,6.89,15.2,0.353,28.3,20,0
2026-05-17 03:52:30,12.5,12.5,1.03,1.03,0,0,0,3.23,0.0146,0.0149,0.00513,0,4.09,3.77,3.60,4.02,6.87,15.2,0.373,28.3,20,0
2026-05-17 03:53:00,12.5,12.5,1.03,1.03,0,0,0,3.25,0.0146,0.0149,0.00497,0,4.13,3.77,3.59,4.01,1.65,15.2,0.351,28.4,20,0
2026-05-17 03:53:30,12.5,12.5,1.03,1.04,0,0,0,3.23,0.0146,0.0145,0.00526,0,4.10,3.77,3.60,4.01,4.37,15.2,0.346,28.3,20,0
2026-05-17 03:54:00,12.5,12.5,1.03,1.03,0,0,0,3.23,0.0140,0.0144,0.00510,0,4.08,3.77,3.60,4.02,4.95,15.1,0.298,28.2,20,0
2026-05-17 03:54:30,12.4,12.5,1.03,1.03,0,0,0,3.23,0.0141,0.0150,0.00542,0,4.08,3.78,3.61,4.02,5.13,15.1,0.109,27.8,20,0
2026-05-17 03:55:00,12.5,12.5,1.04,1.04,0,0,0,3.23,0.0144,0.0147,0.00535,0,4.11,3.77,3.60,4.01,5.74,15.2,0.280,27.3,20,0
2026-05-17 03:55:30,12.5,12.5,1.03,1.02,0,0,0,3.24,0.0142,0.0147,0.00488,0,4.21,3.75,3.57,3.99,6.11,15.2,0.377,26.9,20,0
2026-05-17 03:56:00,12.5,12.5,1.03,1.03,0,0,0,3.25,0.0144,0.0148,0.00501,0,4.34,3.72,3.55,3.96,6.42,15.2,0.296,26.9,20,0
2026-05-17 03:56:30,12.5,12.5,1.04,1.04,0,0,0,3.25,0.0148,0.0147,0.00524,0,4.42,3.70,3.53,3.94,6.63,15.2,0.365,26.8,20,0
2026-05-17 03:57:00,12.5,12.5,1.04,1.03,0,0,0,3.25,0.0147,0.0149,0.00517,0,4.43,3.70,3.53,3.94,6.75,15.2,0.383,26.9,20,0
2026-05-17 03:57:30,12.5,12.5,1.03,1.04,0,0,0,3.25,0.0145,0.0142,0.00533,0,4.43,3.70,3.53,3.94,6.89,15.3,0.474,27.1,20,0
2026-05-17 03:58:00,12.5,12.5,1.03,1.04,0,0,0,3.25,0.0143,0.0144,0.00535,0,4.43,3.70,3.53,3.94,7.09,15.3,0.296,27.2,20,0
2026-05-17 03:58:30,12.5,12.5,1.03,1.03,0,0,0,3.25,0.0147,0.0144,0.00553,0,4.43,3.70,3.53,3.94,7.17,15.2,0.314,27.4,20,0
2026-05-17 03:59:00,12.5,12.5,1.04,1.04,0,0,0,3.25,0.0145,0.0145,0.00513,0,4.43,3.70,3.53,3.94,7.20,15.2,0.277,27.7,20,0
2026-05-17 03:59:30,12.5,12.5,1.04,1.03,0,0,0,3.25,0.0147,0.0144,0.00488,0,4.42,3.71,3.52,3.94,7.16,15.2,0.193,27.8,20,0
2026-05-17 04:00:00,12.5,12.5,1.03,1.04,0,0,0,3.26,0.0149,0.0147,0.00515,0,4.42,3.70,3.53,3.94,7.23,15.3,0.362,28.0,20,0
2026-05-17 04:00:30,12.5,12.5,1.03,1.03,0,0,0,3.25,0.0143,0.0145,0.00562,0,4.42,3.70,3.53,3.94,7.26,15.3,0.407,28.1,20,0
2026-05-17 04:01:00,12.5,12.5,1.03,1.04,0,0,0,3.25,0.0141,0.0147,0.00521,0,4.43,3.70,3.53,3.94,7.27,15.3,0.238,28.1,20,0
2026-05-17 04:01:30,12.5,12.5,1.04,1.03,0,0,0,3.25,0.0143,0.0142,0.00537,0,4.42,3.70,3.53,3.94,7.28,15.2,0.279,28.2,20,0
2026-05-17 04:02:00,12.5,12.5,1.04,1.04,0,0,0,3.26,0.0142,0.0146,0.00544,0,4.42,3.70,3.53,3.94,7.27,15.2,0.194,28.2,20,0
2026-05-17 04:02:30,12.5,12.5,1.04,1.04,0,0,0,3.25,0.0148,0.0149,0.00535,0,4.39,3.71,3.54,3.95,7.28,15.2,0.305,28.2,20,0
2026-05-17 04:03:00,12.5,12.5,1.04,1.03,0,0,0,3.25,0.0146,0.0142,0.00526,0,4.29,3.73,3.56,3.98,7.27,15.2,0.327,28.3,20,0
2026-05-17 04:03:30,12.5,12.5,1.04,1.03,0,0,0,3.24,0.0145,0.0146,0.00546,0,4.21,3.75,3.58,3.99,7.28,15.2,0.302,28.4,20,0
2026-05-17 04:04:00,12.5,12.5,1.03,1.04,0,0,0,3.24,0.0144,0.0138,0.00544,0,4.15,3.76,3.59,4.00,7.29,15.2,0.199,28.5,20,0
2026-05-17 04:04:30,12.5,12.5,1.04,1.04,0,0,0,3.24,0.0144,0.0148,0.00533,0,4.08,3.78,3.60,4.02,7.28,15.2,0.334,28.7,20,0
2026-05-17 04:05:00,12.4,12.4,1.03,1.04,0,0,0,3.24,0.0142,0.0148,0.00544,0,4.03,3.79,3.62,4.04,7.27,15.1,0.250,28.7,20,0
2026-05-17 04:05:30,12.4,12.4,1.03,1.04,0,0,0,3.23,0.0145,0.0142,0.00542,0,3.99,3.80,3.62,4.05,7.27,15.1,0.249,28.7,20,0
2026-05-17 04:06:00,12.4,12.4,1.03,1.04,0,0,0,3.23,0.0150,0.0147,0.00564,0,3.96,3.81,3.63,4.05,7.29,15.1,0.271,28.6,20,0
2026-05-17 04:06:30,12.4,12.4,1.04,1.04,0,0,0,3.22,0.0143,0.0146,0.00517,0,3.95,3.82,3.64,4.06,7.22,15.1,0.348,28.4,20,0
2026-05-17 04:07:00,12.4,12.4,1.03,1.04,0,0,0,3.22,0.0147,0.0147,0.00526,0,3.90,3.82,3.64,4.07,7.27,15.1,0.302,28.3,20,0
2026-05-17 04:07:30,12.4,12.4,1.05,1.03,0,0,0,3.23,0.0148,0.0143,0.00533,0,3.90,3.82,3.65,4.06,7.30,15.1,0.406,28.1,20,0
2026-05-17 04:08:00,12.4,12.4,1.04,1.04,0,0,0,3.23,0.0140,0.0144,0.00497,0,3.90,3.82,3.64,4.07,7.28,15.1,0.409,28.0,20,0
2026-05-17 04:08:30,12.4,12.4,1.04,1.04,0,0,0,3.23,0.0140,0.0142,0.00535,0,3.90,3.82,3.65,4.07,7.29,15.1,0.420,28.0,20,0
2026-05-17 04:09:00,12.4,12.4,1.03,1.05,0,0,0,3.22,0.0148,0.0146,0.00539,0,3.90,3.82,3.64,4.07,7.28,15.1,0.327,28.0,20,0
2026-05-17 04:09:30,12.4,12.4,1.04,1.04,0,0,0,3.23,0.0143,0.0142,0.00504,0,3.90,3.83,3.64,4.07,7.29,15.1,0.232,28.0,20,0
2026-05-17 04:10:00,12.4,12.4,1.03,1.04,0,0,0,3.23,0.0147,0.0150,0.00533,0,3.94,3.82,3.63,4.06,7.27,15.1,0.295,28.0,20,0
2026-05-17 04:10:30,12.4,12.4,1.04,1.04,0,0,0,3.24,0.0146,0.0145,0.00506,0,3.99,3.80,3.63,4.05,7.29,15.1,0.253,27.9,20,0
2026-05-17 04:11:00,12.4,12.4,1.04,1.04,0,0,0,3.24,0.0146,0.0145,0.00497,0,4.03,3.80,3.62,4.03,7.28,15.1,0.357,27.9,20,0
2026-05-17 04:11:30,12.4,12.4,1.04,1.04,0,0,0,3.24,0.0148,0.0143,0.00551,0,4.08,3.78,3.60,4.02,7.27,15.1,0.326,27.9,20,0
2026-05-17 04:12:00,12.5,12.5,1.04,1.04,0,0,0,3.24,0.0144,0.0141,0.00517,0,4.13,3.77,3.59,4.01,7.26,15.2,0.362,27.9,20,0
2026-05-17 04:12:30,12.5,12.5,1.03,1.04,0,0,0,3.24,0.0146,0.0142,0.00562,0,4.17,3.76,3.58,4.00,7.26,15.2,0.375,27.9,20,0
2026-05-17 04:13:00,12.5,12.5,1.04,1.03,0,0,0,3.24,0.0145,0.0144,0.00544,0,4.22,3.75,3.57,3.99,7.24,15.2,0.313,28.0,20,0
2026-05-17 04:13:30,12.5,12.5,1.04,1.04,0,0,0,3.25,0.0144,0.0147,0.00521,0,4.25,3.74,3.57,3.98,7.26,15.2,0.192,28.0,20,0
2026-05-17 04:14:00,12.5,12.5,1.04,1.04,0,0,0,3.25,0.0139,0.0149,0.00571,0,4.26,3.74,3.56,3.98,7.26,15.2,0.418,28.0,20,0
2026-05-17 04:14:30,12.3,12.3,1.03,1.04,0,0,0,3.18,0.0148,0.0145,0.00564,0,3.83,3.89,3.31,4.22,7.21,14.9,0.327,28.0,20,0
2026-05-17 04:15:00,12.1,12.1,1.04,1.04,0,0,0,3.12,0.0145,0.0140,0.00508,0,3.51,3.95,3.16,4.36,6.89,14.7,0.406,28.0,20,0
2026-05-17 04:15:30,12.0,12.0,1.04,1.04,0,0,0,3.11,0.0143,0.0145,0.00519,0,3.43,3.96,3.13,4.40,6.75,14.6,0.189,27.9,20,0
2026-05-17 04:16:00,12.0,12.0,1.04,1.03,0,0,0,3.10,0.0142,0.0139,0.00515,0,3.39,3.96,3.10,4.43,6.68,14.6,0.316,27.8,20,0
2026-05-17 04:16:30,12.0,12.0,1.05,1.04,0,0,0,3.09,0.0142,0.0144,0.00519,0,3.33,3.97,3.08,4.46,6.60,14.6,0.286,27.8,20,0
2026-05-17 04:17:00,12.0,12.0,1.04,1.05,0,0,0,3.09,0.0141,0.0136,0.00535,0,3.33,3.96,3.08,4.46,6.52,14.6,0.286,27.7,20,0
2026-05-17 04:17:30,12.0,12.0,1.05,1.05,0,0,0,3.09,0.0139,0.0143,0.00548,0,3.35,3.96,3.08,4.45,6.50,14.6,0.307,27.6,20,0
2026-05-17 04:18:00,12.0,12.0,1.03,1.03,0,0,0,3.10,0.0141,0.0144,0.00519,0,3.38,3.97,3.13,4.42,6.50,14.6,0.410,27.5,20,0
2026-05-17 04:18:30,12.0,12.0,1.03,1.03,0,0,0,3.11,0.0138,0.0146,0.00513,0,3.40,3.98,3.13,4.40,6.54,14.6,0.299,27.4,20,0
2026-05-17 04:19:00,12.1,12.1,1.04,1.04,0,0,0,3.12,0.0146,0.0144,0.00557,0,3.44,4.02,3.11,4.38,6.57,14.7,0.211,27.3,20,0
2026-05-17 04:19:30,12.1,12.1,1.04,1.04,0,0,0,3.12,0.0138,0.0142,0.00508,0,3.44,4.05,3.16,4.34,6.65,14.7,0.392,27.2,20,0
2026-05-17 04:20:00,12.1,12.1,1.04,1.04,0,0,0,3.13,0.0136,0.0141,0.00506,0,3.49,4.04,3.21,4.30,6.69,14.8,0.398,27.1,20,0
2026-05-17 04:20:30,12.1,12.1,1.03,1.04,0,0,0,3.14,0.0143,0.0143,0.00517,0,3.56,4.00,3.26,4.27,6.70,14.8,0.233,27.0,20,0
2026-05-17 04:21:00,12.2,12.2,1.04,1.04,0,0,0,3.17,0.0140,0.0140,0.00521,0,3.63,3.98,3.30,4.24,6.71,14.8,0.362,27.0,20,0
2026-05-17 04:21:30,12.2,12.2,1.05,1.05,0,0,0,3.17,0.0140,0.0145,0.00521,0,3.69,3.94,3.34,4.21,6.72,14.9,0.241,27.0,20,0
2026-05-17 04:22:00,12.2,12.3,1.05,1.04,0,0,0,3.18,0.0142,0.0147,0.00519,0,3.74,3.91,3.39,4.17,6.75,14.9,0.317,26.9,20,0
2026-05-17 04:22:30,12.3,12.3,1.04,1.04,0,0,0,3.18,0.0142,0.0137,0.00526,0,3.79,3.88,3.44,4.13,6.77,14.9,0.297,27.0,20,0
2026-05-17 04:23:00,12.3,12.3,1.04,1.04,0,0,0,3.19,0.0147,0.0142,0.00535,0,3.85,3.85,3.48,4.10,6.81,15.0,0.232,27.0,20,0
2026-05-17 04:23:30,12.3,12.3,1.04,1.04,0,0,0,3.19,0.0141,0.0141,0.00546,0,3.84,3.84,3.52,4.09,6.86,15.0,0.325,27.0,20,0
2026-05-17 04:24:00,12.3,12.3,1.04,1.04,0,0,0,3.20,0.0146,0.0145,0.00560,0,3.88,3.83,3.54,4.07,6.89,15.0,0.342,27.0,20,0
2026-05-17 04:24:30,12.3,12.3,1.04,1.04,0,0,0,3.21,0.0140,0.0141,0.00539,0,3.90,3.81,3.58,4.05,6.85,15.0,0.324,27.0,20,0
2026-05-17 04:25:00,12.3,12.3,1.04,1.04,0,0,0,3.20,0.0140,0.0143,0.00535,0,3.84,3.82,3.60,4.07,6.85,15.0,0.367,27.0,20,0
2026-05-17 04:25:30,12.3,12.3,1.04,1.05,0,0,0,3.20,0.0142,0.0141,0.00528,0,3.83,3.82,3.60,4.07,6.89,15.0,0.429,27.1,20,0
2026-05-17 04:26:00,12.3,12.4,1.04,1.04,0,0,0,3.21,0.0141,0.0141,0.00539,0,3.85,3.83,3.61,4.08,6.90,15.0,0.315,27.1,20,0
2026-05-17 04:26:30,12.4,12.4,1.04,1.05,0,0,0,3.22,0.0140,0.0141,0.00526,0,3.86,3.85,3.60,4.10,6.83,15.1,0.392,27.1,20,0
2026-05-17 04:27:00,12.4,12.4,1.04,1.04,0,0,0,3.21,0.0142,0.0146,0.00544,0,3.81,3.87,3.59,4.11,6.78,15.1,0.375,27.3,20,0
2026-05-17 04:27:30,12.4,12.4,1.03,1.05,0,0,0,3.21,0.0139,0.0142,0.00539,0,3.80,3.88,3.58,4.12,6.75,15.0,0.324,27.3,20,0
2026-05-17 04:28:00,12.4,12.4,1.05,1.05,0,0,0,3.21,0.0143,0.0138,0.00535,0,3.80,3.88,3.55,4.12,6.74,15.0,0.316,27.3,20,0
2026-05-17 04:28:30,12.3,12.3,1.05,1.05,0,0,0,3.20,0.0140,0.0142,0.00586,0.0000203,3.75,3.90,3.54,4.15,6.69,15.0,0.296,27.3,20,0
2026-05-17 04:29:00,12.3,12.3,1.05,1.04,0,0,0,3.19,0.0138,0.0143,0.00524,0.0000203,3.74,3.91,3.51,4.16,6.67,15.0,0.302,27.2,20,0
2026-05-17 04:29:30,12.3,12.3,1.04,1.04,0,0,0,3.21,0.0143,0.0142,0.00546,0,3.74,3.91,3.51,4.16,6.65,15.0,0.292,27.2,20,0
2026-05-17 04:30:00,12.3,12.3,1.04,1.04,0,0,0,3.20,0.0140,0.0144,0.00470,0.0000610,3.75,3.92,3.48,4.17,6.73,15.0,0.382,27.3,20,0
2026-05-17 04:30:30,12.3,12.3,1.05,1.05,0,0,0,3.20,0.0141,0.0139,0.00546,0.000142,3.74,3.92,3.48,4.17,6.84,15.0,0.226,27.3,20,0
2026-05-17 04:31:00,12.3,12.3,1.05,1.04,0,0,0,3.20,0.0142,0.0144,0.00537,0.000264,3.74,3.91,3.48,4.17,6.96,15.0,0.409,27.2,20,0
2026-05-17 04:31:30,12.3,12.3,1.04,1.05,0,0,0,3.19,0.0140,0.0144,0.00488,0.000203,3.72,3.93,3.47,4.18,7.07,15.0,0.385,27.1,20,0
2026-05-17 04:32:00,12.3,12.3,1.04,1.04,0,0,0,3.19,0.0147,0.0139,0.00571,0.000285,3.70,3.93,3.47,4.18,7.08,15.0,0.267,27.1,20,0
2026-05-17 04:32:30,12.3,12.3,1.04,1.04,0,0,0,3.20,0.0138,0.0139,0.00544,0.000407,3.74,3.92,3.49,4.16,7.16,15.0,0.292,27.1,20,0
2026-05-17 04:33:00,12.3,12.3,1.04,1.04,0,0,0,3.20,0.0139,0.0141,0.00548,0.000692,3.76,3.91,3.49,4.16,7.17,15.0,0.349,27.2,20,0
2026-05-17 04:33:30,12.3,12.4,1.04,1.04,0,0,0,3.21,0.0142,0.0139,0.00528,0.000773,3.80,3.89,3.51,4.14,7.19,15.0,0.238,27.4,20,0
2026-05-17 04:34:00,12.3,12.3,1.04,1.04,0,0,0,3.21,0.0140,0.0137,0.00544,0.00108,3.74,3.91,3.51,4.16,7.20,15.0,0.343,27.5,20,0
2026-05-17 04:34:30,12.3,12.3,1.04,1.05,0,0,0,3.20,0.0140,0.0140,0.00513,0.00128,3.74,3.92,3.49,4.17,7.22,15.0,0.342,27.5,20,0
2026-05-17 04:35:00,12.3,12.3,1.05,1.04,0,0,0,3.20,0.0142,0.0140,0.00504,0.00153,3.73,3.92,3.48,4.17,7.19,15.0,0.366,27.5,20,0
2026-05-17 04:35:30,12.3,12.3,1.05,1.05,0,0,0,3.19,0.0145,0.0139,0.00510,0.00181,3.67,3.94,3.47,4.19,7.11,15.0,0.356,27.6,20,0
2026-05-17 04:36:00,12.3,12.3,1.04,1.04,0,0,0,3.19,0.0143,0.0142,0.00530,0.00205,3.67,3.95,3.44,4.21,7.16,15.0,0.321,27.6,20,0
2026-05-17 04:36:30,12.3,12.3,1.05,1.05,0,0,0,3.19,0.0139,0.0149,0.00515,0.00199,3.63,3.96,3.43,4.22,7.15,14.9,0.306,27.7,20,0
2026-05-17 04:37:00,12.3,12.3,1.05,1.05,0,0,0,3.18,0.0133,0.0139,0.00568,0.00234,3.61,3.98,3.40,4.24,7.11,14.9,0.393,27.7,20,0
2026-05-17 04:37:30,12.2,12.2,1.05,1.05,0,0,0,3.18,0.0139,0.0144,0.00519,0.00301,3.58,4.00,3.36,4.26,7.10,14.9,0.307,27.7,20,0
2026-05-17 04:38:00,12.2,12.2,1.04,1.05,0,0,0,3.17,0.0137,0.0139,0.00495,0.00260,3.55,4.02,3.32,4.29,7.10,14.9,0.348,27.8,20,0
2026-05-17 04:38:30,12.2,12.2,1.05,1.05,0,0,0,3.17,0.0136,0.0145,0.00530,0.00305,3.55,4.02,3.30,4.29,7.08,14.9,0.378,27.9,20,0
2026-05-17 04:39:00,12.1,12.1,1.04,1.05,0,0,0,3.14,0.0134,0.0136,0.00560,0.00338,3.49,4.00,3.29,4.27,7.08,14.8,0.412,27.8,20,0
2026-05-17 04:39:30,12.1,12.1,1.05,1.05,0,0,0,3.14,0.0140,0.0139,0.00521,0.00423,3.47,4.02,3.26,4.29,7.08,14.7,0.256,27.9,20,0
2026-05-17 04:40:00,12.1,12.1,1.05,1.05,0,0,0,3.14,0.0133,0.0145,0.00497,0.00380,3.49,4.02,3.23,4.29,7.03,14.7,0.403,27.9,20,0
2026-05-17 04:40:30,12.1,12.1,1.05,1.05,0,0,0,3.14,0.0131,0.0139,0.00508,0.00415,3.49,4.03,3.24,4.30,7.01,14.8,0.329,27.8,20,0
2026-05-17 04:41:00,12.1,12.1,1.05,1.05,0,0,0,3.13,0.0141,0.0132,0.00539,0.00492,3.47,4.03,3.21,4.30,6.99,14.7,0.379,27.8,20,0
2026-05-17 04:41:30,12.1,12.1,1.05,1.05,0,0,0,3.12,0.0144,0.0144,0.00521,0.00517,3.45,4.05,3.19,4.32,7.00,14.7,0.313,27.8,20,0
2026-05-17 04:42:00,12.1,12.1,1.04,1.05,0,0,0,3.13,0.0140,0.0138,0.00519,0.00511,3.48,4.04,3.18,4.31,7.01,14.7,0.334,27.8,20,0
2026-05-17 04:42:30,12.1,12.1,1.05,1.04,0,0,0,3.13,0.0140,0.0130,0.00555,0.00529,3.50,4.04,3.18,4.31,7.03,14.7,0.302,27.9,20,0
2026-05-17 04:43:00,12.1,12.1,1.05,1.05,0,0,0,3.13,0.0141,0.0144,0.00479,0.00639,3.46,4.03,3.21,4.32,7.04,14.7,0.377,27.6,20,0
2026-05-17 04:43:30,12.1,12.1,1.04,1.05,0,0,0,3.13,0.0136,0.0145,0.00553,0.00608,3.49,4.02,3.21,4.30,7.09,14.7,0.344,27.7,20,0
2026-05-17 04:44:00,12.1,12.1,1.04,1.05,0,0,0,3.14,0.0138,0.0139,0.00557,0.00635,3.49,4.03,3.22,4.30,7.04,14.7,0.269,27.8,20,0
2026-05-17 04:44:30,12.1,12.1,1.04,1.05,0,0,0,3.14,0.0144,0.0133,0.00539,0.00739,3.49,4.03,3.21,4.30,7.02,14.7,0.364,27.8,20,0
2026-05-17 04:45:00,12.1,12.1,1.05,1.05,0,0,0,3.14,0.0138,0.0143,0.00492,0.00730,3.52,4.02,3.22,4.29,6.92,14.8,0.380,27.8,20,0
2026-05-17 04:45:30,12.2,12.2,1.05,1.05,0,0,0,3.15,0.0136,0.0138,0.00551,0.00743,3.55,3.99,3.26,4.26,6.85,14.8,0.227,27.7,20,0
2026-05-17 04:46:00,12.1,12.1,1.05,1.04,0,0,0,3.15,0.0139,0.0134,0.00607,0.00785,3.55,3.99,3.25,4.26,6.89,14.8,0.363,27.7,20,0
2026-05-17 04:46:30,12.2,12.1,1.05,1.05,0,0,0,3.14,0.0141,0.0136,0.00553,0.00846,3.54,4.00,3.26,4.26,6.84,14.8,0.286,27.9,20,0
2026-05-17 04:47:00,12.1,12.1,1.05,1.05,0,0,0,3.14,0.0137,0.0146,0.00495,0.00822,3.54,4.00,3.27,4.26,6.81,14.8,0.329,27.7,20,0
2026-05-17 04:47:30,12.2,12.1,1.05,1.05,0,0,0,3.14,0.0137,0.0143,0.00555,0.00881,3.53,4.00,3.26,4.27,6.75,14.8,0.368,27.7,20,0
2026-05-17 04:48:00,12.2,12.2,1.05,1.04,0,0,0,3.14,0.0140,0.0133,0.00593,0.00950,3.54,4.00,3.26,4.26,6.72,14.8,0.351,27.6,20,0
2026-05-17 04:48:30,12.2,12.2,1.05,1.05,0,0,0,3.16,0.0144,0.0144,0.00533,0.00962,3.62,3.99,3.25,4.25,6.69,14.8,0.382,27.6,20,0
2026-05-17 04:49:00,12.2,12.2,1.05,1.05,0,0,0,3.15,0.0137,0.0139,0.00508,0.00985,3.60,3.97,3.30,4.24,6.65,14.8,0.356,27.6,20,0
2026-05-17 04:49:30,12.2,12.2,1.05,1.05,0,0,0,3.15,0.0138,0.0139,0.00577,0.0104,3.60,3.97,3.31,4.24,6.64,14.8,0.408,27.5,20,0
2026-05-17 04:50:00,12.2,12.2,1.05,1.05,0,0,0,3.16,0.0140,0.0140,0.00528,0.0105,3.60,3.97,3.31,4.24,6.64,14.8,0.297,27.5,20,0
2026-05-17 04:50:30,12.2,12.2,1.05,1.05,0,0,0,3.15,0.0133,0.0140,0.00533,0.0107,3.60,3.98,3.31,4.24,6.62,14.8,0.278,27.5,20,0
2026-05-17 04:51:00,12.2,12.2,1.05,1.05,0,0,0,3.15,0.0134,0.0137,0.00546,0.0112,3.60,3.98,3.31,4.24,6.69,14.8,0.456,27.4,20,0
2026-05-17 04:51:30,12.2,12.2,1.05,1.05,0,0,0,3.15,0.0139,0.0137,0.00553,0.0117,3.64,3.97,3.30,4.23,6.69,14.8,0.367,27.3,20,0
2026-05-17 04:52:00,12.2,12.2,1.05,1.05,0,0,0,3.17,0.0139,0.0138,0.00546,0.0116,3.67,3.94,3.35,4.20,6.70,14.9,0.330,27.3,20,0
2026-05-17 04:52:30,12.2,12.2,1.05,1.05,0,0,0,3.18,0.0135,0.0138,0.00560,0.0119,3.73,3.92,3.39,4.18,6.76,14.9,0.304,27.2,20,0
2026-05-17 04:53:00,12.3,12.3,1.05,1.05,0,0,0,3.17,0.0137,0.0137,0.00557,0.0126,3.76,3.89,3.42,4.16,6.83,14.9,0.362,27.2,20,0
2026-05-17 04:53:30,12.3,12.3,1.05,1.04,0,0,0,3.18,0.0140,0.0134,0.00557,0.0129,3.78,3.88,3.45,4.13,6.82,14.9,0.251,27.2,20,0
2026-05-17 04:54:00,12.3,12.3,1.04,1.05,0,0,0,3.19,0.0138,0.0142,0.00551,0.0129,3.84,3.86,3.46,4.11,6.76,15.0,0.340,27.1,20,0
2026-05-17 04:54:30,12.3,12.3,1.05,1.05,0,0,0,3.20,0.0133,0.0139,0.00560,0.0129,3.85,3.85,3.50,4.09,6.74,15.0,0.330,27.1,20,0
2026-05-17 04:55:00,12.3,12.3,1.05,1.05,0,0,0,3.20,0.0144,0.0137,0.00548,0.0134,3.90,3.83,3.51,4.07,6.73,15.0,0.345,27.2,20,0
2026-05-17 04:55:30,12.3,12.3,1.06,1.05,0,0,0,3.20,0.0132,0.0144,0.00553,0.0136,3.91,3.82,3.55,4.06,6.73,15.0,0.338,27.2,20,0
2026-05-17 04:56:00,12.4,12.4,1.05,1.05,0,0,0,3.21,0.0133,0.0138,0.00613,0.0140,3.91,3.83,3.59,4.08,6.75,15.1,0.392,27.2,20,0
2026-05-17 04:56:30,12.4,12.4,1.05,1.05,0,0,0,3.22,0.0134,0.0139,0.00568,0.0145,3.86,3.84,3.61,4.09,6.71,15.1,0.312,27.2,20,0
2026-05-17 04:57:00,12.4,12.4,1.05,1.06,0,0,0,3.22,0.0138,0.0141,0.00573,0.0148,3.86,3.84,3.62,4.09,6.68,15.1,0.346,27.3,20,0
2026-05-17 04:57:30,12.4,12.4,1.05,1.05,0,0,0,3.22,0.0134,0.0139,0.00577,0.0147,3.85,3.84,3.62,4.09,6.73,15.1,0.340,27.2,20,0
2026-05-17 04:58:00,12.4,12.4,1.05,1.06,0,0,0,3.22,0.0137,0.0134,0.00586,0.0150,3.85,3.84,3.63,4.09,6.68,15.1,0.386,27.3,20,0
2026-05-17 04:58:30,12.4,12.4,1.05,1.06,0,0,0,3.22,0.0139,0.0136,0.00524,0.0157,3.85,3.84,3.63,4.09,6.70,15.1,0.388,27.2,20,0
2026-05-17 04:59:00,12.4,12.4,1.05,1.05,0,0,0,3.22,0.0132,0.0140,0.00577,0.0155,3.86,3.84,3.63,4.09,6.69,15.1,0.318,27.2,20,0
2026-05-17 04:59:30,12.4,12.4,1.06,1.05,0,0,0,3.22,0.0133,0.0132,0.00582,0.0163,3.86,3.84,3.63,4.09,6.70,15.1,0.274,27.2,20,0
2026-05-17 05:00:00,12.4,12.4,1.05,1.05,0,0,0,3.22,0.0142,0.0134,0.00557,0.0165,3.90,3.83,3.62,4.08,6.78,15.1,0.375,27.2,20,0
2026-05-17 05:00:30,12.4,12.4,1.05,1.06,0,0,0,3.23,0.0139,0.0138,0.00560,0.0166,3.90,3.83,3.63,4.08,6.88,15.1,0.357,27.3,20,0
2026-05-17 05:01:00,12.4,12.4,1.05,1.05,0,0,0,3.23,0.0134,0.0134,0.00611,0.0171,3.86,3.84,3.62,4.09,6.99,15.1,0.359,27.2,20,0
2026-05-17 05:01:30,12.4,12.4,1.06,1.06,0,0,0,3.22,0.0138,0.0133,0.00577,0.0172,3.92,3.83,3.62,4.07,7.10,15.1,0.282,27.2,20,0
2026-05-17 05:02:00,12.4,12.4,1.05,1.05,0,0,0,3.22,0.0140,0.0135,0.00555,0.0175,3.92,3.83,3.61,4.07,7.18,15.1,0.325,27.4,20,0
2026-05-17 05:02:30,12.4,12.4,1.05,1.05,0,0,0,3.22,0.0136,0.0137,0.00584,0.0177,3.92,3.83,3.61,4.07,7.20,15.1,0.338,27.5,20,0
2026-05-17 05:03:00,12.4,12.4,1.05,1.06,0,0,0,3.22,0.0139,0.0135,0.00553,0.0185,3.88,3.84,3.61,4.09,7.20,15.1,0.363,27.8,20,0
2026-05-17 05:03:30,12.4,12.4,1.05,1.05,0,0,0,3.22,0.0135,0.0140,0.00564,0.0185,3.86,3.84,3.62,4.09,7.15,15.1,0.305,27.9,20,0
2026-05-17 05:04:00,12.4,12.4,1.05,1.06,0,0,0,3.23,0.0136,0.0135,0.00546,0.0187,3.92,3.82,3.64,4.06,7.17,15.1,0.325,28.2,20,0
2026-05-17 05:04:30,12.4,12.4,1.06,1.05,0,0,0,3.22,0.0140,0.0129,0.00582,0.0192,3.90,3.82,3.64,4.07,7.18,15.1,0.405,28.3,20,0
2026-05-17 05:05:00,12.4,12.4,1.05,1.06,0,0,0,3.22,0.0138,0.0130,0.00530,0.0197,3.85,3.85,3.62,4.09,7.20,15.1,0.225,28.4,20,0
2026-05-17 05:05:30,12.4,12.4,1.07,1.06,0,0,0,3.22,0.0133,0.0137,0.00577,0.0195,3.81,3.87,3.59,4.12,7.16,15.1,0.329,28.4,20,0
2026-05-17 05:06:00,12.3,12.3,1.05,1.05,0,0,0,3.20,0.0137,0.0131,0.00607,0.0197,3.75,3.90,3.53,4.15,7.09,15.0,0.206,28.4,20,0
2026-05-17 05:06:30,12.3,12.3,1.05,1.06,0,0,0,3.19,0.0136,0.0140,0.00564,0.0204,3.68,3.94,3.45,4.20,7.00,15.0,0.355,28.1,20,0
2026-05-17 05:07:00,12.3,12.3,1.05,1.05,0,0,0,3.18,0.0134,0.0136,0.00508,0.0205,3.59,3.99,3.40,4.25,6.91,14.9,0.363,27.9,20,0
2026-05-17 05:07:30,12.2,12.2,1.05,1.05,0,0,0,3.15,0.0133,0.0134,0.00618,0.0214,3.50,4.03,3.28,4.29,6.87,14.8,0.384,27.9,20,0
2026-05-17 05:08:00,12.1,12.1,1.05,1.05,0,0,0,3.13,0.0143,0.0135,0.00557,0.0215,3.44,4.05,3.22,4.32,6.85,14.7,0.363,28.0,20,0
2026-05-17 05:08:30,12.1,12.1,1.06,1.06,0,0,0,3.13,0.0138,0.0141,0.00528,0.0216,3.41,4.07,3.18,4.34,6.87,14.7,0.180,28.0,20,0
2026-05-17 05:09:00,12.1,12.1,1.05,1.05,0,0,0,3.13,0.0140,0.0136,0.00595,0.0217,3.36,4.09,3.15,4.37,6.91,14.7,0.372,27.9,20,0
2026-05-17 05:09:30,12.1,12.1,1.05,1.06,0,0,0,3.11,0.0141,0.0134,0.00548,0.0227,3.37,4.10,3.09,4.38,6.98,14.7,0.292,27.9,20,0
2026-05-17 05:10:00,12.1,12.1,1.05,1.06,0,0,0,3.11,0.0130,0.0134,0.00564,0.0225,3.38,4.10,3.10,4.37,6.98,14.7,0.358,27.8,20,0
2026-05-17 05:10:30,12.1,12.1,1.05,1.05,0,0,0,3.12,0.0131,0.0132,0.00562,0.0227,3.44,4.07,3.12,4.34,7.02,14.7,0.344,27.7,20,0
2026-05-17 05:11:00,12.1,12.1,1.05,1.06,0,0,0,3.13,0.0137,0.0134,0.00575,0.0230,3.44,4.06,3.15,4.34,7.06,14.7,0.345,27.6,20,0
2026-05-17 05:11:30,12.1,12.1,1.06,1.05,0,0,0,3.13,0.0139,0.0143,0.00526,0.0231,3.47,4.05,3.17,4.32,7.10,14.7,0.281,27.6,20,0
2026-05-17 05:12:00,12.1,12.1,1.06,1.06,0,0,0,3.13,0.0139,0.0136,0.00582,0.0230,3.46,4.05,3.19,4.31,7.18,14.7,0.293,27.6,20,0
2026-05-17 05:12:30,12.1,12.1,1.05,1.06,0,0,0,3.14,0.0138,0.0132,0.00564,0.0236,3.48,4.03,3.23,4.30,7.17,14.8,0.396,27.7,20,0
2026-05-17 05:13:00,12.2,12.2,1.05,1.05,0,0,0,3.14,0.0134,0.0136,0.00506,0.0238,3.54,4.00,3.26,4.27,7.12,14.8,0.336,27.6,20,0
2026-05-17 05:13:30,12.2,12.2,1.05,1.05,0,0,0,3.15,0.0137,0.0135,0.00615,0.0238,3.56,3.99,3.30,4.25,7.23,14.8,0.266,27.6,20,0
2026-05-17 05:14:00,12.2,12.2,1.06,1.05,0,0,0,3.14,0.0138,0.0138,0.00501,0.0243,3.60,3.97,3.31,4.23,7.22,14.8,0.301,27.7,20,0
2026-05-17 05:14:30,12.2,12.2,1.05,1.05,0,0,0,3.16,0.0136,0.0134,0.00555,0.0246,3.60,3.96,3.35,4.22,7.15,14.8,0.384,27.7,20,0
2026-05-17 05:15:00,12.2,12.2,1.06,1.06,0,0,0,3.16,0.0132,0.0142,0.00584,0.0242,3.60,3.96,3.36,4.22,7.13,14.8,0.239,27.7,20,0
2026-05-17 05:15:30,12.2,12.2,1.05,1.05,0,0,0,3.16,0.0137,0.0135,0.00568,0.0250,3.60,3.96,3.35,4.23,7.14,14.8,0.262,27.8,20,0
2026-05-17 05:16:00,12.2,12.2,1.06,1.06,0,0,0,3.16,0.0138,0.0134,0.00560,0.0249,3.61,3.97,3.33,4.23,7.20,14.8,0.326,27.9,20,0
2026-05-17 05:16:30,12.2,12.2,1.05,1.06,0,0,0,3.16,0.0137,0.0134,0.00586,0.0250,3.61,3.97,3.33,4.23,7.18,14.8,0.278,27.9,20,0
2026-05-17 05:17:00,12.2,12.2,1.06,1.05,0,0,0,3.15,0.0139,0.0130,0.00586,0.0253,3.60,3.97,3.32,4.23,7.16,14.8,0.251,27.9,20,0
2026-05-17 05:17:30,12.2,12.2,1.05,1.05,0,0,0,3.14,0.0134,0.0138,0.00506,0.0256,3.53,4.00,3.29,4.27,7.21,14.8,0.295,27.9,20,0
2026-05-17 05:18:00,12.2,12.2,1.06,1.05,0,0,0,3.14,0.0134,0.0138,0.00555,0.0251,3.53,4.00,3.29,4.27,7.12,14.8,0.349,28.0,20,0
2026-05-17 05:18:30,12.2,12.2,1.06,1.04,0,0,0,3.14,0.0138,0.0133,0.00580,0.0260,3.54,4.01,3.25,4.27,7.08,14.8,0.337,28.0,20,0
2026-05-17 05:19:00,12.2,12.1,1.06,1.06,0,0,0,3.14,0.0133,0.0136,0.00506,0.0261,3.54,4.01,3.23,4.28,7.05,14.8,0.338,28.0,20,0
2026-05-17 05:19:30,12.1,12.1,1.06,1.05,0,0,0,3.14,0.0133,0.0140,0.00560,0.0256,3.49,4.02,3.24,4.30,7.06,14.8,0.320,28.0,20,0
2026-05-17 05:20:00,12.1,12.1,1.05,1.07,0,0,0,3.14,0.0135,0.0139,0.00609,0.0261,3.47,4.03,3.24,4.30,7.06,14.7,0.384,28.1,20,0
2026-05-17 05:20:30,12.1,12.1,1.06,1.06,0,0,0,3.13,0.0138,0.0138,0.00470,0.0263,3.48,4.02,3.19,4.32,7.00,14.7,0.309,28.1,20,0
2026-05-17 05:21:00,12.1,12.1,1.06,1.06,0,0,0,3.13,0.0134,0.0138,0.00544,0.0261,3.48,4.02,3.19,4.32,6.96,14.7,0.229,28.1,20,0
2026-05-17 05:21:30,12.1,12.1,1.07,1.05,0,0,0,3.12,0.0135,0.0137,0.00600,0.0269,3.44,4.01,3.20,4.34,6.97,14.7,0.245,28.1,20,0
2026-05-17 05:22:00,12.1,12.1,1.07,1.06,0,0,0,3.12,0.0140,0.0130,0.00548,0.0266,3.43,4.01,3.20,4.34,6.93,14.7,0.265,28.1,20,0
2026-05-17 05:22:30,12.1,12.1,1.06,1.06,0,0,0,3.13,0.0136,0.0133,0.00555,0.0264,3.46,4.00,3.20,4.33,6.98,14.7,0.396,28.0,20,0
2026-05-17 05:23:00,12.1,12.1,1.05,1.06,0,0,0,3.13,0.0132,0.0133,0.00575,0.0269,3.46,4.00,3.16,4.35,6.97,14.7,0.292,27.9,20,0
2026-05-17 05:23:30,12.1,12.1,1.05,1.06,0,0,0,3.12,0.0139,0.0140,0.00517,0.0270,3.49,4.00,3.15,4.35,6.97,14.7,0.354,27.8,20,0
2026-05-17 05:24:00,12.1,12.1,1.06,1.06,0,0,0,3.13,0.0136,0.0143,0.00577,0.0270,3.47,4.01,3.18,4.33,7.02,14.7,0.297,27.8,20,0
2026-05-17 05:24:30,12.1,12.1,1.06,1.05,0,0,0,3.13,0.0136,0.0135,0.00546,0.0276,3.51,4.02,3.20,4.31,7.01,14.7,0.153,27.8,20,0
2026-05-17 05:25:00,12.1,12.1,1.06,1.05,0,0,0,3.14,0.0131,0.0131,0.00537,0.0274,3.50,4.02,3.21,4.30,6.99,14.7,0.194,27.8,20,0
2026-05-17 05:25:30,12.1,12.1,1.05,1.06,0,0,0,3.13,0.0133,0.0134,0.00584,0.0273,3.50,4.03,3.21,4.30,7.00,14.7,0.299,27.8,20,0
2026-05-17 05:26:00,12.1,12.1,1.06,1.05,0,0,0,3.14,0.0135,0.0131,0.00602,0.0278,3.49,4.01,3.27,4.28,7.02,14.8,0.267,27.8,20,0
2026-05-17 05:26:30,12.2,12.1,1.05,1.06,0,0,0,3.14,0.0136,0.0137,0.00584,0.0273,3.55,4.00,3.26,4.26,7.03,14.8,0.373,27.8,20,0
2026-05-17 05:27:00,12.1,12.1,1.06,1.05,0,0,0,3.15,0.0140,0.0129,0.00651,0.0275,3.55,4.00,3.26,4.26,7.05,14.8,0.235,27.8,20,0
2026-05-17 05:27:30,12.2,12.2,1.07,1.06,0,0,0,3.15,0.0136,0.0133,0.00530,0.0281,3.55,3.99,3.30,4.25,7.06,14.8,0.306,27.8,20,0
2026-05-17 05:28:00,12.2,12.2,1.05,1.06,0,0,0,3.16,0.0134,0.0140,0.00526,0.0274,3.55,3.99,3.32,4.25,7.08,14.8,0.363,27.8,20,0
2026-05-17 05:28:30,12.2,12.2,1.07,1.06,0,0,0,3.16,0.0136,0.0137,0.00568,0.0278,3.60,3.97,3.31,4.23,7.09,14.8,0.307,27.8,20,0
2026-05-17 05:29:00,12.2,12.2,1.05,1.06,0,0,0,3.16,0.0137,0.0134,0.00542,0.0281,3.61,3.97,3.31,4.24,7.08,14.8,0.396,27.8,20,0
2026-05-17 05:29:30,12.2,12.2,1.06,1.06,0,0,0,3.15,0.0133,0.0134,0.00546,0.0276,3.61,3.97,3.30,4.24,7.07,14.8,0.346,27.8,20,0
2026-05-17 05:30:00,12.2,12.2,1.05,1.05,0,0,0,3.15,0.0136,0.0134,0.00589,0.0278,3.61,3.97,3.31,4.24,7.06,14.8,0.346,27.8,20,0
2026-05-17 05:30:30,12.2,12.2,1.06,1.06,0,0,0,3.16,0.0136,0.0134,0.00508,0.0282,3.61,3.97,3.31,4.23,7.08,14.8,0.331,28.0,20,0
2026-05-17 05:31:00,12.2,12.2,1.06,1.06,0,0,0,3.15,0.0129,0.0141,0.00571,0.0276,3.60,3.97,3.31,4.23,7.07,14.8,0.272,28.0,20,0
2026-05-17 05:31:30,12.2,12.2,1.06,1.05,0,0,0,3.15,0.0137,0.0133,0.00584,0.0277,3.57,3.98,3.31,4.24,7.04,14.8,0.328,27.8,20,0
2026-05-17 05:32:00,12.2,12.2,1.06,1.06,0,0,0,3.15,0.0142,0.0135,0.00568,0.0284,3.53,4.00,3.30,4.26,7.08,14.8,0.321,27.9,20,0
2026-05-17 05:32:30,12.2,12.2,1.06,1.06,0,0,0,3.15,0.0132,0.0140,0.00589,0.0278,3.54,4.00,3.28,4.26,7.07,14.8,0.304,28.0,20,0
2026-05-17 05:33:00,12.2,12.2,1.06,1.06,0,0,0,3.15,0.0136,0.0129,0.00566,0.0282,3.54,4.00,3.28,4.26,7.10,14.8,0.285,27.9,20,0
2026-05-17 05:33:30,12.2,12.1,1.06,1.06,0,0,0,3.15,0.0137,0.0132,0.00571,0.0287,3.55,4.00,3.25,4.27,7.17,14.8,0.360,28.0,20,0
2026-05-17 05:34:00,12.1,12.1,1.06,1.06,0,0,0,3.14,0.0139,0.0139,0.00582,0.0281,3.56,4.01,3.23,4.28,7.16,14.8,0.339,28.0,20,0
2026-05-17 05:34:30,12.1,12.1,1.06,1.06,0,0,0,3.14,0.0133,0.0133,0.00584,0.0280,3.54,4.00,3.26,4.27,7.14,14.8,0.309,27.9,20,0
2026-05-17 05:35:00,12.1,12.1,1.05,1.06,0,0,0,3.15,0.0131,0.0136,0.00544,0.0283,3.50,4.01,3.28,4.28,7.12,14.8,0.264,28.0,20,0
2026-05-17 05:35:30,12.1,12.1,1.06,1.06,0,0,0,3.15,0.0136,0.0140,0.00602,0.0278,3.50,4.02,3.24,4.29,7.09,14.8,0.268,28.0,20,0
2026-05-17 05:36:00,12.1,12.1,1.06,1.06,0,0,0,3.13,0.0135,0.0136,0.00560,0.0284,3.49,4.03,3.24,4.29,7.03,14.8,0.347,27.9,20,0
2026-05-17 05:36:30,12.1,12.1,1.06,1.06,0,0,0,3.14,0.0131,0.0134,0.00508,0.0287,3.47,4.03,3.25,4.29,7.04,14.7,0.298,27.9,20,0
2026-05-17 05:37:00,12.1,12.1,1.06,1.05,0,0,0,3.13,0.0134,0.0133,0.00568,0.0282,3.53,4.02,3.20,4.30,7.05,14.7,0.427,27.9,20,0
2026-05-17 05:37:30,12.1,12.1,1.06,1.06,0,0,0,3.13,0.0137,0.0133,0.00535,0.0286,3.52,4.04,3.18,4.31,7.07,14.7,0.215,27.9,20,0
2026-05-17 05:38:00,12.1,12.1,1.05,1.06,0,0,0,3.14,0.0137,0.0136,0.00537,0.0279,3.50,4.03,3.21,4.30,7.07,14.8,0.252,27.9,20,0
2026-05-17 05:38:30,12.1,12.1,1.06,1.06,0,0,0,3.14,0.0135,0.0135,0.00618,0.0282,3.53,4.02,3.22,4.29,7.04,14.8,0.336,27.9,20,0
2026-05-17 05:39:00,12.1,12.1,1.06,1.06,0,0,0,3.14,0.0139,0.0132,0.00551,0.0282,3.54,4.01,3.25,4.27,7.06,14.8,0.410,27.9,20,0
2026-05-17 05:39:30,12.2,12.2,1.05,1.05,0,0,0,3.14,0.0135,0.0136,0.00557,0.0280,3.56,4.00,3.26,4.26,6.97,14.8,0.316,27.9,20,0
2026-05-17 05:40:00,12.2,12.2,1.06,1.05,0,0,0,3.14,0.0131,0.0131,0.00580,0.0281,3.54,4.00,3.27,4.27,7.02,14.8,0.305,27.9,20,0
2026-05-17 05:40:30,12.1,12.1,1.06,1.06,0,0,0,3.14,0.0137,0.0129,0.00546,0.0281,3.52,4.01,3.27,4.27,7.00,14.8,0.291,28.0,20,0
2026-05-17 05:41:00,12.1,12.1,1.05,1.06,0,0,0,3.14,0.0133,0.0134,0.00584,0.0275,3.47,4.01,3.28,4.28,7.02,14.8,0.395,28.0,20,0
2026-05-17 05:41:30,12.1,12.1,1.06,1.06,0,0,0,3.14,0.0132,0.0129,0.00564,0.0278,3.50,3.99,3.32,4.25,7.06,14.8,0.309,28.0,20,0
2026-05-17 05:42:00,12.1,12.1,1.06,1.06,0,0,0,3.15,0.0129,0.0137,0.00553,0.0282,3.51,4.00,3.29,4.27,7.06,14.8,0.329,27.9,20,0
2026-05-17 05:42:30,12.1,12.1,1.05,1.06,0,0,0,3.14,0.0135,0.0133,0.00604,0.0277,3.52,4.00,3.27,4.27,7.05,14.8,0.294,27.9,20,0
2026-05-17 05:43:00,12.1,12.1,1.06,1.06,0,0,0,3.14,0.0138,0.0134,0.00575,0.0278,3.52,4.01,3.23,4.28,7.06,14.8,0.361,27.9,20,0
2026-05-17 05:43:30,12.1,12.1,1.06,1.06,0,0,0,3.14,0.0136,0.0135,0.00546,0.0276,3.52,4.01,3.24,4.28,7.08,14.8,0.306,27.9,20,0
2026-05-17 05:44:00,12.1,12.1,1.05,1.05,0,0,0,3.14,0.0136,0.0133,0.00665,0.0278,3.51,4.00,3.27,4.27,7.08,14.8,0.298,28.0,20,0
2026-05-17 05:44:30,12.1,12.1,1.05,1.06,0,0,0,3.15,0.0137,0.0132,0.00548,0.0282,3.51,4.01,3.27,4.27,7.06,14.8,0.370,28.0,20,0
2026-05-17 05:45:00,12.2,12.1,1.05,1.06,0,0,0,3.14,0.0132,0.0138,0.00555,0.0276,3.56,4.01,3.23,4.28,7.11,14.8,0.384,28.1,20,0
2026-05-17 05:45:30,12.2,12.1,1.05,1.04,0,0,0,3.14,0.0135,0.0131,0.00591,0.0278,3.56,4.01,3.23,4.27,7.09,14.8,0.270,28.1,20,0
2026-05-17 05:46:00,12.1,12.1,1.06,1.05,0,0,0,3.14,0.0134,0.0139,0.00510,0.0278,3.48,4.02,3.24,4.29,7.09,14.7,0.321,28.1,20,0
2026-05-17 05:46:30,12.1,12.1,1.06,1.06,0,0,0,3.14,0.0127,0.0135,0.00542,0.0271,3.49,4.03,3.24,4.29,7.06,14.8,0.408,28.2,20,0
2026-05-17 05:47:00,12.1,12.1,1.06,1.05,0,0,0,3.14,0.0140,0.0131,0.00589,0.0276,3.49,4.03,3.24,4.29,7.03,14.7,0.234,28.0,20,0
2026-05-17 05:47:30,12.1,12.1,1.05,1.05,0,0,0,3.13,0.0134,0.0134,0.00526,0.0273,3.47,4.04,3.18,4.32,7.07,14.7,0.395,28.1,20,0
2026-05-17 05:48:00,12.1,12.1,1.06,1.05,0,0,0,3.13,0.0133,0.0135,0.00633,0.0272,3.46,4.04,3.22,4.30,7.11,14.7,0.342,28.1,20,0
2026-05-17 05:48:30,12.1,12.1,1.06,1.05,0,0,0,3.14,0.0136,0.0135,0.00544,0.0272,3.51,4.02,3.21,4.29,7.17,14.7,0.336,28.1,20,0
2026-05-17 05:49:00,12.1,12.1,1.06,1.05,0,0,0,3.14,0.0136,0.0139,0.00586,0.0269,3.48,4.03,3.23,4.30,7.14,14.7,0.312,28.1,20,0
2026-05-17 05:49:30,12.1,12.1,1.06,1.05,0,0,0,3.13,0.0142,0.0134,0.00566,0.0268,3.53,4.02,3.21,4.28,7.11,14.7,0.282,28.2,20,0
2026-05-17 05:50:00,12.1,12.1,1.06,1.05,0,0,0,3.13,0.0137,0.0139,0.00575,0.0271,3.51,4.02,3.21,4.29,7.08,14.7,0.361,28.2,20,0
2026-05-17 05:50:30,12.1,12.1,1.05,1.06,0,0,0,3.13,0.0132,0.0140,0.00551,0.0265,3.49,4.04,3.18,4.30,7.14,14.7,0.443,28.2,20,0
2026-05-17 05:51:00,12.1,12.1,1.06,1.06,0,0,0,3.13,0.0135,0.0130,0.00609,0.0269,3.50,4.04,3.18,4.31,7.08,14.7,0.364,28.2,20,0
2026-05-17 05:51:30,12.1,12.1,1.06,1.05,0,0,0,3.12,0.0137,0.0136,0.00568,0.0266,3.48,4.04,3.15,4.33,7.13,14.7,0.348,28.2,20,0
2026-05-17 05:52:00,12.1,12.1,1.06,1.06,0,0,0,3.13,0.0136,0.0133,0.00604,0.0264,3.46,4.04,3.14,4.34,7.08,14.7,0.266,28.3,20,0
2026-05-17 05:52:30,12.1,12.1,1.06,1.05,0,0,0,3.12,0.0135,0.0131,0.00568,0.0267,3.41,4.04,3.15,4.35,7.09,14.7,0.267,28.3,20,0
2026-05-17 05:53:00,12.1,12.1,1.06,1.05,0,0,0,3.12,0.0131,0.0136,0.00508,0.0267,3.43,4.04,3.15,4.35,7.08,14.7,0.335,28.1,20,0
2026-05-17 05:53:30,12.1,12.1,1.06,1.05,0,0,0,3.12,0.0135,0.0140,0.00624,0.0260,3.45,4.02,3.15,4.35,7.06,14.7,0.395,28.1,20,0
2026-05-17 05:54:00,12.1,12.1,1.06,1.06,0,0,0,3.12,0.0138,0.0132,0.00521,0.0263,3.45,4.02,3.15,4.35,7.08,14.7,0.346,28.1,20,0
2026-05-17 05:54:30,12.1,12.1,1.05,1.05,0,0,0,3.12,0.0137,0.0138,0.00539,0.0256,3.45,4.01,3.15,4.35,7.12,14.7,0.380,28.0,20,0
2026-05-17 05:55:00,12.1,12.1,1.06,1.05,0,0,0,3.12,0.0140,0.0133,0.00633,0.0260,3.47,4.01,3.17,4.34,7.09,14.7,0.363,28.1,20,0
2026-05-17 05:55:30,12.1,12.1,1.06,1.06,0,0,0,3.13,0.0139,0.0139,0.00533,0.0257,3.49,4.01,3.19,4.32,7.08,14.7,0.302,28.1,20,0
2026-05-17 05:56:00,12.1,12.1,1.05,1.06,0,0,0,3.14,0.0130,0.0138,0.00591,0.0255,3.52,4.02,3.21,4.29,7.08,14.8,0.373,28.2,20,0
2026-05-17 05:56:30,12.1,12.1,1.06,1.06,0,0,0,3.13,0.0134,0.0136,0.00562,0.0254,3.49,4.02,3.22,4.30,7.03,14.7,0.332,28.2,20,0
2026-05-17 05:57:00,12.1,12.1,1.06,1.06,0,0,0,3.13,0.0131,0.0140,0.00568,0.0253,3.51,4.02,3.21,4.29,7.08,14.7,0.290,28.2,20,0
2026-05-17 05:57:30,12.1,12.1,1.06,1.06,0,0,0,3.13,0.0136,0.0134,0.00615,0.0251,3.49,4.02,3.22,4.30,7.07,14.7,0.360,28.1,20,0
2026-05-17 05:58:00,12.1,12.1,1.05,1.05,0,0,0,3.14,0.0136,0.0136,0.00508,0.0254,3.46,4.02,3.22,4.31,7.04,14.7,0.392,28.2,20,0
2026-05-17 05:58:30,12.1,12.1,1.05,1.05,0,0,0,3.13,0.0137,0.0138,0.00573,0.0247,3.45,4.02,3.20,4.32,7.06,14.7,0.314,28.3,20,0
2026-05-17 05:59:00,12.1,12.1,1.06,1.06,0,0,0,3.12,0.0138,0.0132,0.00600,0.0250,3.44,4.01,3.20,4.34,7.07,14.7,0.354,28.2,20,0
2026-05-17 05:59:30,12.1,12.1,1.05,1.05,0,0,0,3.13,0.0136,0.0140,0.00551,0.0247,3.44,4.01,3.20,4.34,7.16,14.7,0.323,28.2,20,0
2026-05-17 06:00:00,12.1,12.1,1.05,1.06,0,0,0,3.12,0.0132,0.0135,0.00562,0.0242,3.46,4.00,3.20,4.33,7.14,14.7,0.326,28.1,20,0