"Time","FT401","Pel_S400","Pth_S400","TT401","TT402"
2026-05-20 17:30:15,2.85,33.3,28.4,59.6,68.2
2026-05-20 17:30:30,2.88,29.2,28.4,59.6,68.2
2026-05-20 17:30:45,2.85,32.8,28.1,59.7,68.2
2026-05-20 17:31:00,2.84,35.7,27.8,59.6,68.2
2026-05-20 17:31:15,2.86,31.4,27.9,59.7,68.1
2026-05-20 17:31:30,2.86,30.7,27.9,59.7,68.1
2026-05-20 17:31:45,2.84,28.3,27.8,59.7,68.1
2026-05-20 17:32:00,2.84,32.9,27.9,59.6,68.1
2026-05-20 17:32:15,2.84,35.1,28.0,59.7,68.1
2026-05-20 17:32:30,2.85,32.0,28.2,59.5,68.1
2026-05-20 17:32:45,2.85,36.7,28.4,59.6,68.1
2026-05-20 17:33:00,2.83,38.6,28.5,59.5,68.2
2026-05-20 17:33:15,2.85,41.0,28.6,59.5,68.1
2026-05-20 17:33:30,2.84,40.9,28.7,59.5,68.2
2026-05-20 17:33:45,2.86,41.0,28.6,59.6,68.2
2026-05-20 17:34:00,2.87,33.0,28.7,59.6,68.2
2026-05-20 17:34:15,2.89,34.1,28.8,59.6,68.2
2026-05-20 17:34:30,2.88,41.6,29.0,59.6,68.3
2026-05-20 17:34:45,2.89,39.7,29.1,59.6,68.3
2026-05-20 17:35:00,2.89,33.7,29.1,59.6,68.4
2026-05-20 17:35:15,2.91,27.8,29.4,59.7,68.4
2026-05-20 17:35:30,2.91,35.1,29.5,59.7,68.5
2026-05-20 17:35:45,2.91,40.1,29.5,59.8,68.5
2026-05-20 17:36:00,2.90,37.6,29.4,59.8,68.5
2026-05-20 17:36:15,2.92,41.5,29.5,59.8,68.6
2026-05-20 17:36:30,2.91,29.6,29.4,59.9,68.6
2026-05-20 17:36:45,2.91,38.2,29.4,59.9,68.6
2026-05-20 17:37:00,2.90,42.3,29.4,59.9,68.7
2026-05-20 17:37:15,2.89,39.8,29.4,59.9,68.7
2026-05-20 17:37:30,2.90,40.8,29.6,59.9,68.7
2026-05-20 17:37:45,2.88,39.9,29.9,59.9,68.8
2026-05-20 17:38:00,2.89,27.1,30.4,59.7,68.8
2026-05-20 17:38:15,2.89,37.1,30.9,59.7,68.9
2026-05-20 17:38:30,2.90,38.9,31.3,59.6,68.9
2026-05-20 17:38:45,2.91,40.0,31.6,59.5,68.9
2026-05-20 17:39:00,2.92,38.1,31.9,59.6,69.0
2026-05-20 17:39:15,2.93,42.3,32.1,59.6,69.0
2026-05-20 17:39:30,2.93,37.8,32.1,59.6,69.0
2026-05-20 17:39:45,2.93,41.2,32.2,59.6,69.1
2026-05-20 17:40:00,2.94,36.2,32.3,59.7,69.1
2026-05-20 17:40:15,2.94,45.4,32.1,59.7,69.1
2026-05-20 17:40:30,2.94,42.6,32.0,59.8,69.2
2026-05-20 17:40:45,2.92,40.1,31.6,59.9,69.1
2026-05-20 17:41:00,2.94,37.9,31.4,60.0,69.2
2026-05-20 17:41:15,2.94,41.6,31.1,60.0,69.2
2026-05-20 17:41:30,2.92,36.6,31.0,60.0,69.2
2026-05-20 17:41:45,2.92,43.0,31.0,60.0,69.2
2026-05-20 17:42:00,2.93,41.0,31.0,60.1,69.2
2026-05-20 17:42:15,2.93,39.0,31.0,60.1,69.2
2026-05-20 17:42:30,2.91,40.4,31.0,60.1,69.3
2026-05-20 17:42:45,2.91,41.4,31.1,60.1,69.3
2026-05-20 17:43:00,2.89,40.9,31.2,60.0,69.3
2026-05-20 17:43:15,2.90,38.2,31.6,59.9,69.3
2026-05-20 17:43:30,2.89,39.2,32.1,59.8,69.4
2026-05-20 17:43:45,2.89,36.2,32.4,59.8,69.5
2026-05-20 17:44:00,2.91,34.5,32.8,59.7,69.5
2026-05-20 17:44:15,2.89,34.6,32.7,59.7,69.5
2026-05-20 17:44:30,2.89,44.8,32.9,59.7,69.5
2026-05-20 17:44:45,2.89,43.5,32.9,59.7,69.6
2026-05-20 17:45:00,2.89,36.0,32.9,59.8,69.6
2026-05-20 17:45:15,2.89,42.2,32.9,59.8,69.7
2026-05-20 17:45:30,2.88,42.2,32.7,59.9,69.7
2026-05-20 17:45:45,2.89,35.2,32.6,59.9,69.7
2026-05-20 17:46:00,2.88,44.7,32.4,60.0,69.7
2026-05-20 17:46:15,2.89,36.3,32.3,60.0,69.7
2026-05-20 17:46:30,2.89,39.6,32.3,60.1,69.7
2026-05-20 17:46:45,2.87,36.5,32.0,60.1,69.7
2026-05-20 17:47:00,2.86,43.5,32.1,60.1,69.7
2026-05-20 17:47:15,2.86,34.4,32.0,60.1,69.7
2026-05-20 17:47:30,2.85,37.8,31.8,60.1,69.7
2026-05-20 17:47:45,2.85,44.7,31.9,60.1,69.7
2026-05-20 17:48:00,2.85,37.7,32.0,60.0,69.7
2026-05-20 17:48:15,2.84,36.0,32.1,60.0,69.8
2026-05-20 17:48:30,2.83,42.1,32.5,59.9,69.8
2026-05-20 17:48:45,2.84,38.1,32.7,59.9,69.8
2026-05-20 17:49:00,2.83,36.0,32.9,59.8,69.8
2026-05-20 17:49:15,2.84,33.4,33.1,59.8,69.9
2026-05-20 17:49:30,2.84,41.0,33.2,59.8,69.9
2026-05-20 17:49:45,2.84,39.9,33.1,59.8,69.9
2026-05-20 17:50:00,2.84,36.5,33.0,59.8,69.8
2026-05-20 17:50:15,2.84,43.5,32.9,59.9,69.9
2026-05-20 17:50:30,2.84,41.9,32.7,60.0,69.9
2026-05-20 17:50:45,2.84,39.8,32.5,60.0,69.9
2026-05-20 17:51:00,2.84,40.5,32.4,60.0,69.9
2026-05-20 17:51:15,2.83,34.7,32.2,60.0,69.9
2026-05-20 17:51:30,2.82,40.7,32.0,60.1,69.9
2026-05-20 17:51:45,2.83,42.4,32.1,60.0,69.8
2026-05-20 17:52:00,2.82,37.3,32.2,60.1,69.9
2026-05-20 17:52:15,2.82,41.5,32.0,60.1,69.9
2026-05-20 17:52:30,2.80,36.3,31.9,60.1,69.9
2026-05-20 17:52:45,2.80,36.9,31.8,60.1,69.9
2026-05-20 17:53:00,2.81,37.7,32.1,60.0,69.9
2026-05-20 17:53:15,2.78,34.7,32.1,60.0,69.9
2026-05-20 17:53:30,2.80,39.2,32.5,59.9,69.9
2026-05-20 17:53:45,2.79,39.6,32.6,59.9,69.9
2026-05-20 17:54:00,2.80,38.5,33.0,59.8,70.0
2026-05-20 17:54:15,2.78,34.6,33.0,59.8,69.9
2026-05-20 17:54:30,2.81,32.2,33.4,59.7,70.0
2026-05-20 17:54:45,2.81,39.6,33.3,59.8,70.0
2026-05-20 17:55:00,2.80,43.5,33.2,59.8,70.0
2026-05-20 17:55:15,2.80,44.2,33.2,59.9,70.0
2026-05-20 17:55:30,2.80,43.1,32.9,59.9,70.0
2026-05-20 17:55:45,2.81,37.7,32.7,60.0,70.0
2026-05-20 17:56:00,2.82,43.1,32.6,60.0,70.0
2026-05-20 17:56:15,2.78,30.3,32.2,60.0,70.0
2026-05-20 17:56:30,2.79,34.5,32.2,60.1,70.0
2026-05-20 17:56:45,2.80,32.9,31.9,60.1,69.9
2026-05-20 17:57:00,2.76,36.1,31.4,60.1,69.9
2026-05-20 17:57:15,2.78,38.1,31.4,60.2,69.9
2026-05-20 17:57:30,2.76,36.5,31.1,60.2,69.9
2026-05-20 17:57:45,2.78,38.7,31.2,60.2,69.9
2026-05-20 17:58:00,2.76,32.1,31.1,60.2,69.9
2026-05-20 17:58:15,2.75,42.9,31.2,60.2,70.0
2026-05-20 17:58:30,2.73,36.1,31.2,60.2,70.0
2026-05-20 17:58:45,2.72,42.6,31.3,60.0,70.0
2026-05-20 17:59:00,2.72,37.8,31.8,60.0,70.0
2026-05-20 17:59:15,2.73,40.3,32.4,59.8,70.1
2026-05-20 17:59:30,2.72,37.9,32.5,59.8,70.1
2026-05-20 17:59:45,2.74,44.4,32.7,59.8,70.1
2026-05-20 18:00:00,2.72,37.6,32.6,59.9,70.2
2026-05-20 18:00:15,2.72,38.3,32.6,59.8,70.1
2026-05-20 18:00:30,2.73,37.4,32.6,59.9,70.2
2026-05-20 18:00:45,2.72,38.2,32.5,59.9,70.2
2026-05-20 18:01:00,2.75,33.2,32.5,59.9,70.2
2026-05-20 18:01:15,2.72,41.7,32.2,59.9,70.2
2026-05-20 18:01:30,2.71,30.6,31.8,60.0,70.1
2026-05-20 18:01:45,2.72,43.2,31.8,60.0,70.1
2026-05-20 18:02:00,2.71,46.6,31.4,60.2,70.1
2026-05-20 18:02:15,2.73,44.3,31.3,60.2,70.1
2026-05-20 18:02:30,2.70,31.9,30.8,60.2,70.0
2026-05-20 18:02:45,2.69,41.0,30.8,60.1,70.0
2026-05-20 18:03:00,2.69,37.6,30.8,60.1,70.0
2026-05-20 18:03:15,2.69,40.1,30.8,60.1,70.0
2026-05-20 18:03:30,2.68,40.7,30.9,60.1,70.0
2026-05-20 18:03:45,2.68,37.9,31.0,60.0,70.0
2026-05-20 18:04:00,2.67,37.6,31.2,59.9,70.0
2026-05-20 18:04:15,2.65,33.5,31.3,59.8,70.0
2026-05-20 18:04:30,2.66,38.8,31.6,59.8,70.1
2026-05-20 18:04:45,2.66,37.6,31.6,59.8,70.0
2026-05-20 18:05:00,2.66,36.5,31.6,59.9,70.1
2026-05-20 18:05:15,2.66,31.1,31.4,59.9,70.1
2026-05-20 18:05:30,2.66,36.7,31.3,60.0,70.1
2026-05-20 18:05:45,2.67,36.3,31.5,59.9,70.1
2026-05-20 18:06:00,2.67,31.4,31.7,59.9,70.1
2026-05-20 18:06:15,2.65,32.6,31.5,59.9,70.1
2026-05-20 18:06:30,2.65,39.1,31.4,59.9,70.1
2026-05-20 18:06:45,2.63,39.7,31.1,59.9,70.1
2026-05-20 18:07:00,2.65,37.4,31.0,60.0,70.1
2026-05-20 18:07:15,2.63,34.2,30.7,60.0,70.1
2026-05-20 18:07:30,2.65,40.9,30.5,60.1,70.1
2026-05-20 18:07:45,2.63,40.0,30.1,60.1,70.1
2026-05-20 18:08:00,2.62,32.8,30.1,60.2,70.1
2026-05-20 18:08:15,2.63,29.7,30.3,60.1,70.1
2026-05-20 18:08:30,2.62,40.3,30.1,60.1,70.1
2026-05-20 18:08:45,2.63,39.3,30.3,60.2,70.1
2026-05-20 18:09:00,2.61,36.8,30.1,60.1,70.1
2026-05-20 18:09:15,2.61,40.6,30.2,60.1,70.0
2026-05-20 18:09:30,2.59,34.0,30.2,60.0,70.1
2026-05-20 18:09:45,2.60,34.3,30.5,60.0,70.1
2026-05-20 18:10:00,2.59,38.1,30.4,59.9,70.1
2026-05-20 18:10:15,2.60,39.5,30.6,60.0,70.1
2026-05-20 18:10:30,2.59,37.4,30.6,60.0,70.1
2026-05-20 18:10:45,2.60,31.0,30.6,60.0,70.2
2026-05-20 18:11:00,2.61,30.2,30.5,60.0,70.1
2026-05-20 18:11:15,2.60,39.8,30.5,60.1,70.2
2026-05-20 18:11:30,2.58,35.9,30.4,60.0,70.2
2026-05-20 18:11:45,2.59,39.6,30.5,60.0,70.2
2026-05-20 18:12:00,2.60,39.1,30.6,60.0,70.2
2026-05-20 18:12:15,2.59,40.3,30.4,60.0,70.2
2026-05-20 18:12:30,2.59,34.3,30.4,60.1,70.2
2026-05-20 18:12:45,2.58,40.0,30.1,60.1,70.2
2026-05-20 18:13:00,2.58,35.7,29.8,60.2,70.1
2026-05-20 18:13:15,2.57,29.4,29.6,60.2,70.1
2026-05-20 18:13:30,2.57,33.9,29.4,60.3,70.1
2026-05-20 18:13:45,2.56,33.2,29.5,60.2,70.1
2026-05-20 18:14:00,2.56,28.9,29.4,60.2,70.1
2026-05-20 18:14:15,2.56,41.3,29.6,60.1,70.1
2026-05-20 18:14:30,2.55,37.0,29.8,60.1,70.1
2026-05-20 18:14:45,2.53,33.6,29.9,59.9,70.1
2026-05-20 18:15:00,2.55,36.6,30.1,59.9,70.1
2026-05-20 18:15:15,2.54,37.9,30.1,59.9,70.1
2026-05-20 18:15:30,2.54,36.5,30.1,59.9,70.1
2026-05-20 18:15:45,2.55,39.9,30.0,60.0,70.1
2026-05-20 18:16:00,2.55,35.8,30.0,60.0,70.2
2026-05-20 18:16:15,2.54,30.0,29.9,60.0,70.2
2026-05-20 18:16:30,2.55,38.9,29.9,60.1,70.2
2026-05-20 18:16:45,2.55,30.9,29.9,60.1,70.2
2026-05-20 18:17:00,2.55,39.5,29.7,60.1,70.2
2026-05-20 18:17:15,2.54,37.4,29.5,60.2,70.1
2026-05-20 18:17:30,2.54,33.4,29.4,60.1,70.1
2026-05-20 18:17:45,2.55,41.0,29.4,60.1,70.1
2026-05-20 18:18:00,2.56,37.5,29.6,60.1,70.1
2026-05-20 18:18:15,2.55,34.7,29.3,60.1,70.1
2026-05-20 18:18:30,2.54,39.2,29.2,60.2,70.1
2026-05-20 18:18:45,2.54,32.0,29.0,60.2,70.1
2026-05-20 18:19:00,2.53,34.1,28.8,60.2,70.1
2026-05-20 18:19:15,2.52,36.0,28.8,60.2,70.1
2026-05-20 18:19:30,2.52,36.5,28.9,60.2,70.1
2026-05-20 18:19:45,2.52,31.0,29.2,60.0,70.1
2026-05-20 18:20:00,2.52,32.9,29.5,60.0,70.1
2026-05-20 18:20:15,2.51,31.8,29.6,59.9,70.1
2026-05-20 18:20:30,2.52,37.5,29.7,59.9,70.0
2026-05-20 18:20:45,2.52,35.8,29.8,59.9,70.1
2026-05-20 18:21:00,2.52,34.1,29.8,59.9,70.1
2026-05-20 18:21:15,2.52,38.2,29.8,59.9,70.1
2026-05-20 18:21:30,2.52,27.0,29.7,59.9,70.1
2026-05-20 18:21:45,2.52,41.4,30.0,59.9,70.1
2026-05-20 18:22:00,2.52,38.0,30.1,59.8,70.1
2026-05-20 18:22:15,2.55,40.1,30.3,59.8,70.1
2026-05-20 18:22:30,2.53,32.9,30.2,59.8,70.1
2026-05-20 18:22:45,2.54,42.3,30.1,59.8,70.0
2026-05-20 18:23:00,2.53,39.2,29.8,59.9,70.0
2026-05-20 18:23:15,2.55,39.5,29.9,59.9,70.0
2026-05-20 18:23:30,2.55,36.9,29.6,60.0,70.0
2026-05-20 18:23:45,2.54,33.6,29.3,60.0,70.0
2026-05-20 18:24:00,2.55,39.7,29.1,60.1,70.0
2026-05-20 18:24:15,2.54,31.6,28.9,60.1,69.9
2026-05-20 18:24:30,2.52,36.1,28.5,60.1,69.9
2026-05-20 18:24:45,2.53,36.1,28.4,60.2,69.8
2026-05-20 18:25:00,2.52,33.6,28.5,60.2,69.9
2026-05-20 18:25:15,2.52,34.4,28.3,60.2,69.8
2026-05-20 18:25:30,2.52,37.0,28.4,60.1,69.8
2026-05-20 18:25:45,2.52,28.3,28.5,60.0,69.9
2026-05-20 18:26:00,2.52,33.4,28.8,60.0,69.9
2026-05-20 18:26:15,2.53,38.3,29.3,59.9,69.9
2026-05-20 18:26:30,2.52,36.1,29.5,59.8,69.9
2026-05-20 18:26:45,2.51,33.5,29.6,59.8,69.9
2026-05-20 18:27:00,2.53,35.1,29.8,59.8,69.9
2026-05-20 18:27:15,2.53,35.2,29.7,59.8,70.0
2026-05-20 18:27:30,2.52,38.5,29.6,59.8,70.0
2026-05-20 18:27:45,2.52,40.9,29.6,59.9,70.0
2026-05-20 18:28:00,2.50,35.8,29.4,59.9,70.0
2026-05-20 18:28:15,2.51,38.2,29.2,59.9,70.0
2026-05-20 18:28:30,2.51,39.2,29.2,60.0,70.0
2026-05-20 18:28:45,2.51,34.9,29.0,60.0,70.0
2026-05-20 18:29:00,2.51,36.5,28.8,60.1,69.9
2026-05-20 18:29:15,2.51,32.9,28.6,60.1,69.9
2026-05-20 18:29:30,2.49,39.4,28.1,60.2,69.9
2026-05-20 18:29:45,2.51,33.7,28.1,60.2,69.9
2026-05-20 18:30:00,2.50,33.1,28.0,60.2,69.9
2026-05-20 18:30:15,2.49,38.0,27.9,60.2,69.9
2026-05-20 18:30:30,2.49,33.4,27.8,60.2,69.8
2026-05-20 18:30:45,2.47,34.3,27.6,60.2,69.8
2026-05-20 18:31:00,2.48,35.9,27.6,60.2,69.8
2026-05-20 18:31:15,2.48,39.8,27.7,60.2,69.9
2026-05-20 18:31:30,2.46,35.7,27.5,60.2,69.9
2026-05-20 18:31:45,2.46,37.6,27.9,60.2,69.9
2026-05-20 18:32:00,2.48,36.0,28.2,60.1,69.9
2026-05-20 18:32:15,2.46,37.5,28.5,59.9,69.9
2026-05-20 18:32:30,2.48,31.1,29.1,59.8,70.0
2026-05-20 18:32:45,2.47,37.7,29.4,59.7,70.0
2026-05-20 18:33:00,2.47,37.4,29.4,59.7,70.0
2026-05-20 18:33:15,2.48,37.4,29.6,59.8,70.0
2026-05-20 18:33:30,2.49,35.4,29.6,59.8,70.0
2026-05-20 18:33:45,2.47,31.2,29.5,59.8,70.0
2026-05-20 18:34:00,2.48,39.4,29.5,59.8,70.0
2026-05-20 18:34:15,2.49,31.9,29.4,59.8,70.0
2026-05-20 18:34:30,2.48,36.3,29.2,59.9,70.0
2026-05-20 18:34:45,2.48,35.8,29.0,59.9,70.0
2026-05-20 18:35:00,2.49,34.4,28.9,60.0,70.0
2026-05-20 18:35:15,2.48,34.6,28.5,60.0,69.9
2026-05-20 18:35:30,2.48,31.8,28.2,60.1,69.9
2026-05-20 18:35:45,2.48,30.8,28.1,60.2,69.9
2026-05-20 18:36:00,2.49,34.1,27.9,60.1,69.8
2026-05-20 18:36:15,2.52,36.5,28.1,60.2,69.8
2026-05-20 18:36:30,2.51,36.7,28.1,60.2,69.8
2026-05-20 18:36:45,2.51,37.8,28.0,60.1,69.8
2026-05-20 18:37:00,2.52,32.2,28.2,60.2,69.8
2026-05-20 18:37:15,2.52,34.6,28.2,60.1,69.8
2026-05-20 18:37:30,2.50,34.3,28.1,60.1,69.8
2026-05-20 18:37:45,2.50,39.4,28.2,60.1,69.8
2026-05-20 18:38:00,2.51,32.8,28.4,60.0,69.8
2026-05-20 18:38:15,2.54,40.7,29.0,59.9,69.8
2026-05-20 18:38:30,2.51,41.5,29.4,59.7,69.8
2026-05-20 18:38:45,2.54,36.8,29.9,59.6,69.8
2026-05-20 18:39:00,2.54,26.0,30.0,59.6,69.8
2026-05-20 18:39:15,2.54,34.2,29.9,59.6,69.8
2026-05-20 18:39:30,2.53,34.1,29.9,59.6,69.8
2026-05-20 18:39:45,2.54,37.3,30.0,59.7,69.8
2026-05-20 18:40:00,2.54,36.1,30.0,59.6,69.8
2026-05-20 18:40:15,2.55,30.9,30.0,59.7,69.9
2026-05-20 18:40:30,2.56,40.3,30.0,59.7,69.8
2026-05-20 18:40:45,2.54,30.0,29.6,59.8,69.8
2026-05-20 18:41:00,2.54,35.9,29.2,59.9,69.8
2026-05-20 18:41:15,2.55,34.1,28.8,60.0,69.7
2026-05-20 18:41:30,2.54,34.1,28.5,60.1,69.7
2026-05-20 18:41:45,2.54,35.9,28.2,60.1,69.7
2026-05-20 18:42:00,2.57,40.0,28.3,60.1,69.6
2026-05-20 18:42:15,2.55,37.6,28.0,60.1,69.6
2026-05-20 18:42:30,2.54,43.0,27.8,60.2,69.6
2026-05-20 18:42:45,2.54,44.4,27.6,60.2,69.6
2026-05-20 18:43:00,2.53,34.2,27.7,60.2,69.6
2026-05-20 18:43:15,2.53,33.7,27.5,60.2,69.6
2026-05-20 18:43:30,2.53,34.5,27.7,60.2,69.7
2026-05-20 18:43:45,2.54,34.3,28.0,60.1,69.7
2026-05-20 18:44:00,2.52,37.8,28.1,60.1,69.7
2026-05-20 18:44:15,2.55,31.3,28.5,60.0,69.7
2026-05-20 18:44:30,2.53,26.2,28.7,59.9,69.8
2026-05-20 18:44:45,2.54,34.2,29.1,59.9,69.8
2026-05-20 18:45:00,2.55,34.2,29.3,59.9,69.9
2026-05-20 18:45:15,2.54,32.6,29.5,59.9,69.9
2026-05-20 18:45:30,2.54,39.1,29.5,59.9,69.9
2026-05-20 18:45:45,2.55,34.2,29.7,59.9,69.9
2026-05-20 18:46:00,2.55,38.1,29.7,59.9,69.9
2026-05-20 18:46:15,2.55,39.3,29.7,60.0,70.0
2026-05-20 18:46:30,2.56,38.3,29.4,60.0,70.0
2026-05-20 18:46:45,2.55,39.3,29.2,60.0,70.0
2026-05-20 18:47:00,2.55,38.5,29.0,60.2,69.9
2026-05-20 18:47:15,2.55,28.1,28.7,60.1,69.9
2026-05-20 18:47:30,2.57,40.3,28.7,60.2,69.9
2026-05-20 18:47:45,2.54,40.2,28.5,60.2,69.9
2026-05-20 18:48:00,2.55,28.5,28.3,60.2,69.8
2026-05-20 18:48:15,2.53,34.8,28.1,60.3,69.8
2026-05-20 18:48:30,2.54,36.8,28.0,60.3,69.8
2026-05-20 18:48:45,2.54,35.0,28.1,60.3,69.8
2026-05-20 18:49:00,2.52,38.5,27.9,60.3,69.8
2026-05-20 18:49:15,2.53,36.7,28.0,60.2,69.8
2026-05-20 18:49:30,2.51,39.7,28.3,60.2,69.8
2026-05-20 18:49:45,2.53,34.2,28.7,60.1,69.9
2026-05-20 18:50:00,2.54,33.3,28.8,60.0,69.9
2026-05-20 18:50:15,2.54,33.9,29.2,60.0,69.9
2026-05-20 18:50:30,2.53,32.3,29.2,60.0,69.9
2026-05-20 18:50:45,2.52,39.0,29.1,60.0,69.9
2026-05-20 18:51:00,2.54,31.4,29.3,60.0,70.0
2026-05-20 18:51:15,2.53,32.6,29.1,60.0,70.0
2026-05-20 18:51:30,2.54,31.8,29.3,60.0,70.0
2026-05-20 18:51:45,2.54,36.3,29.3,60.0,70.0
2026-05-20 18:52:00,2.54,38.0,29.3,60.1,70.0
2026-05-20 18:52:15,2.53,37.4,29.4,60.0,70.0
2026-05-20 18:52:30,2.53,34.1,29.2,60.0,70.0
2026-05-20 18:52:45,2.56,37.3,29.3,60.0,69.9
2026-05-20 18:53:00,2.54,26.9,29.2,60.1,69.9
2026-05-20 18:53:15,2.55,35.1,28.8,60.2,69.9
2026-05-20 18:53:30,2.52,33.4,28.4,60.2,69.9
2026-05-20 18:53:45,2.54,38.4,28.2,60.3,69.9
2026-05-20 18:54:00,2.54,34.7,28.1,60.4,69.9
2026-05-20 18:54:15,2.51,30.8,27.9,60.3,69.9
2026-05-20 18:54:30,2.51,37.5,28.0,60.3,69.9
2026-05-20 18:54:45,2.51,37.3,28.2,60.3,69.9
2026-05-20 18:55:00,2.54,33.3,28.5,60.2,69.9
2026-05-20 18:55:15,2.51,34.7,28.7,60.1,69.9
2026-05-20 18:55:30,2.53,34.9,28.9,60.1,69.9
2026-05-20 18:55:45,2.52,34.0,28.9,60.0,69.9
2026-05-20 18:56:00,2.52,37.2,29.1,60.0,69.9
2026-05-20 18:56:15,2.53,28.1,29.3,60.0,69.9
2026-05-20 18:56:30,2.53,40.0,29.3,60.0,70.0
2026-05-20 18:56:45,2.53,39.0,29.4,60.0,70.0
2026-05-20 18:57:00,2.53,39.1,29.4,60.0,70.0
2026-05-20 18:57:15,2.56,38.0,29.5,60.0,70.0
2026-05-20 18:57:30,2.53,35.2,29.5,59.9,70.0
2026-05-20 18:57:45,2.57,28.6,29.5,60.0,70.0
2026-05-20 18:58:00,2.57,36.1,29.6,60.0,69.9
2026-05-20 18:58:15,2.55,39.3,29.5,60.0,69.9
2026-05-20 18:58:30,2.55,35.6,29.2,60.1,69.9
2026-05-20 18:58:45,2.56,39.0,29.1,60.1,69.9
2026-05-20 18:59:00,2.55,31.1,28.7,60.2,69.9
2026-05-20 18:59:15,2.54,43.1,28.6,60.3,69.9
2026-05-20 18:59:30,2.55,36.0,28.3,60.3,69.9
2026-05-20 18:59:45,2.54,45.9,28.1,60.3,69.8
2026-05-20 19:00:00,2.54,33.8,28.2,60.3,69.8
2026-05-20 19:00:15,2.55,33.2,28.2,60.3,69.8
2026-05-20 19:00:30,2.53,32.4,28.1,60.3,69.8
2026-05-20 19:00:45,2.53,37.6,28.1,60.2,69.8
2026-05-20 19:01:00,2.53,28.6,28.4,60.1,69.8
2026-05-20 19:01:15,2.52,32.1,28.5,60.1,69.8
2026-05-20 19:01:30,2.53,30.8,28.9,60.0,69.9
2026-05-20 19:01:45,2.56,36.9,29.3,60.0,69.9
2026-05-20 19:02:00,2.53,33.0,29.4,59.9,69.9
2026-05-20 19:02:15,2.53,37.9,29.3,59.9,70.0
2026-05-20 19:02:30,2.55,31.1,29.4,60.0,70.0
2026-05-20 19:02:45,2.53,30.0,29.3,60.0,70.0
2026-05-20 19:03:00,2.55,32.6,29.3,60.0,70.0
2026-05-20 19:03:15,2.55,38.1,29.4,60.0,70.0
2026-05-20 19:03:30,2.54,35.3,29.4,60.0,69.9
2026-05-20 19:03:45,2.54,32.9,29.2,60.0,69.9
2026-05-20 19:04:00,2.55,32.9,29.1,60.0,69.9
2026-05-20 19:04:15,2.53,37.6,28.8,60.1,69.9
2026-05-20 19:04:30,2.56,38.6,28.7,60.2,69.9
2026-05-20 19:04:45,2.53,36.9,28.4,60.2,69.8
2026-05-20 19:05:00,2.55,29.5,28.3,60.2,69.8
2026-05-20 19:05:15,2.53,32.7,28.2,60.3,69.8
2026-05-20 19:05:30,2.52,36.3,28.0,60.2,69.8
2026-05-20 19:05:45,2.54,36.5,28.1,60.3,69.9
2026-05-20 19:06:00,2.52,33.8,28.0,60.2,69.9
2026-05-20 19:06:15,2.52,31.1,28.1,60.2,69.9
2026-05-20 19:06:30,2.51,30.2,28.3,60.2,69.9
2026-05-20 19:06:45,2.53,26.3,28.7,60.1,69.9
2026-05-20 19:07:00,2.52,34.2,28.9,60.0,69.9
2026-05-20 19:07:15,2.51,28.9,29.2,59.9,69.9
2026-05-20 19:07:30,2.54,36.0,29.5,59.9,69.9
2026-05-20 19:07:45,2.52,41.3,29.5,59.9,70.0
2026-05-20 19:08:00,2.52,32.8,29.4,59.9,70.0
2026-05-20 19:08:15,2.56,38.4,29.6,60.0,70.0
2026-05-20 19:08:30,2.54,34.1,29.4,60.0,70.0
2026-05-20 19:08:45,2.54,32.2,29.3,60.0,70.0
2026-05-20 19:09:00,2.55,38.9,29.5,60.0,70.0
2026-05-20 19:09:15,2.56,30.8,29.5,60.0,69.9
2026-05-20 19:09:30,2.54,34.6,29.3,60.0,69.9
2026-05-20 19:09:45,2.54,29.7,28.9,60.1,69.9
2026-05-20 19:10:00,2.54,42.8,28.7,60.1,69.9
2026-05-20 19:10:15,2.55,31.6,28.6,60.2,69.8
2026-05-20 19:10:30,2.53,32.0,28.4,60.2,69.8
2026-05-20 19:10:45,2.55,31.1,28.2,60.2,69.8
2026-05-20 19:11:00,2.55,35.8,28.2,60.3,69.8
2026-05-20 19:11:15,2.54,42.9,28.0,60.3,69.8
2026-05-20 19:11:30,2.54,31.3,28.0,60.3,69.8
2026-05-20 19:11:45,2.52,40.6,27.7,60.3,69.8
2026-05-20 19:12:00,2.55,34.6,28.0,60.3,69.8
2026-05-20 19:12:15,2.54,42.7,28.0,60.3,69.8
2026-05-20 19:12:30,2.53,39.5,28.1,60.2,69.8
2026-05-20 19:12:45,2.54,38.5,28.5,60.1,69.8
2026-05-20 19:13:00,2.53,34.0,28.7,60.1,69.9
2026-05-20 19:13:15,2.54,37.6,29.1,60.0,69.9
2026-05-20 19:13:30,2.54,27.2,29.2,60.0,69.9
2026-05-20 19:13:45,2.53,32.9,29.2,60.0,69.9
2026-05-20 19:14:00,2.55,34.1,29.2,60.0,70.0
2026-05-20 19:14:15,2.57,35.9,29.4,60.1,69.9
2026-05-20 19:14:30,2.55,35.5,29.1,60.1,70.0
2026-05-20 19:14:45,2.55,35.3,29.0,60.1,70.0
2026-05-20 19:15:00,2.56,33.8,28.9,60.2,70.0
2026-05-20 19:15:15,2.54,37.9,28.9,60.1,69.9
2026-05-20 19:15:30,2.55,36.9,28.8,60.2,69.9
2026-05-20 19:15:45,2.54,37.6,28.7,60.2,69.9
2026-05-20 19:16:00,2.56,32.9,28.7,60.2,69.9
2026-05-20 19:16:15,2.53,34.2,28.4,60.3,69.9
2026-05-20 19:16:30,2.54,31.4,28.2,60.3,69.9
2026-05-20 19:16:45,2.53,37.5,28.0,60.3,69.9
2026-05-20 19:17:00,2.54,38.1,27.9,60.4,69.8
2026-05-20 19:17:15,2.52,26.1,27.9,60.3,69.9
2026-05-20 19:17:30,2.51,39.9,27.7,60.3,69.8
2026-05-20 19:17:45,2.53,33.8,28.0,60.2,69.8
2026-05-20 19:18:00,2.53,34.6,28.2,60.2,69.8
2026-05-20 19:18:15,2.51,42.3,28.4,60.2,69.9
2026-05-20 19:18:30,2.54,34.1,28.8,60.1,69.9
2026-05-20 19:18:45,2.53,34.0,29.0,60.1,69.9
2026-05-20 19:19:00,2.52,36.9,29.0,60.0,69.9
2026-05-20 19:19:15,2.54,34.8,29.3,60.0,69.9
2026-05-20 19:19:30,2.52,32.2,29.2,60.0,70.0
2026-05-20 19:19:45,2.54,31.2,29.4,60.0,70.0
2026-05-20 19:20:00,2.54,37.7,29.3,60.1,70.0
2026-05-20 19:20:15,2.53,40.6,29.3,60.0,70.0
2026-05-20 19:20:30,2.55,33.2,29.2,60.0,70.0
2026-05-20 19:20:45,2.55,30.1,29.2,60.1,69.9
2026-05-20 19:21:00,2.53,38.6,28.9,60.1,69.9
2026-05-20 19:21:15,2.54,41.0,28.7,60.2,69.9
2026-05-20 19:21:30,2.56,38.2,28.7,60.2,69.9
2026-05-20 19:21:45,2.53,38.7,28.5,60.2,69.9
2026-05-20 19:22:00,2.53,35.6,28.1,60.3,69.9
2026-05-20 19:22:15,2.54,34.0,28.0,60.3,69.8
2026-05-20 19:22:30,2.51,29.8,27.9,60.3,69.9
2026-05-20 19:22:45,2.53,39.2,27.9,60.4,69.8
2026-05-20 19:23:00,2.52,37.4,27.8,60.3,69.8
2026-05-20 19:23:15,2.52,29.3,27.8,60.3,69.8
2026-05-20 19:23:30,2.51,34.6,27.7,60.3,69.8
2026-05-20 19:23:45,2.54,44.3,28.1,60.2,69.8
2026-05-20 19:24:00,2.52,41.8,28.2,60.2,69.8
2026-05-20 19:24:15,2.55,39.8,28.6,60.1,69.9
2026-05-20 19:24:30,2.51,34.7,28.7,60.0,69.9
2026-05-20 19:24:45,2.55,32.3,29.2,60.0,69.9
2026-05-20 19:25:00,2.53,33.1,29.1,59.9,69.9
2026-05-20 19:25:15,2.53,37.7,29.1,60.0,69.9
2026-05-20 19:25:30,2.56,42.3,29.3,60.0,69.9
2026-05-20 19:25:45,2.55,35.7,29.3,60.0,69.9
2026-05-20 19:26:00,2.56,34.0,29.4,60.1,70.0
2026-05-20 19:26:15,2.55,38.9,29.2,60.0,69.9
2026-05-20 19:26:30,2.54,37.0,29.0,60.1,69.9
2026-05-20 19:26:45,2.56,38.9,28.8,60.2,69.9
2026-05-20 19:27:00,2.55,36.0,28.7,60.2,69.9
2026-05-20 19:27:15,2.55,31.7,28.5,60.3,69.9
2026-05-20 19:27:30,2.56,36.1,28.4,60.3,69.9
2026-05-20 19:27:45,2.54,38.1,28.1,60.3,69.9
2026-05-20 19:28:00,2.57,38.6,28.3,60.4,69.9
2026-05-20 19:28:15,2.54,35.0,28.1,60.3,69.8
2026-05-20 19:28:30,2.55,39.2,28.0,60.3,69.8
2026-05-20 19:28:45,2.54,37.2,28.1,60.3,69.8
2026-05-20 19:29:00,2.53,38.3,27.9,60.3,69.8
2026-05-20 19:29:15,2.54,42.8,27.9,60.3,69.8
2026-05-20 19:29:30,2.53,36.6,28.0,60.3,69.8
2026-05-20 19:29:45,2.53,31.5,28.2,60.2,69.8
2026-05-20 19:30:00,2.53,37.9,28.4,60.2,69.8
2026-05-20 19:30:15,2.54,44.2,28.8,60.1,69.9
2026-05-20 19:30:30,2.53,29.8,28.9,60.0,69.9
2026-05-20 19:30:45,2.55,30.7,29.2,60.0,69.9
2026-05-20 19:31:00,2.54,32.3,29.4,59.9,69.9
2026-05-20 19:31:15,2.55,34.1,29.3,59.9,69.9
2026-05-20 19:31:30,2.55,29.8,29.5,60.0,69.9
2026-05-20 19:31:45,2.56,37.9,29.3,60.0,69.9
2026-05-20 19:32:00,2.54,37.7,29.3,60.0,69.9
2026-05-20 19:32:15,2.56,36.0,29.3,60.0,69.9
2026-05-20 19:32:30,2.55,33.9,29.3,60.0,69.9
2026-05-20 19:32:45,2.55,31.2,29.1,60.1,69.9
2026-05-20 19:33:00,2.54,34.7,28.8,60.1,69.8
2026-05-20 19:33:15,2.55,34.2,28.6,60.2,69.8
2026-05-20 19:33:30,2.57,32.6,28.5,60.2,69.8
2026-05-20 19:33:45,2.54,37.6,28.2,60.2,69.8
2026-05-20 19:34:00,2.54,38.3,28.1,60.3,69.8
2026-05-20 19:34:15,2.53,33.2,28.0,60.3,69.8
2026-05-20 19:34:30,2.53,35.9,27.8,60.3,69.8
2026-05-20 19:34:45,2.53,37.3,27.8,60.3,69.8
2026-05-20 19:35:00,2.51,31.5,27.7,60.3,69.7
2026-05-20 19:35:15,2.54,35.6,27.9,60.2,69.8
2026-05-20 19:35:30,2.54,39.8,28.2,60.2,69.8
2026-05-20 19:35:45,2.53,42.7,28.3,60.1,69.8
2026-05-20 19:36:00,2.54,30.1,28.7,60.0,69.8
2026-05-20 19:36:15,2.62,32.6,29.7,59.9,69.8
2026-05-20 19:36:30,2.61,38.6,29.9,59.9,69.8
2026-05-20 19:36:45,2.63,38.0,30.2,59.9,69.9
2026-05-20 19:37:00,2.63,30.3,30.2,60.0,69.8
2026-05-20 19:37:15,2.64,27.6,30.5,59.9,69.9
2026-05-20 19:37:30,2.63,38.4,30.2,60.0,69.9
2026-05-20 19:37:45,2.64,39.0,30.0,60.1,69.9
2026-05-20 19:38:00,2.66,35.5,29.3,60.3,69.8
2026-05-20 19:38:15,2.65,36.5,28.9,60.4,69.8
2026-05-20 19:38:30,2.67,30.7,28.6,60.5,69.8
2026-05-20 19:38:45,2.65,41.0,28.3,60.6,69.8
2026-05-20 19:39:00,2.66,32.0,28.1,60.6,69.7
2026-05-20 19:39:15,2.66,35.0,27.8,60.7,69.6
2026-05-20 19:39:30,2.65,36.7,27.6,60.7,69.7
2026-05-20 19:39:45,2.66,29.0,27.4,60.7,69.7
2026-05-20 19:40:00,2.63,34.8,27.4,60.7,69.7
2026-05-20 19:40:15,2.64,40.9,27.4,60.6,69.6
2026-05-20 19:40:30,2.63,38.1,27.8,60.6,69.7
2026-05-20 19:40:45,2.64,41.2,28.1,60.4,69.7
2026-05-20 19:41:00,2.62,35.6,28.7,60.3,69.7
2026-05-20 19:41:15,2.63,29.0,29.1,60.2,69.8
2026-05-20 19:41:30,2.64,34.1,29.7,60.1,69.8
2026-05-20 19:41:45,2.64,29.4,30.1,60.0,69.8
2026-05-20 19:42:00,2.65,40.4,30.4,60.0,69.9
2026-05-20 19:42:15,2.64,26.3,30.6,59.9,69.9
2026-05-20 19:42:30,2.65,32.9,30.7,59.9,69.9
2026-05-20 19:42:45,2.67,37.5,30.8,59.9,69.9
2026-05-20 19:43:00,2.66,35.0,30.7,60.0,69.9
2026-05-20 19:43:15,2.67,39.5,30.6,60.0,69.9
2026-05-20 19:43:30,2.67,37.8,30.6,60.0,69.9
2026-05-20 19:43:45,2.68,40.9,30.5,60.1,69.8
2026-05-20 19:44:00,2.67,34.2,30.2,60.1,69.8
2026-05-20 19:44:15,2.68,33.4,29.8,60.2,69.8
2026-05-20 19:44:30,2.67,34.2,29.6,60.2,69.8
2026-05-20 19:44:45,2.66,42.6,29.4,60.2,69.7
2026-05-20 19:45:00,2.67,39.1,29.2,60.2,69.6
2026-05-20 19:45:15,2.66,30.9,29.0,60.2,69.7
2026-05-20 19:45:30,2.66,35.6,29.1,60.2,69.6
2026-05-20 19:45:45,2.65,32.7,28.9,60.2,69.6
2026-05-20 19:46:00,2.64,40.7,29.1,60.1,69.6
2026-05-20 19:46:15,2.65,39.2,29.2,60.0,69.6
2026-05-20 19:46:30,2.65,32.1,29.6,60.0,69.7
2026-05-20 19:46:45,2.65,26.5,29.8,59.9,69.7
2026-05-20 19:47:00,2.65,36.7,30.0,59.9,69.7
2026-05-20 19:47:15,2.66,39.1,30.1,59.9,69.7
2026-05-20 19:47:30,2.66,35.7,30.1,59.9,69.7
2026-05-20 19:47:45,2.67,37.8,30.3,59.9,69.7
2026-05-20 19:48:00,2.68,33.3,30.5,59.9,69.7
2026-05-20 19:48:15,2.68,39.5,30.3,60.0,69.7
2026-05-20 19:48:30,2.67,33.2,30.3,60.0,69.7
2026-05-20 19:48:45,2.70,36.4,30.3,60.0,69.7
2026-05-20 19:49:00,2.70,34.7,30.2,60.1,69.7
2026-05-20 19:49:15,2.69,33.5,29.9,60.1,69.7
2026-05-20 19:49:30,2.70,38.7,29.7,60.2,69.7
2026-05-20 19:49:45,2.68,30.7,29.5,60.2,69.7
2026-05-20 19:50:00,2.69,35.9,29.5,60.2,69.6
2026-05-20 19:50:15,2.67,29.6,29.2,60.2,69.6
2026-05-20 19:50:30,2.67,39.2,29.2,60.2,69.6
2026-05-20 19:50:45,2.68,29.5,29.4,60.2,69.6
2026-05-20 19:51:00,2.66,42.0,29.4,60.1,69.6
2026-05-20 19:51:15,2.68,23.9,29.6,60.1,69.6
2026-05-20 19:51:30,2.67,38.2,29.8,60.0,69.6
2026-05-20 19:51:45,2.67,39.2,29.9,60.0,69.6
2026-05-20 19:52:00,2.67,37.4,29.9,60.0,69.7
2026-05-20 19:52:15,2.68,38.2,30.2,60.0,69.7
2026-05-20 19:52:30,2.70,42.7,30.3,60.0,69.7
2026-05-20 19:52:45,2.70,33.3,30.4,60.0,69.8
2026-05-20 19:53:00,2.71,40.1,30.3,60.1,69.8
2026-05-20 19:53:15,2.69,32.8,30.3,60.0,69.7
2026-05-20 19:53:30,2.69,35.4,30.3,60.1,69.8
2026-05-20 19:53:45,2.69,40.9,30.2,60.1,69.8
2026-05-20 19:54:00,2.71,32.9,30.2,60.2,69.7
2026-05-20 19:54:15,2.69,37.4,29.9,60.2,69.8
2026-05-20 19:54:30,2.70,36.0,29.8,60.2,69.7
2026-05-20 19:54:45,2.71,33.6,29.8,60.2,69.7
2026-05-20 19:55:00,2.69,33.1,29.5,60.2,69.7
2026-05-20 19:55:15,2.67,35.4,29.5,60.2,69.7
2026-05-20 19:55:30,2.69,36.9,29.7,60.2,69.7
2026-05-20 19:55:45,2.69,37.5,29.8,60.1,69.7
2026-05-20 19:56:00,2.69,35.7,30.0,60.1,69.7
2026-05-20 19:56:15,2.68,34.7,30.0,60.1,69.7
2026-05-20 19:56:30,2.68,32.7,30.1,60.0,69.8
2026-05-20 19:56:45,2.69,31.3,30.3,60.0,69.8
2026-05-20 19:57:00,2.68,41.4,30.3,60.0,69.8
2026-05-20 19:57:15,2.69,33.1,30.5,60.1,69.8
2026-05-20 19:57:30,2.70,32.9,30.5,60.0,69.8
2026-05-20 19:57:45,2.70,41.3,30.7,60.0,69.8
2026-05-20 19:58:00,2.69,42.0,30.5,60.0,69.8
2026-05-20 19:58:15,2.70,38.0,30.4,60.1,69.8
2026-05-20 19:58:30,2.71,39.0,30.2,60.1,69.8
2026-05-20 19:58:45,2.72,39.2,30.4,60.2,69.8
2026-05-20 19:59:00,2.70,40.4,30.1,60.2,69.8
2026-05-20 19:59:15,2.73,39.1,30.3,60.2,69.8
2026-05-20 19:59:30,2.70,36.2,30.2,60.2,69.8
2026-05-20 19:59:45,2.72,44.0,30.1,60.2,69.8
2026-05-20 20:00:00,2.70,38.3,30.1,60.2,69.8
2026-05-20 20:00:15,2.69,39.1,30.0,60.2,69.8
2026-05-20 20:00:30,2.68,39.5,30.0,60.2,69.8
2026-05-20 20:00:45,2.69,41.0,30.2,60.1,69.8
2026-05-20 20:01:00,2.70,37.3,30.4,60.0,69.8
2026-05-20 20:01:15,2.69,40.5,30.6,60.0,69.8
2026-05-20 20:01:30,2.70,40.4,30.7,60.0,69.9
2026-05-20 20:01:45,2.71,36.4,30.9,60.0,69.8
2026-05-20 20:02:00,2.69,38.9,30.8,60.0,69.8
2026-05-20 20:02:15,2.71,40.6,30.8,60.0,69.9
2026-05-20 20:02:30,2.70,35.9,30.8,60.0,69.8
2026-05-20 20:02:45,2.71,39.0,30.6,60.1,69.8
2026-05-20 20:03:00,2.71,35.7,30.6,60.1,69.8
2026-05-20 20:03:15,2.71,40.9,30.3,60.2,69.8
2026-05-20 20:03:30,2.71,32.9,30.2,60.2,69.8
2026-05-20 20:03:45,2.72,38.3,30.3,60.2,69.8
2026-05-20 20:04:00,2.72,42.6,30.2,60.2,69.8
2026-05-20 20:04:15,2.70,39.3,30.1,60.2,69.8
2026-05-20 20:04:30,2.71,37.4,30.0,60.2,69.8
2026-05-20 20:04:45,2.71,39.4,30.0,60.2,69.8
2026-05-20 20:05:00,2.71,36.0,30.1,60.2,69.8
2026-05-20 20:05:15,2.70,41.0,30.3,60.1,69.8
2026-05-20 20:05:30,2.69,39.8,30.2,60.1,69.8
2026-05-20 20:05:45,2.69,33.7,30.5,60.0,69.8
2026-05-20 20:06:00,2.70,35.9,30.7,60.0,69.8
2026-05-20 20:06:15,2.71,44.5,30.8,60.0,69.8
2026-05-20 20:06:30,2.70,40.4,30.9,60.0,69.9
2026-05-20 20:06:45,2.73,37.6,31.1,60.0,69.9
2026-05-20 20:07:00,2.71,36.6,31.0,60.0,69.9
2026-05-20 20:07:15,2.71,45.7,30.8,60.1,69.9
2026-05-20 20:07:30,2.71,36.4,30.7,60.1,69.9
2026-05-20 20:07:45,2.73,33.6,30.8,60.2,69.9
2026-05-20 20:08:00,2.73,38.5,30.6,60.2,69.8
2026-05-20 20:08:15,2.73,40.0,30.4,60.2,69.8
2026-05-20 20:08:30,2.71,29.5,30.2,60.2,69.8
2026-05-20 20:08:45,2.71,36.3,30.2,60.2,69.8
2026-05-20 20:09:00,2.72,37.5,30.3,60.2,69.8
2026-05-20 20:09:15,2.71,41.4,30.1,60.2,69.8
2026-05-20 20:09:30,2.70,37.8,30.1,60.2,69.8
2026-05-20 20:09:45,2.71,34.4,30.3,60.1,69.8
2026-05-20 20:10:00,2.69,31.5,30.3,60.1,69.8
2026-05-20 20:10:15,2.69,42.4,30.3,60.1,69.8
2026-05-20 20:10:30,2.70,38.9,30.5,60.1,69.8
2026-05-20 20:10:45,2.70,36.1,30.5,60.0,69.8
2026-05-20 20:11:00,2.70,39.8,30.8,60.0,69.8
2026-05-20 20:11:15,2.71,39.5,30.9,60.0,69.8
2026-05-20 20:11:30,2.71,38.0,30.9,60.0,69.9
2026-05-20 20:11:45,2.72,38.4,31.0,60.0,69.9
2026-05-20 20:12:00,2.72,38.4,31.0,60.0,69.8
2026-05-20 20:12:15,2.72,35.3,30.9,60.1,69.9
2026-05-20 20:12:30,2.72,38.7,30.8,60.1,69.9
2026-05-20 20:12:45,2.72,37.7,30.7,60.1,69.9
2026-05-20 20:13:00,2.72,37.5,30.5,60.2,69.9
2026-05-20 20:13:15,2.73,38.3,30.4,60.2,69.9
2026-05-20 20:13:30,2.73,34.5,30.4,60.2,69.8
2026-05-20 20:13:45,2.71,36.5,30.2,60.2,69.8
2026-05-20 20:14:00,2.72,41.2,30.2,60.2,69.8
2026-05-20 20:14:15,2.71,36.7,30.0,60.2,69.8
2026-05-20 20:14:30,2.71,40.5,30.2,60.2,69.8
2026-05-20 20:14:45,2.70,37.8,30.2,60.2,69.8
2026-05-20 20:15:00,2.70,33.6,30.4,60.1,69.8
2026-05-20 20:15:15,2.70,32.2,30.5,60.1,69.8
2026-05-20 20:15:30,2.70,37.0,30.7,60.0,69.8
2026-05-20 20:15:45,2.71,37.0,30.9,60.0,69.8
2026-05-20 20:16:00,2.71,35.3,31.0,60.0,69.8
2026-05-20 20:16:15,2.70,36.7,30.9,60.0,69.8
2026-05-20 20:16:30,2.72,34.0,30.9,60.0,69.9
2026-05-20 20:16:45,2.72,37.7,31.1,60.0,69.9
2026-05-20 20:17:00,2.74,35.7,31.1,60.1,69.9
2026-05-20 20:17:15,2.70,37.3,30.8,60.1,69.9
2026-05-20 20:17:30,2.72,35.7,30.9,60.1,69.9
2026-05-20 20:17:45,2.73,31.9,31.1,60.1,69.9
2026-05-20 20:18:00,2.72,33.0,30.9,60.1,69.9
2026-05-20 20:18:15,2.74,45.7,31.0,60.1,69.9
2026-05-20 20:18:30,2.72,34.1,30.7,60.1,69.8
2026-05-20 20:18:45,2.72,39.3,30.6,60.1,69.9
2026-05-20 20:19:00,2.72,37.2,30.4,60.2,69.9
2026-05-20 20:19:15,2.71,37.6,30.2,60.2,69.8
2026-05-20 20:19:30,2.70,39.8,30.3,60.1,69.8
2026-05-20 20:19:45,2.70,34.2,30.4,60.1,69.8
2026-05-20 20:20:00,2.71,43.3,30.6,60.1,69.8
2026-05-20 20:20:15,2.70,35.9,30.7,60.0,69.8
2026-05-20 20:20:30,2.69,34.5,30.6,60.0,69.8
2026-05-20 20:20:45,2.73,31.2,30.9,60.0,69.8
2026-05-20 20:21:00,2.70,38.9,30.7,60.0,69.8
2026-05-20 20:21:15,2.70,36.1,30.7,60.0,69.8
2026-05-20 20:21:30,2.71,35.4,30.9,60.0,69.8
2026-05-20 20:21:45,2.71,40.0,30.9,60.0,69.9
2026-05-20 20:22:00,2.72,41.4,31.1,60.0,69.9
2026-05-20 20:22:15,2.73,34.9,31.2,60.0,69.9
2026-05-20 20:22:30,2.72,34.7,30.9,60.1,69.9
2026-05-20 20:22:45,2.73,39.6,30.8,60.2,69.8
2026-05-20 20:23:00,2.74,28.5,30.7,60.2,69.9
2026-05-20 20:23:15,2.71,37.6,30.4,60.2,69.8
2026-05-20 20:23:30,2.71,45.1,30.2,60.2,69.9
2026-05-20 20:23:45,2.73,42.4,30.3,60.2,69.8
2026-05-20 20:24:00,2.72,36.0,30.2,60.3,69.8
2026-05-20 20:24:15,2.71,43.0,30.2,60.2,69.8
2026-05-20 20:24:30,2.71,34.8,30.3,60.1,69.8
2026-05-20 20:24:45,2.70,41.2,30.3,60.1,69.8
2026-05-20 20:25:00,2.71,39.1,30.5,60.1,69.8
2026-05-20 20:25:15,2.71,40.5,30.6,60.0,69.8
2026-05-20 20:25:30,2.70,40.2,30.6,60.0,69.8
2026-05-20 20:25:45,2.72,36.0,30.9,60.0,69.8
2026-05-20 20:26:00,2.70,41.5,30.9,60.0,69.8
2026-05-20 20:26:15,2.72,37.0,30.8,60.0,69.8
2026-05-20 20:26:30,2.73,39.4,30.9,60.0,69.8
2026-05-20 20:26:45,2.72,34.7,31.0,60.1,69.9
2026-05-20 20:27:00,2.71,43.6,30.7,60.1,69.8
2026-05-20 20:27:15,2.73,35.5,30.8,60.1,69.8
2026-05-20 20:27:30,2.74,41.5,30.8,60.1,69.8
2026-05-20 20:27:45,2.73,34.6,30.7,60.1,69.8
2026-05-20 20:28:00,2.72,38.9,30.6,60.1,69.8
2026-05-20 20:28:15,2.73,36.2,30.7,60.1,69.8
2026-05-20 20:28:30,2.71,37.5,30.5,60.2,69.8
2026-05-20 20:28:45,2.71,30.8,30.3,60.2,69.8
2026-05-20 20:29:00,2.73,37.4,30.3,60.2,69.8
2026-05-20 20:29:15,2.69,36.0,30.2,60.2,69.8
2026-05-20 20:29:30,2.71,40.8,30.4,60.2,69.8
2026-05-20 20:29:45,2.71,41.4,30.5,60.1,69.8
2026-05-20 20:30:00,2.71,36.2,30.8,60.0,69.8
2026-05-20 20:30:15,2.71,34.5,30.9,60.0,69.8
2026-05-20 20:30:30,2.72,39.4,31.0,60.0,69.8
2026-05-20 20:30:45,2.73,39.1,31.1,60.0,69.8
2026-05-20 20:31:00,2.71,42.5,31.0,60.0,69.8
2026-05-20 20:31:15,2.72,40.1,30.9,60.0,69.8
2026-05-20 20:31:30,2.74,37.0,31.1,60.0,69.8
2026-05-20 20:31:45,2.72,41.3,30.9,60.1,69.8
2026-05-20 20:32:00,2.73,34.4,30.7,60.1,69.8
2026-05-20 20:32:15,2.73,32.1,30.7,60.1,69.8
2026-05-20 20:32:30,2.72,40.3,30.5,60.2,69.8
2026-05-20 20:32:45,2.73,27.9,30.5,60.2,69.8
2026-05-20 20:33:00,2.74,35.0,30.3,60.2,69.8
2026-05-20 20:33:15,2.72,37.6,30.2,60.2,69.8
2026-05-20 20:33:30,2.72,39.1,30.0,60.3,69.8
2026-05-20 20:33:45,2.72,37.6,29.9,60.2,69.8
2026-05-20 20:34:00,2.70,36.2,30.0,60.2,69.7
2026-05-20 20:34:15,2.72,34.9,30.2,60.2,69.8
2026-05-20 20:34:30,2.70,31.5,30.3,60.1,69.8
2026-05-20 20:34:45,2.72,34.5,30.6,60.1,69.8
2026-05-20 20:35:00,2.71,40.7,30.8,60.0,69.8
2026-05-20 20:35:15,2.71,42.7,30.9,60.0,69.8
2026-05-20 20:35:30,2.72,35.2,31.0,60.0,69.9
2026-05-20 20:35:45,2.71,38.9,31.1,60.0,69.9
2026-05-20 20:36:00,2.73,40.5,31.1,60.0,69.9
2026-05-20 20:36:15,2.82,31.6,31.9,60.0,69.9
2026-05-20 20:36:30,2.86,38.4,32.3,60.1,69.8
2026-05-20 20:36:45,2.87,36.1,32.3,60.1,69.9
2026-05-20 20:37:00,2.90,37.1,32.4,60.2,69.9
2026-05-20 20:37:15,2.91,39.6,32.4,60.2,69.8
2026-05-20 20:37:30,2.88,37.1,32.0,60.2,69.8
2026-05-20 20:37:45,2.88,40.9,31.9,60.2,69.8
2026-05-20 20:38:00,2.88,39.2,31.6,60.3,69.7
2026-05-20 20:38:15,2.91,40.2,31.4,60.3,69.6
2026-05-20 20:38:30,2.89,38.9,31.2,60.3,69.6
2026-05-20 20:38:45,2.89,41.5,31.0,60.3,69.6
2026-05-20 20:39:00,2.90,36.7,31.0,60.3,69.6
2026-05-20 20:39:15,2.89,39.9,30.8,60.4,69.5
2026-05-20 20:39:30,2.89,33.2,30.8,60.3,69.5
2026-05-20 20:39:45,2.89,38.3,31.1,60.3,69.5
2026-05-20 20:40:00,2.90,37.0,31.3,60.2,69.5
2026-05-20 20:40:15,2.91,34.1,31.8,60.2,69.6
2026-05-20 20:40:30,2.91,39.0,32.1,60.1,69.6
2026-05-20 20:40:45,2.91,35.9,32.2,60.1,69.6
2026-05-20 20:41:00,2.92,37.5,32.6,60.0,69.6
2026-05-20 20:41:15,2.93,34.1,32.7,60.0,69.6
2026-05-20 20:41:30,2.94,38.5,32.7,60.0,69.6
2026-05-20 20:41:45,2.95,39.4,32.9,60.0,69.6
2026-05-20 20:42:00,2.96,37.3,32.7,60.1,69.6
2026-05-20 20:42:15,2.97,43.0,32.7,60.1,69.6
2026-05-20 20:42:30,2.96,37.3,32.3,60.2,69.6
2026-05-20 20:42:45,2.96,42.8,32.2,60.2,69.6
2026-05-20 20:43:00,2.97,41.5,32.2,60.2,69.5
2026-05-20 20:43:15,2.96,42.2,32.1,60.2,69.5
2026-05-20 20:43:30,2.97,38.4,32.0,60.2,69.5
2026-05-20 20:43:45,2.97,40.7,32.0,60.2,69.4
2026-05-20 20:44:00,2.98,37.7,32.0,60.2,69.5
2026-05-20 20:44:15,2.98,41.4,32.1,60.2,69.5
2026-05-20 20:44:30,2.97,44.5,31.9,60.2,69.4
2026-05-20 20:44:45,2.99,39.1,31.9,60.2,69.4
2026-05-20 20:45:00,3.01,39.9,32.1,60.2,69.4
2026-05-20 20:45:15,3.00,44.0,32.2,60.2,69.5
2026-05-20 20:45:30,3.01,38.9,32.4,60.1,69.5
2026-05-20 20:45:45,2.99,40.8,32.5,60.2,69.5
2026-05-20 20:46:00,3.00,38.9,32.3,60.2,69.5
2026-05-20 20:46:15,3.01,41.8,32.3,60.2,69.5
2026-05-20 20:46:30,3.00,46.1,32.2,60.2,69.5
2026-05-20 20:46:45,3.00,34.3,32.0,60.3,69.5
2026-05-20 20:47:00,3.00,37.6,32.0,60.2,69.4
2026-05-20 20:47:15,3.02,34.5,32.2,60.2,69.4
2026-05-20 20:47:30,2.99,39.6,32.4,60.2,69.5
2026-05-20 20:47:45,3.00,42.4,32.5,60.1,69.5
2026-05-20 20:48:00,3.00,41.5,32.7,60.1,69.5
2026-05-20 20:48:15,3.00,37.5,32.6,60.1,69.5
2026-05-20 20:48:30,3.01,39.6,32.6,60.1,69.5
2026-05-20 20:48:45,3.01,34.0,32.6,60.2,69.5
2026-05-20 20:49:00,3.00,40.7,32.5,60.2,69.5
2026-05-20 20:49:15,3.01,37.5,32.5,60.2,69.6
2026-05-20 20:49:30,3.00,41.5,32.4,60.2,69.5
2026-05-20 20:49:45,3.00,39.1,32.4,60.2,69.5
2026-05-20 20:50:00,3.01,37.6,32.4,60.2,69.5
2026-05-20 20:50:15,3.01,41.2,32.3,60.3,69.5
2026-05-20 20:50:30,3.00,36.5,32.2,60.3,69.5
2026-05-20 20:50:45,3.00,42.3,32.1,60.3,69.5
2026-05-20 20:51:00,3.00,39.4,32.0,60.3,69.5
2026-05-20 20:51:15,3.00,39.1,32.1,60.3,69.6
2026-05-20 20:51:30,3.01,43.0,32.3,60.3,69.6
2026-05-20 20:51:45,3.00,42.2,32.5,60.2,69.6
2026-05-20 20:52:00,3.01,37.5,32.9,60.1,69.6
2026-05-20 20:52:15,3.01,35.9,33.1,60.1,69.6
2026-05-20 20:52:30,2.99,38.2,33.2,60.1,69.6
2026-05-20 20:52:45,2.99,44.5,33.3,60.1,69.6
2026-05-20 20:53:00,3.01,31.6,33.3,60.1,69.7
2026-05-20 20:53:15,3.00,46.1,33.0,60.1,69.7
2026-05-20 20:53:30,3.02,40.3,32.9,60.2,69.6
2026-05-20 20:53:45,3.00,36.0,32.7,60.2,69.6
2026-05-20 20:54:00,3.02,39.9,32.7,60.3,69.6
2026-05-20 20:54:15,3.00,43.0,32.5,60.3,69.6
2026-05-20 20:54:30,3.00,37.8,32.5,60.3,69.6
2026-05-20 20:54:45,3.00,34.8,32.3,60.4,69.6
2026-05-20 20:55:00,3.00,37.5,32.1,60.4,69.6
2026-05-20 20:55:15,3.00,41.2,32.0,60.4,69.6
2026-05-20 20:55:30,2.98,43.4,32.0,60.4,69.6
2026-05-20 20:55:45,3.02,41.3,32.3,60.3,69.6
2026-05-20 20:56:00,2.99,37.8,32.4,60.2,69.6
2026-05-20 20:56:15,2.99,34.5,32.6,60.2,69.6
2026-05-20 20:56:30,3.01,35.0,33.1,60.1,69.6
2026-05-20 20:56:45,3.00,35.6,33.1,60.1,69.6
2026-05-20 20:57:00,3.00,42.2,33.2,60.1,69.6
2026-05-20 20:57:15,3.00,44.4,33.2,60.1,69.7
2026-05-20 20:57:30,3.01,39.3,33.2,60.1,69.7
2026-05-20 20:57:45,3.00,44.9,33.1,60.2,69.7
2026-05-20 20:58:00,3.00,46.4,33.0,60.3,69.7
2026-05-20 20:58:15,3.01,43.2,32.9,60.3,69.7
2026-05-20 20:58:30,3.00,42.3,32.8,60.3,69.7
2026-05-20 20:58:45,3.00,34.4,32.7,60.3,69.7
2026-05-20 20:59:00,3.00,41.6,32.7,60.3,69.7
2026-05-20 20:59:15,3.00,44.4,32.5,60.4,69.7
2026-05-20 20:59:30,3.00,38.5,32.4,60.4,69.7
2026-05-20 20:59:45,3.00,42.9,32.4,60.4,69.7
2026-05-20 21:00:00,2.98,37.4,32.3,60.4,69.7
2026-05-20 21:00:15,3.01,37.3,32.7,60.3,69.7
2026-05-20 21:00:30,3.00,41.6,32.7,60.3,69.7
2026-05-20 21:00:45,3.00,41.3,33.0,60.2,69.7
2026-05-20 21:01:00,3.01,41.7,33.4,60.1,69.7
2026-05-20 21:01:15,3.00,39.6,33.4,60.1,69.7
2026-05-20 21:01:30,3.01,38.0,33.5,60.1,69.7
2026-05-20 21:01:45,3.01,32.6,33.5,60.1,69.7
2026-05-20 21:02:00,3.01,40.4,33.4,60.1,69.7
2026-05-20 21:02:15,3.01,43.2,33.3,60.2,69.8
2026-05-20 21:02:30,3.00,46.4,33.1,60.3,69.8
2026-05-20 21:02:45,3.00,33.2,32.9,60.3,69.8
2026-05-20 21:03:00,3.01,44.4,32.8,60.3,69.7
2026-05-20 21:03:15,3.00,35.0,32.7,60.3,69.7
2026-05-20 21:03:30,3.02,43.2,32.6,60.4,69.7
2026-05-20 21:03:45,3.00,42.8,32.4,60.4,69.7
2026-05-20 21:04:00,3.00,35.4,32.2,60.4,69.7
2026-05-20 21:04:15,2.99,42.9,32.3,60.4,69.7
2026-05-20 21:04:30,3.00,42.1,32.5,60.3,69.7
2026-05-20 21:04:45,3.01,39.2,32.9,60.3,69.7
2026-05-20 21:05:00,3.01,41.9,33.0,60.2,69.7
2026-05-20 21:05:15,3.00,41.1,33.3,60.1,69.7
2026-05-20 21:05:30,2.99,40.6,33.2,60.1,69.7
2026-05-20 21:05:45,3.01,32.9,33.6,60.1,69.7
2026-05-20 21:06:00,3.00,37.0,33.4,60.2,69.7
2026-05-20 21:06:15,3.01,44.4,33.4,60.1,69.7
2026-05-20 21:06:30,2.99,37.6,33.2,60.2,69.7
2026-05-20 21:06:45,3.01,42.9,33.2,60.2,69.8
2026-05-20 21:07:00,3.01,45.9,33.2,60.3,69.7
2026-05-20 21:07:15,3.00,42.5,32.9,60.3,69.8
2026-05-20 21:07:30,3.01,43.7,32.7,60.4,69.7
2026-05-20 21:07:45,3.00,34.4,32.5,60.4,69.7
2026-05-20 21:08:00,3.00,35.3,32.4,60.4,69.7
2026-05-20 21:08:15,3.00,44.7,32.3,60.4,69.7
2026-05-20 21:08:30,3.00,41.7,32.4,60.4,69.7
2026-05-20 21:08:45,3.00,39.4,32.5,60.3,69.7
2026-05-20 21:09:00,3.00,44.9,32.8,60.3,69.7
2026-05-20 21:09:15,3.00,37.6,33.0,60.2,69.7
2026-05-20 21:09:30,3.01,44.6,33.3,60.1,69.7
2026-05-20 21:09:45,3.01,39.5,33.5,60.1,69.7
2026-05-20 21:10:00,3.01,43.4,33.5,60.1,69.7
2026-05-20 21:10:15,3.01,36.1,33.5,60.1,69.7
2026-05-20 21:10:30,3.01,39.7,33.4,60.1,69.8
2026-05-20 21:10:45,3.00,44.4,33.2,60.2,69.8
2026-05-20 21:11:00,3.00,40.6,33.0,60.3,69.7
2026-05-20 21:11:15,3.00,38.0,32.9,60.3,69.8
2026-05-20 21:11:30,3.00,41.4,32.7,60.3,69.7
2026-05-20 21:11:45,3.02,43.2,32.6,60.4,69.7
2026-05-20 21:12:00,3.00,43.1,32.3,60.4,69.7
2026-05-20 21:12:15,3.01,42.4,32.2,60.4,69.7
2026-05-20 21:12:30,3.00,42.5,32.1,60.4,69.6
2026-05-20 21:12:45,3.00,36.1,32.1,60.4,69.6
2026-05-20 21:13:00,3.00,28.6,32.3,60.4,69.6
2026-05-20 21:13:15,3.00,45.6,32.5,60.3,69.6
2026-05-20 21:13:30,3.00,35.1,32.8,60.2,69.7
2026-05-20 21:13:45,3.01,37.4,33.2,60.1,69.7
2026-05-20 21:14:00,3.01,40.4,33.4,60.1,69.7
2026-05-20 21:14:15,3.00,43.6,33.4,60.1,69.7
2026-05-20 21:14:30,3.01,34.6,33.3,60.1,69.7
2026-05-20 21:14:45,3.00,41.3,33.3,60.2,69.7
2026-05-20 21:15:00,3.01,40.2,33.1,60.2,69.7
2026-05-20 21:15:15,3.02,29.4,33.1,60.2,69.7
2026-05-20 21:15:30,3.03,45.9,33.1,60.3,69.7
2026-05-20 21:15:45,3.04,39.3,33.0,60.4,69.7
2026-05-20 21:16:00,3.05,38.8,32.9,60.3,69.7
2026-05-20 21:16:15,3.05,32.9,32.8,60.4,69.7
2026-05-20 21:16:30,3.07,46.2,32.8,60.4,69.6
2026-05-20 21:16:45,3.07,44.4,32.8,60.4,69.7
2026-05-20 21:17:00,3.08,43.1,32.8,60.4,69.6
2026-05-20 21:17:15,3.08,31.1,33.0,60.3,69.6
2026-05-20 21:17:30,3.07,40.4,33.2,60.3,69.6
2026-05-20 21:17:45,3.09,39.6,33.4,60.3,69.6
2026-05-20 21:18:00,3.08,40.1,33.7,60.2,69.6
2026-05-20 21:18:15,3.09,46.4,34.0,60.1,69.6
2026-05-20 21:18:30,3.08,43.4,34.0,60.1,69.6
2026-05-20 21:18:45,3.09,42.9,34.0,60.1,69.6
2026-05-20 21:19:00,3.09,36.0,34.0,60.2,69.6
2026-05-20 21:19:15,3.10,43.1,33.8,60.2,69.6
2026-05-20 21:19:30,3.11,39.2,33.7,60.3,69.6
2026-05-20 21:19:45,3.12,36.1,33.6,60.3,69.6
2026-05-20 21:20:00,3.12,46.4,33.4,60.4,69.6
2026-05-20 21:20:15,3.14,41.3,33.3,60.4,69.5
2026-05-20 21:20:30,3.13,43.2,33.2,60.4,69.5
2026-05-20 21:20:45,3.14,37.8,33.1,60.4,69.5
2026-05-20 21:21:00,3.15,40.5,33.1,60.4,69.5
2026-05-20 21:21:15,3.14,41.1,33.1,60.4,69.5
2026-05-20 21:21:30,3.14,39.9,33.2,60.4,69.5
2026-05-20 21:21:45,3.15,43.0,33.5,60.3,69.5
2026-05-20 21:22:00,3.14,43.4,33.8,60.2,69.5
2026-05-20 21:22:15,3.15,43.1,34.1,60.1,69.5
2026-05-20 21:22:30,3.14,41.2,34.3,60.2,69.5
2026-05-20 21:22:45,3.14,37.7,34.3,60.1,69.6
2026-05-20 21:23:00,3.14,41.6,34.4,60.2,69.6
2026-05-20 21:23:15,3.15,42.2,34.2,60.2,69.6
2026-05-20 21:23:30,3.15,41.9,34.1,60.3,69.5
2026-05-20 21:23:45,3.16,38.2,34.0,60.3,69.5
2026-05-20 21:24:00,3.15,41.7,33.9,60.3,69.6
2026-05-20 21:24:15,3.17,39.6,33.7,60.4,69.5
2026-05-20 21:24:30,3.16,38.6,33.5,60.4,69.5
2026-05-20 21:24:45,3.17,44.8,33.4,60.3,69.4
2026-05-20 21:25:00,3.17,44.3,33.4,60.3,69.5
2026-05-20 21:25:15,3.19,41.3,33.6,60.4,69.5
2026-05-20 21:25:30,3.19,36.3,33.7,60.4,69.5
2026-05-20 21:25:45,3.19,39.0,33.8,60.3,69.5
2026-05-20 21:26:00,3.19,40.2,34.0,60.3,69.5
2026-05-20 21:26:15,3.19,35.7,34.3,60.2,69.5
2026-05-20 21:26:30,3.18,41.6,34.4,60.2,69.5
2026-05-20 21:26:45,3.18,41.7,34.5,60.1,69.5
2026-05-20 21:27:00,3.19,39.3,34.5,60.2,69.5
2026-05-20 21:27:15,3.18,36.6,34.4,60.2,69.5
2026-05-20 21:27:30,3.18,41.2,34.2,60.2,69.5
2026-05-20 21:27:45,3.19,39.5,34.0,60.3,69.5
2026-05-20 21:28:00,3.18,46.0,34.0,60.3,69.5
2026-05-20 21:28:15,3.18,42.8,33.9,60.3,69.5
2026-05-20 21:28:30,3.19,43.5,33.8,60.3,69.5
2026-05-20 21:28:45,3.19,41.6,33.8,60.4,69.5
2026-05-20 21:29:00,3.19,42.0,33.6,60.4,69.5
2026-05-20 21:29:15,3.19,44.8,33.6,60.4,69.5
2026-05-20 21:29:30,3.18,39.3,33.6,60.4,69.5
2026-05-20 21:29:45,3.19,45.9,33.6,60.4,69.5
2026-05-20 21:30:00,3.19,44.9,33.8,60.4,69.5
2026-05-20 21:30:15,3.19,37.4,34.1,60.3,69.5
2026-05-20 21:30:30,3.19,43.2,34.4,60.2,69.5
2026-05-20 21:30:45,3.19,43.1,34.6,60.2,69.6
2026-05-20 21:31:00,3.17,43.2,34.8,60.2,69.6
2026-05-20 21:31:15,3.18,42.8,34.9,60.2,69.6
2026-05-20 21:31:30,3.19,42.0,34.9,60.2,69.6
2026-05-20 21:31:45,3.18,39.7,34.8,60.2,69.6
2026-05-20 21:32:00,3.18,40.3,34.4,60.3,69.6
2026-05-20 21:32:15,3.18,40.9,34.2,60.3,69.6
2026-05-20 21:32:30,3.19,46.2,34.0,60.4,69.6
2026-05-20 21:32:45,3.19,39.9,33.8,60.4,69.6
2026-05-20 21:33:00,3.19,40.6,33.6,60.5,69.5
2026-05-20 21:33:15,3.19,39.4,33.6,60.5,69.6
2026-05-20 21:33:30,3.18,44.3,33.7,60.5,69.6
2026-05-20 21:33:45,3.18,44.8,33.8,60.4,69.5
2026-05-20 21:34:00,3.18,43.7,33.9,60.4,69.6
2026-05-20 21:34:15,3.19,46.2,34.0,60.4,69.6
2026-05-20 21:34:30,3.18,36.0,34.3,60.3,69.6
2026-05-20 21:34:45,3.18,46.0,34.5,60.2,69.6
2026-05-20 21:35:00,3.18,43.4,34.7,60.2,69.6
2026-05-20 21:35:15,3.19,46.3,34.8,60.2,69.6
2026-05-20 21:35:30,3.18,43.7,34.9,60.2,69.6
2026-05-20 21:35:45,3.18,42.7,35.0,60.2,69.7
2026-05-20 21:36:00,3.19,45.3,35.0,60.2,69.6
2026-05-20 21:36:15,3.05,38.1,33.6,60.2,69.7
2026-05-20 21:36:30,2.96,41.6,32.3,60.3,69.6
2026-05-20 21:36:45,2.96,41.2,32.0,60.3,69.7
2026-05-20 21:37:00,2.98,43.6,32.1,60.4,69.6
2026-05-20 21:37:15,2.99,42.9,32.1,60.4,69.7
2026-05-20 21:37:30,2.98,39.2,31.9,60.5,69.7
2026-05-20 21:37:45,3.00,46.3,31.9,60.5,69.7
2026-05-20 21:38:00,2.99,41.2,32.2,60.4,69.8
2026-05-20 21:38:15,3.00,44.7,32.7,60.4,69.8
2026-05-20 21:38:30,3.00,44.7,33.0,60.3,69.8
2026-05-20 21:38:45,2.98,44.8,33.4,60.2,69.8
2026-05-20 21:39:00,3.00,42.4,33.8,60.1,69.9
2026-05-20 21:39:15,3.00,41.3,34.1,60.1,69.9
2026-05-20 21:39:30,3.00,37.9,34.3,60.1,69.9
2026-05-20 21:39:45,2.98,43.2,34.2,60.1,69.9
2026-05-20 21:40:00,2.98,43.7,34.1,60.1,70.0
2026-05-20 21:40:15,3.01,34.9,34.0,60.2,70.0
2026-05-20 21:40:30,3.00,38.2,33.8,60.3,69.9
2026-05-20 21:40:45,3.00,43.0,33.6,60.3,70.0
2026-05-20 21:41:00,3.00,37.4,33.5,60.3,70.0
2026-05-20 21:41:15,3.00,42.1,33.2,60.4,69.9
2026-05-20 21:41:30,3.00,42.0,32.9,60.4,69.9
2026-05-20 21:41:45,2.99,44.7,32.9,60.4,69.9
2026-05-20 21:42:00,2.99,36.3,32.8,60.4,69.9
2026-05-20 21:42:15,3.00,33.5,32.8,60.4,69.9
2026-05-20 21:42:30,3.00,36.7,32.7,60.5,69.8
2026-05-20 21:42:45,2.99,41.1,32.7,60.4,69.9
2026-05-20 21:43:00,2.99,42.6,32.7,60.4,69.8
2026-05-20 21:43:15,2.99,38.7,32.7,60.4,69.8
2026-05-20 21:43:30,2.99,41.9,32.8,60.4,69.8
2026-05-20 21:43:45,2.99,44.6,32.8,60.4,69.8
2026-05-20 21:44:00,2.99,41.9,33.0,60.3,69.9
2026-05-20 21:44:15,2.99,43.2,33.3,60.3,69.8
2026-05-20 21:44:30,3.00,37.9,33.4,60.2,69.9
2026-05-20 21:44:45,3.00,34.6,33.6,60.2,69.9
2026-05-20 21:45:00,3.00,37.1,33.6,60.2,69.9
2026-05-20 21:45:15,3.00,37.0,33.5,60.2,69.9
2026-05-20 21:45:30,2.99,42.0,33.5,60.3,69.9
2026-05-20 21:45:45,3.00,44.8,33.4,60.3,69.9
2026-05-20 21:46:00,3.00,36.2,33.3,60.3,69.9
2026-05-20 21:46:15,2.99,45.1,33.3,60.3,69.9
2026-05-20 21:46:30,3.00,44.3,33.3,60.3,69.9
2026-05-20 21:46:45,3.00,43.2,33.2,60.3,69.8
2026-05-20 21:47:00,2.99,34.4,33.2,60.2,69.9
2026-05-20 21:47:15,3.00,46.7,33.2,60.3,69.8
2026-05-20 21:47:30,2.99,38.6,32.9,60.3,69.8
2026-05-20 21:47:45,2.99,40.3,32.7,60.3,69.8
2026-05-20 21:48:00,2.97,37.7,32.3,60.4,69.8
2026-05-20 21:48:15,2.96,35.6,32.0,60.5,69.8
2026-05-20 21:48:30,2.96,39.7,31.8,60.5,69.8
2026-05-20 21:48:45,2.95,41.6,31.6,60.5,69.7
2026-05-20 21:49:00,2.94,43.2,31.7,60.5,69.8
2026-05-20 21:49:15,2.93,39.4,31.8,60.4,69.8
2026-05-20 21:49:30,2.90,34.7,31.8,60.3,69.8
2026-05-20 21:49:45,2.90,43.4,32.1,60.3,69.8
2026-05-20 21:50:00,2.88,42.5,32.1,60.2,69.9
2026-05-20 21:50:15,2.88,38.8,32.1,60.2,69.8
2026-05-20 21:50:30,2.88,36.5,32.2,60.2,69.9
2026-05-20 21:50:45,2.87,36.9,32.3,60.2,69.9
2026-05-20 21:51:00,2.88,37.8,32.2,60.2,69.9
2026-05-20 21:51:15,2.86,29.3,32.1,60.3,69.9
2026-05-20 21:51:30,2.86,40.9,31.9,60.3,69.9
2026-05-20 21:51:45,2.85,33.7,31.8,60.3,69.9
2026-05-20 21:52:00,2.84,40.5,31.6,60.3,69.8
2026-05-20 21:52:15,2.84,41.3,31.4,60.3,69.9
2026-05-20 21:52:30,2.84,42.4,31.2,60.3,69.8
2026-05-20 21:52:45,2.83,43.1,31.2,60.3,69.8
2026-05-20 21:53:00,2.81,39.7,30.8,60.3,69.8
2026-05-20 21:53:15,2.82,43.5,31.0,60.4,69.8
2026-05-20 21:53:30,2.81,41.1,30.8,60.4,69.8
2026-05-20 21:53:45,2.81,46.3,30.6,60.4,69.8
2026-05-20 21:54:00,2.81,44.7,30.6,60.5,69.8
2026-05-20 21:54:15,2.77,37.0,30.3,60.4,69.9
2026-05-20 21:54:30,2.77,34.7,30.4,60.4,70.0
2026-05-20 21:54:45,2.76,36.9,30.6,60.3,69.9
2026-05-20 21:55:00,2.76,46.1,30.7,60.2,69.8
2026-05-20 21:55:15,2.75,41.7,30.8,60.2,69.9
2026-05-20 21:55:30,2.74,45.4,31.0,60.1,70.0
2026-05-20 21:55:45,2.74,36.6,31.0,60.1,69.9
2026-05-20 21:56:00,2.74,38.1,30.9,60.2,69.9
2026-05-20 21:56:15,2.74,35.3,30.8,60.2,69.9
2026-05-20 21:56:30,2.74,44.5,30.7,60.2,69.9
2026-05-20 21:56:45,2.73,36.6,30.6,60.3,69.9
2026-05-20 21:57:00,2.73,30.6,30.5,60.3,69.9
2026-05-20 21:57:15,2.73,37.3,30.5,60.3,69.9
2026-05-20 21:57:30,2.71,32.1,30.3,60.3,69.8
2026-05-20 21:57:45,2.71,36.5,30.2,60.2,69.8
2026-05-20 21:58:00,2.71,40.4,30.0,60.3,69.9
2026-05-20 21:58:15,2.70,44.8,30.0,60.3,69.9
2026-05-20 21:58:30,2.70,38.6,29.9,60.4,69.9
2026-05-20 21:58:45,2.70,37.6,29.7,60.4,69.9
2026-05-20 21:59:00,2.70,40.5,29.5,60.4,69.9
2026-05-20 21:59:15,2.68,38.4,29.4,60.4,69.9
2026-05-20 21:59:30,2.68,35.1,29.2,60.4,69.8
2026-05-20 21:59:45,2.66,37.8,29.1,60.5,69.8
2026-05-20 22:00:00,2.65,34.3,29.0,60.4,69.8
2026-05-20 22:00:15,2.63,42.9,28.9,60.4,69.9
2026-05-20 22:00:30,2.64,36.6,29.1,60.3,69.9
2026-05-20 22:00:45,2.64,32.0,29.3,60.3,69.9
2026-05-20 22:01:00,2.63,36.3,29.4,60.2,69.9
2026-05-20 22:01:15,2.64,39.2,29.7,60.2,69.9
2026-05-20 22:01:30,2.65,28.4,29.8,60.2,69.9
2026-05-20 22:01:45,2.63,31.1,29.6,60.2,69.9
2026-05-20 22:02:00,2.65,26.8,29.5,60.3,69.9
2026-05-20 22:02:15,2.64,36.1,29.4,60.3,69.9
2026-05-20 22:02:30,2.62,40.8,29.1,60.4,69.9
2026-05-20 22:02:45,2.64,40.1,29.2,60.4,69.9
2026-05-20 22:03:00,2.63,32.3,29.2,60.4,70.0
2026-05-20 22:03:15,2.63,31.6,29.1,60.4,69.9
2026-05-20 22:03:30,2.62,31.7,29.0,60.4,70.0
2026-05-20 22:03:45,2.61,36.5,28.7,60.5,70.0
2026-05-20 22:04:00,2.61,36.9,28.5,60.5,69.9
2026-05-20 22:04:15,2.60,39.4,28.2,60.5,69.8
2026-05-20 22:04:30,2.61,36.0,28.0,60.6,69.8
2026-05-20 22:04:45,2.61,30.6,27.9,60.6,69.8
2026-05-20 22:05:00,2.60,36.7,27.8,60.5,69.8
2026-05-20 22:05:15,2.59,37.1,27.8,60.6,69.8
2026-05-20 22:05:30,2.57,34.7,27.6,60.6,69.8
2026-05-20 22:05:45,2.56,28.9,27.5,60.5,69.8
2026-05-20 22:06:00,2.57,31.5,27.8,60.5,69.8
2026-05-20 22:06:15,2.57,33.8,27.9,60.4,69.8
2026-05-20 22:06:30,2.56,31.9,28.1,60.4,69.8
2026-05-20 22:06:45,2.56,34.9,28.4,60.3,69.9
2026-05-20 22:07:00,2.57,37.2,28.5,60.3,69.8
2026-05-20 22:07:15,2.56,39.6,28.6,60.3,69.9
2026-05-20 22:07:30,2.56,31.7,28.5,60.3,69.9
2026-05-20 22:07:45,2.56,31.5,28.5,60.3,69.8
2026-05-20 22:08:00,2.57,38.5,28.5,60.3,69.9
2026-05-20 22:08:15,2.56,30.9,28.4,60.4,69.9
2026-05-20 22:08:30,2.56,33.7,28.3,60.4,69.9
2026-05-20 22:08:45,2.56,34.3,28.1,60.4,69.9
2026-05-20 22:09:00,2.55,32.8,28.0,60.4,69.8
2026-05-20 22:09:15,2.57,33.4,28.1,60.4,69.8
2026-05-20 22:09:30,2.57,32.1,28.0,60.4,69.8
2026-05-20 22:09:45,2.55,36.6,28.0,60.4,69.8
2026-05-20 22:10:00,2.53,35.7,27.7,60.4,69.8
2026-05-20 22:10:15,2.55,39.9,27.6,60.5,69.8
2026-05-20 22:10:30,2.54,33.9,27.4,60.5,69.7
2026-05-20 22:10:45,2.54,32.6,27.3,60.5,69.7
2026-05-20 22:11:00,2.53,31.5,27.0,60.5,69.7
2026-05-20 22:11:15,2.53,41.2,26.9,60.5,69.7
2026-05-20 22:11:30,2.53,30.7,27.0,60.6,69.7
2026-05-20 22:11:45,2.54,36.7,27.2,60.5,69.7
2026-05-20 22:12:00,2.53,29.8,27.2,60.5,69.7
2026-05-20 22:12:15,2.52,35.4,27.4,60.4,69.7
2026-05-20 22:12:30,2.53,39.1,27.7,60.3,69.7
2026-05-20 22:12:45,2.54,31.6,28.1,60.2,69.7
2026-05-20 22:13:00,2.53,32.7,28.1,60.1,69.7
2026-05-20 22:13:15,2.53,34.3,28.3,60.1,69.8
2026-05-20 22:13:30,2.53,30.6,28.3,60.1,69.8
2026-05-20 22:13:45,2.53,27.0,28.4,60.1,69.8
2026-05-20 22:14:00,2.55,34.6,28.5,60.1,69.8
2026-05-20 22:14:15,2.54,32.9,28.2,60.2,69.8
2026-05-20 22:14:30,2.54,34.8,28.2,60.2,69.7
2026-05-20 22:14:45,2.54,26.0,27.8,60.3,69.7
2026-05-20 22:15:00,2.55,34.7,27.9,60.4,69.7
2026-05-20 22:15:15,2.55,30.5,27.5,60.4,69.7
2026-05-20 22:15:30,2.54,37.6,27.2,60.5,69.7
2026-05-20 22:15:45,2.54,34.4,26.9,60.5,69.6
2026-05-20 22:16:00,2.52,32.7,26.6,60.5,69.6
2026-05-20 22:16:15,2.55,31.6,26.8,60.6,69.6
2026-05-20 22:16:30,2.53,35.3,26.7,60.5,69.6
2026-05-20 22:16:45,2.53,34.9,26.7,60.5,69.6
2026-05-20 22:17:00,2.52,35.6,26.7,60.5,69.6
2026-05-20 22:17:15,2.54,34.1,26.7,60.5,69.6
2026-05-20 22:17:30,2.52,36.1,26.8,60.5,69.6
2026-05-20 22:17:45,2.54,40.6,26.9,60.5,69.6
2026-05-20 22:18:00,2.54,37.9,26.9,60.5,69.6
2026-05-20 22:18:15,2.54,25.6,27.0,60.4,69.6
2026-05-20 22:18:30,2.53,30.5,27.0,60.4,69.6
2026-05-20 22:18:45,2.52,37.8,26.9,60.5,69.6
2026-05-20 22:19:00,2.53,35.5,27.1,60.4,69.7
2026-05-20 22:19:15,2.54,37.4,27.3,60.4,69.6
2026-05-20 22:19:30,2.55,33.9,27.5,60.3,69.7
2026-05-20 22:19:45,2.54,36.2,27.9,60.2,69.7
2026-05-20 22:20:00,2.55,35.3,28.0,60.2,69.7
2026-05-20 22:20:15,2.56,30.0,28.0,60.2,69.7
2026-05-20 22:20:30,2.54,34.9,27.9,60.3,69.7
2026-05-20 22:20:45,2.55,37.3,27.6,60.3,69.7
2026-05-20 22:21:00,2.56,35.9,27.5,60.3,69.7
2026-05-20 22:21:15,2.55,33.2,27.4,60.4,69.7
2026-05-20 22:21:30,2.55,34.0,27.2,60.4,69.7
2026-05-20 22:21:45,2.53,36.8,27.0,60.4,69.7
2026-05-20 22:22:00,2.57,33.0,27.1,60.5,69.6
2026-05-20 22:22:15,2.54,36.4,26.8,60.5,69.6
2026-05-20 22:22:30,2.55,32.3,26.6,60.5,69.6
2026-05-20 22:22:45,2.54,31.9,26.7,60.5,69.6
2026-05-20 22:23:00,2.54,37.4,26.4,60.5,69.6
2026-05-20 22:23:15,2.54,32.4,26.6,60.5,69.6
2026-05-20 22:23:30,2.54,33.1,26.5,60.5,69.5
2026-05-20 22:23:45,2.53,30.1,26.6,60.5,69.5
2026-05-20 22:24:00,2.54,35.6,26.6,60.5,69.6
2026-05-20 22:24:15,2.54,34.8,26.7,60.5,69.6
2026-05-20 22:24:30,2.55,36.7,26.8,60.5,69.6
2026-05-20 22:24:45,2.54,35.1,26.8,60.4,69.6
2026-05-20 22:25:00,2.54,35.6,26.9,60.4,69.6
2026-05-20 22:25:15,2.54,36.6,26.9,60.4,69.6
2026-05-20 22:25:30,2.54,37.8,27.1,60.4,69.6
2026-05-20 22:25:45,2.55,30.5,27.4,60.3,69.6
2026-05-20 22:26:00,2.53,40.9,27.4,60.3,69.6
2026-05-20 22:26:15,2.54,37.9,27.6,60.2,69.6
2026-05-20 22:26:30,2.55,32.5,27.7,60.2,69.6
2026-05-20 22:26:45,2.55,37.9,27.7,60.2,69.6
2026-05-20 22:27:00,2.56,33.2,27.6,60.3,69.6
2026-05-20 22:27:15,2.56,36.4,27.5,60.4,69.7
2026-05-20 22:27:30,2.56,35.9,27.1,60.5,69.6
2026-05-20 22:27:45,2.55,33.4,26.6,60.7,69.6
2026-05-20 22:28:00,2.57,38.6,26.3,60.7,69.5
2026-05-20 22:28:15,2.57,30.5,25.8,60.8,69.6
2026-05-20 22:28:30,2.56,26.9,25.6,60.9,69.5
2026-05-20 22:28:45,2.57,35.1,25.6,60.9,69.5
2026-05-20 22:29:00,2.58,34.1,25.6,60.9,69.5
2026-05-20 22:29:15,2.55,33.0,25.5,60.8,69.5
2026-05-20 22:29:30,2.57,37.1,25.6,60.8,69.5
2026-05-20 22:29:45,2.57,32.7,25.7,60.8,69.5
2026-05-20 22:30:00,2.55,31.8,25.9,60.7,69.5
2026-05-20 22:30:15,2.54,33.2,26.0,60.6,69.5
2026-05-20 22:30:30,2.56,33.2,26.3,60.6,69.5
2026-05-20 22:30:45,2.56,29.0,26.7,60.5,69.5
2026-05-20 22:31:00,2.55,31.7,26.9,60.4,69.6
2026-05-20 22:31:15,2.54,27.1,27.1,60.4,69.6
2026-05-20 22:31:30,2.55,35.5,27.4,60.3,69.6
2026-05-20 22:31:45,2.56,32.5,27.6,60.3,69.6
2026-05-20 22:32:00,2.56,32.4,27.7,60.2,69.6
2026-05-20 22:32:15,2.55,31.5,27.8,60.2,69.6
2026-05-20 22:32:30,2.55,37.4,27.8,60.2,69.6
2026-05-20 22:32:45,2.54,31.2,27.6,60.2,69.6
2026-05-20 22:33:00,2.54,39.0,27.6,60.2,69.6
2026-05-20 22:33:15,2.53,31.9,27.7,60.2,69.6
2026-05-20 22:33:30,2.52,35.3,27.6,60.2,69.5
2026-05-20 22:33:45,2.51,35.8,27.6,60.1,69.5
2026-05-20 22:34:00,2.52,25.8,27.7,60.1,69.5
2026-05-20 22:34:15,2.50,35.8,27.5,60.0,69.6
2026-05-20 22:34:30,2.51,35.0,27.5,60.0,69.5
2026-05-20 22:34:45,2.49,30.5,27.4,60.1,69.5
2026-05-20 22:35:00,2.51,35.0,27.5,60.0,69.5
2026-05-20 22:35:15,2.51,33.9,27.3,60.1,69.5
2026-05-20 22:35:30,2.51,37.3,27.2,60.1,69.4
2026-05-20 22:35:45,2.51,30.8,27.2,60.1,69.3
2026-05-20 22:36:00,2.50,32.2,26.9,60.1,69.3
2026-05-20 22:36:15,2.52,34.4,26.9,60.1,69.3
2026-05-20 22:36:30,2.52,34.7,27.0,60.1,69.3
2026-05-20 22:36:45,2.54,32.7,27.1,60.1,69.4
2026-05-20 22:37:00,2.53,36.0,27.0,60.1,69.4
2026-05-20 22:37:15,2.52,37.4,26.9,60.1,69.3
2026-05-20 22:37:30,2.56,34.4,27.3,60.1,69.3
2026-05-20 22:37:45,2.53,33.1,27.0,60.1,69.3
2026-05-20 22:38:00,2.55,31.6,27.1,60.1,69.3
2026-05-20 22:38:15,2.53,33.2,26.9,60.2,69.3
2026-05-20 22:38:30,2.57,37.1,27.0,60.2,69.4
2026-05-20 22:38:45,2.56,34.9,26.9,60.3,69.4
2026-05-20 22:39:00,2.54,38.7,26.7,60.3,69.4
2026-05-20 22:39:15,2.56,33.4,26.8,60.3,69.3
2026-05-20 22:39:30,2.55,31.0,26.8,60.3,69.3
2026-05-20 22:39:45,2.57,36.7,26.9,60.3,69.3
2026-05-20 22:40:00,2.55,35.4,26.7,60.3,69.4
2026-05-20 22:40:15,2.57,36.2,26.7,60.3,69.3
2026-05-20 22:40:30,2.55,29.4,26.4,60.4,69.3
2026-05-20 22:40:45,2.57,37.7,26.5,60.4,69.3
2026-05-20 22:41:00,2.56,43.3,26.5,60.4,69.3
2026-05-20 22:41:15,2.55,36.7,26.5,60.4,69.3
2026-05-20 22:41:30,2.55,34.0,26.6,60.3,69.3
2026-05-20 22:41:45,2.56,36.7,26.9,60.3,69.3
2026-05-20 22:42:00,2.56,37.7,26.9,60.3,69.3
2026-05-20 22:42:15,2.54,41.3,26.9,60.3,69.4
2026-05-20 22:42:30,2.56,32.1,27.0,60.3,69.4
2026-05-20 22:42:45,2.55,39.9,27.0,60.2,69.4
2026-05-20 22:43:00,2.56,35.6,27.2,60.2,69.3
2026-05-20 22:43:15,2.56,32.9,27.2,60.2,69.4
2026-05-20 22:43:30,2.54,31.3,27.2,60.3,69.4
2026-05-20 22:43:45,2.55,42.4,27.0,60.2,69.4
2026-05-20 22:44:00,2.56,38.2,27.1,60.2,69.4
2026-05-20 22:44:15,2.55,32.8,27.0,60.3,69.4
2026-05-20 22:44:30,2.55,29.4,26.9,60.3,69.5
2026-05-20 22:44:45,2.55,31.3,26.9,60.3,69.4
2026-05-20 22:45:00,2.57,25.7,26.9,60.3,69.4
2026-05-20 22:45:15,2.54,25.2,26.7,60.4,69.5
2026-05-20 22:45:30,2.55,35.7,26.6,60.4,69.4
2026-05-20 22:45:45,2.55,34.2,26.7,60.4,69.3
2026-05-20 22:46:00,2.56,36.8,26.7,60.4,69.4
2026-05-20 22:46:15,2.53,41.5,26.5,60.4,69.4
2026-05-20 22:46:30,2.55,36.4,26.4,60.4,69.4
2026-05-20 22:46:45,2.54,42.7,26.5,60.4,69.4
2026-05-20 22:47:00,2.53,34.8,26.4,60.5,69.4
2026-05-20 22:47:15,2.54,39.1,26.4,60.4,69.4
2026-05-20 22:47:30,2.54,41.7,26.4,60.5,69.4
2026-05-20 22:47:45,2.55,39.4,26.6,60.5,69.5
2026-05-20 22:48:00,2.54,36.9,26.6,60.4,69.4
2026-05-20 22:48:15,2.53,26.2,26.5,60.4,69.4
2026-05-20 22:48:30,2.53,39.5,26.7,60.4,69.5
2026-05-20 22:48:45,2.55,36.5,26.8,60.4,69.4
2026-05-20 22:49:00,2.54,32.5,27.0,60.3,69.5
2026-05-20 22:49:15,2.52,37.8,26.9,60.3,69.5
2026-05-20 22:49:30,2.52,33.5,27.2,60.3,69.5
2026-05-20 22:49:45,2.54,41.0,27.4,60.2,69.5
2026-05-20 22:50:00,2.55,40.7,27.7,60.1,69.6
2026-05-20 22:50:15,2.55,36.5,27.8,60.1,69.5
2026-05-20 22:50:30,2.54,37.3,27.9,60.1,69.6
2026-05-20 22:50:45,2.55,25.0,27.7,60.1,69.5
2026-05-20 22:51:00,2.57,40.0,27.9,60.1,69.5
2026-05-20 22:51:15,2.55,39.1,27.6,60.2,69.5
2026-05-20 22:51:30,2.56,35.8,27.3,60.2,69.5
2026-05-20 22:51:45,2.54,33.4,27.2,60.3,69.5
2026-05-20 22:52:00,2.54,36.1,26.9,60.3,69.5
2026-05-20 22:52:15,2.55,30.8,26.7,60.4,69.4
2026-05-20 22:52:30,2.55,37.5,26.7,60.4,69.4
2026-05-20 22:52:45,2.56,32.3,26.7,60.4,69.3
2026-05-20 22:53:00,2.54,32.1,26.5,60.3,69.3
2026-05-20 22:53:15,2.56,37.0,26.6,60.4,69.4
2026-05-20 22:53:30,2.55,29.7,26.6,60.4,69.3
2026-05-20 22:53:45,2.55,37.3,26.5,60.3,69.4
2026-05-20 22:54:00,2.56,36.0,26.6,60.4,69.4
2026-05-20 22:54:15,2.56,34.5,26.7,60.3,69.4
2026-05-20 22:54:30,2.55,31.0,26.5,60.4,69.4
2026-05-20 22:54:45,2.56,37.0,26.7,60.4,69.4
2026-05-20 22:55:00,2.55,38.7,26.6,60.3,69.4
2026-05-20 22:55:15,2.56,36.7,26.8,60.3,69.4
2026-05-20 22:55:30,2.55,31.4,26.8,60.3,69.4
2026-05-20 22:55:45,2.55,36.5,26.9,60.3,69.4
2026-05-20 22:56:00,2.54,26.6,26.9,60.3,69.4
2026-05-20 22:56:15,2.54,35.0,26.9,60.3,69.4
2026-05-20 22:56:30,2.55,31.4,27.0,60.3,69.4
2026-05-20 22:56:45,2.55,33.6,27.1,60.3,69.4
2026-05-20 22:57:00,2.54,32.3,27.1,60.2,69.4
2026-05-20 22:57:15,2.56,36.2,27.2,60.2,69.4
2026-05-20 22:57:30,2.55,32.9,27.3,60.2,69.4
2026-05-20 22:57:45,2.54,40.7,27.0,60.3,69.4
2026-05-20 22:58:00,2.56,37.9,27.0,60.3,69.4
2026-05-20 22:58:15,2.54,37.2,26.8,60.4,69.4
2026-05-20 22:58:30,2.58,36.2,27.0,60.3,69.4
2026-05-20 22:58:45,2.54,37.4,26.9,60.3,69.4
2026-05-20 22:59:00,2.56,30.8,27.0,60.3,69.4
2026-05-20 22:59:15,2.56,37.8,27.0,60.3,69.5
2026-05-20 22:59:30,2.55,34.9,26.9,60.4,69.4
2026-05-20 22:59:45,2.56,25.3,26.8,60.3,69.4
2026-05-20 23:00:00,2.56,32.4,27.0,60.3,69.4
2026-05-20 23:00:15,2.56,33.5,26.8,60.4,69.4
2026-05-20 23:00:30,2.56,34.8,26.7,60.5,69.4
2026-05-20 23:00:45,2.56,35.2,26.4,60.5,69.4
2026-05-20 23:01:00,2.55,35.3,26.4,60.5,69.4
2026-05-20 23:01:15,2.55,36.2,26.5,60.5,69.5
2026-05-20 23:01:30,2.56,33.6,26.5,60.5,69.4
2026-05-20 23:01:45,2.56,38.1,26.7,60.5,69.5
2026-05-20 23:02:00,2.56,33.3,26.8,60.5,69.4
2026-05-20 23:02:15,2.56,32.1,26.8,60.4,69.5
2026-05-20 23:02:30,2.55,26.3,26.8,60.4,69.5
2026-05-20 23:02:45,2.57,33.3,27.0,60.4,69.5
2026-05-20 23:03:00,2.57,33.2,27.0,60.4,69.5
2026-05-20 23:03:15,2.57,36.7,27.0,60.4,69.5
2026-05-20 23:03:30,2.57,31.4,27.0,60.4,69.5
2026-05-20 23:03:45,2.57,40.1,27.1,60.4,69.5
2026-05-20 23:04:00,2.57,36.5,27.0,60.4,69.5
2026-05-20 23:04:15,2.57,34.2,27.2,60.4,69.5
2026-05-20 23:04:30,2.55,33.5,26.9,60.5,69.6
2026-05-20 23:04:45,2.56,35.7,26.9,60.5,69.5
2026-05-20 23:05:00,2.53,27.5,26.8,60.5,69.6
2026-05-20 23:05:15,2.55,35.3,26.9,60.5,69.5
2026-05-20 23:05:30,2.54,32.0,26.9,60.4,69.5
2026-05-20 23:05:45,2.56,30.3,27.0,60.4,69.5
2026-05-20 23:06:00,2.54,32.3,26.9,60.4,69.5
2026-05-20 23:06:15,2.53,35.0,27.0,60.4,69.4
2026-05-20 23:06:30,2.55,36.5,27.0,60.4,69.5
2026-05-20 23:06:45,2.54,35.5,26.9,60.4,69.4
2026-05-20 23:07:00,2.56,37.7,26.9,60.4,69.5
2026-05-20 23:07:15,2.55,32.0,26.7,60.4,69.4
2026-05-20 23:07:30,2.57,33.8,26.8,60.4,69.4
2026-05-20 23:07:45,2.56,32.6,26.7,60.4,69.4
2026-05-20 23:08:00,2.56,35.6,26.8,60.4,69.4
2026-05-20 23:08:15,2.55,32.9,26.8,60.4,69.4
2026-05-20 23:08:30,2.56,33.9,26.8,60.4,69.5
2026-05-20 23:08:45,2.56,36.4,26.7,60.4,69.5
2026-05-20 23:09:00,2.54,30.1,26.6,60.4,69.5
2026-05-20 23:09:15,2.56,31.9,26.5,60.4,69.4
2026-05-20 23:09:30,2.54,28.2,26.6,60.5,69.5
2026-05-20 23:09:45,2.55,36.0,26.6,60.4,69.4
2026-05-20 23:10:00,2.56,39.2,26.6,60.4,69.4
2026-05-20 23:10:15,2.56,27.4,26.7,60.4,69.4
2026-05-20 23:10:30,2.53,38.1,26.7,60.4,69.4
2026-05-20 23:10:45,2.56,29.5,26.7,60.4,69.4
2026-05-20 23:11:00,2.55,34.2,26.8,60.4,69.5
2026-05-20 23:11:15,2.55,30.7,26.7,60.4,69.5
2026-05-20 23:11:30,2.55,33.6,26.8,60.4,69.5
2026-05-20 23:11:45,2.54,32.7,26.9,60.3,69.5
2026-05-20 23:12:00,2.56,29.4,27.1,60.3,69.5
2026-05-20 23:12:15,2.54,33.0,27.4,60.2,69.5
2026-05-20 23:12:30,2.55,32.7,27.5,60.2,69.5
2026-05-20 23:12:45,2.55,32.8,27.6,60.1,69.4
2026-05-20 23:13:00,2.57,34.1,27.4,60.2,69.5
2026-05-20 23:13:15,2.55,30.6,27.3,60.3,69.4
2026-05-20 23:13:30,2.55,35.6,27.1,60.3,69.5
2026-05-20 23:13:45,2.58,40.2,27.1,60.3,69.4
2026-05-20 23:14:00,2.56,32.8,26.9,60.3,69.4
2026-05-20 23:14:15,2.56,34.9,26.9,60.3,69.4
2026-05-20 23:14:30,2.55,25.1,26.8,60.3,69.4
2026-05-20 23:14:45,2.56,40.2,26.8,60.3,69.3
2026-05-20 23:15:00,2.56,33.5,26.6,60.4,69.4
2026-05-20 23:15:15,2.56,33.7,26.3,60.5,69.3
2026-05-20 23:15:30,2.55,32.5,26.3,60.5,69.4
2026-05-20 23:15:45,2.56,36.9,26.2,60.5,69.4
2026-05-20 23:16:00,2.56,29.5,26.4,60.5,69.3
2026-05-20 23:16:15,2.56,40.3,26.6,60.5,69.4
2026-05-20 23:16:30,2.56,34.2,26.7,60.4,69.3
2026-05-20 23:16:45,2.56,33.2,26.8,60.4,69.4
2026-05-20 23:17:00,2.57,39.4,26.9,60.4,69.4
2026-05-20 23:17:15,2.55,39.8,26.8,60.4,69.4
2026-05-20 23:17:30,2.57,30.0,26.9,60.4,69.4
2026-05-20 23:17:45,2.57,33.4,26.8,60.4,69.5
2026-05-20 23:18:00,2.58,35.2,26.8,60.4,69.4
2026-05-20 23:18:15,2.57,38.4,26.7,60.5,69.5
2026-05-20 23:18:30,2.55,31.7,26.6,60.5,69.4
2026-05-20 23:18:45,2.56,37.3,26.7,60.5,69.5
2026-05-20 23:19:00,2.55,26.1,26.7,60.4,69.4
2026-05-20 23:19:15,2.57,31.9,26.7,60.4,69.5
2026-05-20 23:19:30,2.56,40.9,26.8,60.4,69.4
2026-05-20 23:19:45,2.57,35.7,26.7,60.4,69.4
2026-05-20 23:20:00,2.53,35.4,26.5,60.4,69.4
2026-05-20 23:20:15,2.54,32.7,26.6,60.4,69.4
2026-05-20 23:20:30,2.55,35.1,26.8,60.3,69.5
2026-05-20 23:20:45,2.54,33.4,27.1,60.3,69.4
2026-05-20 23:21:00,2.56,31.3,27.2,60.2,69.5
2026-05-20 23:21:15,2.55,33.6,27.3,60.3,69.5
2026-05-20 23:21:30,2.56,31.5,27.3,60.2,69.5
2026-05-20 23:21:45,2.54,33.4,27.3,60.3,69.4
2026-05-20 23:22:00,2.56,29.9,27.2,60.3,69.5
2026-05-20 23:22:15,2.55,36.3,27.2,60.3,69.5
2026-05-20 23:22:30,2.55,34.7,27.1,60.4,69.5
2026-05-20 23:22:45,2.56,30.5,27.0,60.4,69.5
2026-05-20 23:23:00,2.56,30.7,26.9,60.4,69.5
2026-05-20 23:23:15,2.55,36.9,26.7,60.4,69.4
2026-05-20 23:23:30,2.56,42.0,26.8,60.4,69.4
2026-05-20 23:23:45,2.56,33.6,26.7,60.4,69.4
2026-05-20 23:24:00,2.57,34.6,26.9,60.4,69.4
2026-05-20 23:24:15,2.56,36.7,26.8,60.3,69.4
2026-05-20 23:24:30,2.54,33.9,26.8,60.3,69.5
2026-05-20 23:24:45,2.56,34.2,26.8,60.4,69.5
2026-05-20 23:25:00,2.55,34.2,26.6,60.4,69.4
2026-05-20 23:25:15,2.54,33.3,26.4,60.5,69.4
2026-05-20 23:25:30,2.54,27.6,26.3,60.5,69.4
2026-05-20 23:25:45,2.55,28.6,26.3,60.5,69.4
2026-05-20 23:26:00,2.56,37.0,26.5,60.4,69.4
2026-05-20 23:26:15,2.55,45.2,26.6,60.4,69.4
2026-05-20 23:26:30,2.54,40.7,26.7,60.4,69.4
2026-05-20 23:26:45,2.54,41.4,26.6,60.4,69.4
2026-05-20 23:27:00,2.56,32.5,26.8,60.4,69.5
2026-05-20 23:27:15,2.54,38.3,26.7,60.4,69.4
2026-05-20 23:27:30,2.54,33.0,26.8,60.4,69.5
2026-05-20 23:27:45,2.56,34.4,27.1,60.4,69.4
2026-05-20 23:28:00,2.55,34.9,27.0,60.4,69.5
2026-05-20 23:28:15,2.53,35.9,27.1,60.3,69.5
2026-05-20 23:28:30,2.55,35.0,27.3,60.2,69.5
2026-05-20 23:28:45,2.56,34.8,27.5,60.2,69.5
2026-05-20 23:29:00,2.54,30.2,27.4,60.2,69.5
2026-05-20 23:29:15,2.55,33.0,27.4,60.2,69.4
2026-05-20 23:29:30,2.54,32.0,27.2,60.2,69.4
2026-05-20 23:29:45,2.54,35.0,27.1,60.3,69.5
2026-05-20 23:30:00,2.53,32.0,26.9,60.3,69.5
2026-05-20 23:30:15,2.56,35.4,26.9,60.3,69.4
2026-05-20 23:30:30,2.55,33.5,26.7,60.4,69.4
2026-05-20 23:30:45,2.55,37.5,26.6,60.4,69.4
2026-05-20 23:31:00,2.56,33.7,26.5,60.4,69.4
2026-05-20 23:31:15,2.55,36.7,26.6,60.4,69.3
2026-05-20 23:31:30,2.55,33.8,26.6,60.3,69.3
2026-05-20 23:31:45,2.89,18.5,29.0,60.3,69.3
2026-05-20 23:32:00,3.30,0.241,34.6,60.3,69.3
2026-05-20 23:32:15,3.25,0.222,33.6,60.4,69.3
2026-05-20 23:32:30,3.24,0.224,33.3,60.4,69.2
2026-05-20 23:32:45,3.25,0.227,32.5,60.3,68.9
2026-05-20 23:33:00,3.24,0.226,31.5,60.3,68.6
2026-05-20 23:33:15,3.24,0.226,30.0,60.3,68.2
2026-05-20 23:33:30,3.24,0.224,28.1,60.2,67.7
2026-05-20 23:33:45,3.24,0.220,26.1,60.2,67.1
2026-05-20 23:34:00,3.25,0.218,24.0,60.2,66.5
2026-05-20 23:34:15,3.24,0.221,21.9,60.2,66.0
2026-05-20 23:34:30,3.25,0.221,20.2,60.2,65.5
2026-05-20 23:34:45,3.25,0.223,19.4,59.9,65.0
2026-05-20 23:35:00,3.25,0.226,19.7,59.3,64.6
2026-05-20 23:35:15,3.25,0.225,20.9,58.5,64.1
2026-05-20 23:35:30,2.84,0.168,21.5,57.7,63.7
2026-05-20 23:35:45,0,0,1.08,57.0,63.4
2026-05-20 23:36:00,0,0,0.000438,56.3,63.1
2026-05-20 23:36:15,0,0,3.6e-7,55.8,62.8
2026-05-20 23:36:30,0,0,1.45e-10,55.3,62.6
2026-05-20 23:36:45,0,0,1.19e-13,54.9,62.5
2026-05-20 23:37:00,0,0,4.72e-17,54.4,62.3
2026-05-20 23:37:15,0,0,4.05e-20,53.2,62.1
2026-05-20 23:37:30,0,0,1.8e-23,51.5,61.9
2026-05-20 23:37:45,0,0,1.6700000000000002e-26,49.6,61.7
2026-05-20 23:38:00,0,0,7.489999999999999e-30,47.7,61.6
2026-05-20 23:38:15,0,0,6.67e-33,46.0,61.5
2026-05-20 23:38:30,0,0,2.78e-36,44.7,61.3
2026-05-20 23:38:45,0,0,2.37e-39,43.7,61.2
2026-05-20 23:39:00,0,0,9.360000000000001e-43,42.9,61.1
2026-05-20 23:39:15,0,0,7.819999999999999e-46,42.3,61.0
2026-05-20 23:39:30,0,0,3.08e-49,41.6,60.9
2026-05-20 23:39:45,0,0,2.5299999999999997e-52,41.0,60.8
2026-05-20 23:40:00,0,0,9.630000000000001e-56,40.4,60.8
2026-05-20 23:40:15,0,0,8.090000000000001e-59,39.7,60.6
2026-05-20 23:40:30,0,0,3.17e-62,38.9,60.5
2026-05-20 23:40:45,0,0,2.63e-65,38.1,60.5
2026-05-20 23:41:00,0,0,1.0399999999999999e-68,37.4,60.4
2026-05-20 23:41:15,0,0,8.27e-72,36.7,60.3
2026-05-20 23:41:30,0,0,3.21e-75,36.2,60.2
2026-05-20 23:41:45,0,0,2.61e-78,35.8,60.1
2026-05-20 23:42:00,0,0,1.0299999999999999e-81,35.5,60.0
2026-05-20 23:42:15,0,0,8.230000000000001e-85,35.4,59.9
2026-05-20 23:42:30,0,0,3.1000000000000003e-88,35.4,59.9
2026-05-20 23:42:45,0,0,2.5099999999999997e-91,35.3,59.8
2026-05-20 23:43:00,0,0,9.379999999999999e-95,35.3,59.7
2026-05-20 23:43:15,0,0,7.47e-98,35.2,59.7
2026-05-20 23:43:30,0,0,2.91e-101,35.3,59.6
2026-05-20 23:43:45,0,0,2.33e-104,35.3,59.5
2026-05-20 23:44:00,0,0,8.48e-108,35.5,59.5
2026-05-20 23:44:15,0,0,6.72e-111,35.7,59.4
2026-05-20 23:44:30,0,0,2.54e-114,35.8,59.4
2026-05-20 23:44:45,0,0,2.07e-117,36.1,59.3
2026-05-20 23:45:00,0,0,7.54e-121,36.3,59.2
2026-05-20 23:45:15,0,0,5.98e-124,36.5,59.2
2026-05-20 23:45:30,0,0,2.25e-127,36.6,59.1
2026-05-20 23:45:45,0,0,1.79e-130,36.7,59.1
2026-05-20 23:46:00,0,0,6.79e-134,36.7,59.0
2026-05-20 23:46:15,0,0,5.4e-137,36.7,58.9
2026-05-20 23:46:30,0,0,2.06e-140,36.7,58.9
2026-05-20 23:46:45,0,0,1.64e-143,36.7,58.8
2026-05-20 23:47:00,0,0,6.29e-147,36.6,58.8
2026-05-20 23:47:15,0,0,5.009999999999999e-150,36.5,58.7
2026-05-20 23:47:30,0,0,1.92e-153,36.4,58.7
2026-05-20 23:47:45,0,0,1.5300000000000002e-156,36.4,58.6
2026-05-20 23:48:00,0,0,5.85e-160,36.4,58.6
2026-05-20 23:48:15,0,0,4.6600000000000003e-163,36.3,58.5
2026-05-20 23:48:30,0,0,1.79e-166,36.2,58.5
2026-05-20 23:48:45,0,0,1.4300000000000002e-169,36.1,58.4
2026-05-20 23:49:00,0,0,5.48e-173,35.9,58.4
2026-05-20 23:49:15,0,0,4.39e-176,35.8,58.3
2026-05-20 23:49:30,0,0,1.6900000000000002e-179,35.6,58.2
2026-05-20 23:49:45,0,0,1.35e-182,35.4,58.2
2026-05-20 23:50:00,0,0,5.2099999999999996e-186,35.2,58.2
2026-05-20 23:50:15,0,0,4.17e-189,35.0,58.1
2026-05-20 23:50:30,0,0,1.61e-192,34.7,58.0
2026-05-20 23:50:45,0,0,1.3e-195,34.4,58.0
2026-05-20 23:51:00,0,0,5e-199,34.2,57.9
2026-05-20 23:51:15,0,0,4.03e-202,33.9,57.9
2026-05-20 23:51:30,0,0,1.56e-205,33.6,57.8
2026-05-20 23:51:45,0,0,1.2500000000000001e-208,33.2,57.7
2026-05-20 23:52:00,0,0,4.8e-212,32.9,57.7
2026-05-20 23:52:15,0,0,3.9e-215,32.6,57.7
2026-05-20 23:52:30,0,0,1.51e-218,32.3,57.6
2026-05-20 23:52:45,0,0,1.21e-221,32.1,57.5
2026-05-20 23:53:00,0,0,4.6899999999999993e-225,31.8,57.5
2026-05-20 23:53:15,0,0,3.7199999999999995e-228,31.6,57.4
2026-05-20 23:53:30,0,0,1.44e-231,31.4,57.4
2026-05-20 23:53:45,0,0,1.1599999999999999e-234,31.2,57.3
2026-05-20 23:54:00,0,0,4.33e-238,31.0,57.2
2026-05-20 23:54:15,0,0,3.57e-241,30.8,57.2
2026-05-20 23:54:30,0,0,1.37e-244,30.7,57.2
2026-05-20 23:54:45,0,0,1.09e-247,30.7,57.1
2026-05-20 23:55:00,0,0,4.130000000000001e-251,30.6,57.1
2026-05-20 23:55:15,0,0,3.35e-254,30.5,57.1
2026-05-20 23:55:30,0,0,1.2400000000000002e-257,30.5,57.0
2026-05-20 23:55:45,0,0,9.87e-261,30.5,57.0
2026-05-20 23:56:00,0,0,3.82e-264,30.5,56.9
2026-05-20 23:56:15,0,0,3.06e-267,30.5,56.9
2026-05-20 23:56:30,0,0,1.1399999999999999e-270,30.6,56.9
2026-05-20 23:56:45,0,0,9.1e-274,30.6,56.8
2026-05-20 23:57:00,0,0,3.4599999999999997e-277,30.6,56.8
2026-05-20 23:57:15,0,0,2.75e-280,30.6,56.7
2026-05-20 23:57:30,0,0,1.04e-283,30.7,56.7
2026-05-20 23:57:45,0,0,8.359999999999999e-287,30.6,56.7
2026-05-20 23:58:00,0,0,3.19e-290,30.6,56.6
2026-05-20 23:58:15,0,0,2.51e-293,30.6,56.6
2026-05-20 23:58:30,0,0,9.58e-297,30.6,56.5
2026-05-20 23:58:45,0,0,7.72e-300,30.6,56.5
2026-05-20 23:59:00,0,0,2.92e-303,30.5,56.4
2026-05-20 23:59:15,0,0,2.33e-306,30.4,56.4
2026-05-20 23:59:30,0,0,NaN.nfinity,30.3,56.3
2026-05-20 23:59:45,0,0,NaN.nfinity,30.2,56.3
2026-05-20 23:59:59,0,0,NaN.nfinity,30.2,56.3